cell_id,barcode,sample_id,donor,condition,batch,n_genes_by_counts,total_counts,total_counts_mt,pct_counts_mt,fail_low_genes,fail_high_genes,fail_mt,pass_basic_qc,doublet_score,predicted_doublet,doublet_tested,retained,decision
AAACATACAACCAC-1::pbmc3k,AAACATACAACCAC-1,pbmc3k,donor1,healthy,batch1,781,2421.0,73.0,3.0152829,False,False,False,True,0.06269270298047275,False,True,True,retained
AAACATTGAGCTAC-1::pbmc3k,AAACATTGAGCTAC-1,pbmc3k,donor1,healthy,batch1,1352,4903.0,186.0,3.7935958,False,False,False,True,0.06269270298047275,False,True,True,retained
AAACATTGATCAGC-1::pbmc3k,AAACATTGATCAGC-1,pbmc3k,donor1,healthy,batch1,1131,3149.0,28.0,0.8891712,False,False,False,True,0.05529522024367387,False,True,True,retained
AAACCGTGCTTCCG-1::pbmc3k,AAACCGTGCTTCCG-1,pbmc3k,donor1,healthy,batch1,960,2639.0,46.0,1.7430845,False,False,False,True,0.037249283667621785,False,True,True,retained
AAACCGTGTATGCG-1::pbmc3k,AAACCGTGTATGCG-1,pbmc3k,donor1,healthy,batch1,522,981.0,12.0,1.2232417,False,False,False,True,0.04635761589403972,False,True,True,retained
AAACGCACTGGTAC-1::pbmc3k,AAACGCACTGGTAC-1,pbmc3k,donor1,healthy,batch1,782,2164.0,36.0,1.6635859,False,False,False,True,0.03355704697986577,False,True,True,retained
AAACGCTGACCAGT-1::pbmc3k,AAACGCTGACCAGT-1,pbmc3k,donor1,healthy,batch1,783,2176.0,83.0,3.8143382,False,False,False,True,0.03534303534303534,False,True,True,retained
AAACGCTGGTTCTT-1::pbmc3k,AAACGCTGGTTCTT-1,pbmc3k,donor1,healthy,batch1,790,2260.0,70.0,3.097345,False,False,False,True,0.02483069977426637,False,True,True,retained
AAACGCTGTAGCCA-1::pbmc3k,AAACGCTGTAGCCA-1,pbmc3k,donor1,healthy,batch1,533,1276.0,15.0,1.1755486,False,False,False,True,0.03355704697986577,False,True,True,retained
AAACGCTGTTTCTG-1::pbmc3k,AAACGCTGTTTCTG-1,pbmc3k,donor1,healthy,batch1,550,1103.0,32.0,2.9011786,False,False,False,True,0.02363936228697086,False,True,True,retained
AAACTTGAAAAACG-1::pbmc3k,AAACTTGAAAAACG-1,pbmc3k,donor1,healthy,batch1,1116,3918.0,103.0,2.6288922,False,False,False,True,0.03355704697986577,False,True,True,retained
AAACTTGATCCAGA-1::pbmc3k,AAACTTGATCCAGA-1,pbmc3k,donor1,healthy,batch1,751,2392.0,26.0,1.0869565,False,False,False,True,0.07167235494880546,False,True,True,retained
AAAGAGACGAGATA-1::pbmc3k,AAAGAGACGAGATA-1,pbmc3k,donor1,healthy,batch1,866,2412.0,26.0,1.0779436,False,False,False,True,0.043824701195219126,False,True,True,retained
AAAGAGACGCGAGA-1::pbmc3k,AAAGAGACGCGAGA-1,pbmc3k,donor1,healthy,batch1,1059,3034.0,43.0,1.4172709,False,False,False,True,0.02608695652173913,False,True,True,retained
AAAGAGACGGACTT-1::pbmc3k,AAAGAGACGGACTT-1,pbmc3k,donor1,healthy,batch1,458,1152.0,27.0,2.34375,False,False,False,True,0.02483069977426637,False,True,True,retained
AAAGAGACGGCATT-1::pbmc3k,AAAGAGACGGCATT-1,pbmc3k,donor1,healthy,batch1,335,792.0,19.0,2.39899,False,False,False,True,0.028816676885346417,False,True,True,retained
AAAGATCTGGGCAA-1::pbmc3k,AAAGATCTGGGCAA-1,pbmc3k,donor1,healthy,batch1,552,1348.0,80.0,5.934718,False,False,True,False,,False,False,False,high_mito
AAAGCAGAAGCCAT-1::pbmc3k,AAAGCAGAAGCCAT-1,pbmc3k,donor1,healthy,batch1,567,1158.0,59.0,5.094991,False,False,True,False,,False,False,False,high_mito
AAAGCAGATATCGG-1::pbmc3k,AAAGCAGATATCGG-1,pbmc3k,donor1,healthy,batch1,1424,4586.0,64.0,1.3955517,False,False,False,True,0.030303030303030304,False,True,True,retained
AAAGCCTGTATGCG-1::pbmc3k,AAAGCCTGTATGCG-1,pbmc3k,donor1,healthy,batch1,1014,2929.0,50.0,1.7070674,False,False,False,True,0.05206463195691203,False,True,True,retained
AAAGGCCTGTCTAG-1::pbmc3k,AAAGGCCTGTCTAG-1,pbmc3k,donor1,healthy,batch1,1446,4974.0,76.0,1.5279453,False,False,False,True,0.07692307692307694,False,True,True,retained
AAAGTTTGATCACG-1::pbmc3k,AAAGTTTGATCACG-1,pbmc3k,donor1,healthy,batch1,446,1270.0,44.0,3.464567,False,False,False,True,0.14115308151093434,False,True,True,retained
AAAGTTTGGGGTGA-1::pbmc3k,AAAGTTTGGGGTGA-1,pbmc3k,donor1,healthy,batch1,1020,3286.0,85.0,2.5867314,False,False,False,True,0.02608695652173913,False,True,True,retained
AAAGTTTGTAGAGA-1::pbmc3k,AAAGTTTGTAGAGA-1,pbmc3k,donor1,healthy,batch1,417,1102.0,17.0,1.5426497,False,False,False,True,0.02363936228697086,False,True,True,retained
AAAGTTTGTAGCGT-1::pbmc3k,AAAGTTTGTAGCGT-1,pbmc3k,donor1,healthy,batch1,878,2684.0,67.0,2.4962742,False,False,False,True,0.010501750291715288,False,True,True,retained
AAATCAACAATGCC-1::pbmc3k,AAATCAACAATGCC-1,pbmc3k,donor1,healthy,batch1,789,2321.0,27.0,1.1632917,False,False,False,True,0.04635761589403972,False,True,True,retained
AAATCAACACCAGT-1::pbmc3k,AAATCAACACCAGT-1,pbmc3k,donor1,healthy,batch1,510,1414.0,28.0,1.980198,False,False,False,True,0.020408163265306124,False,True,True,retained
AAATCAACCAGGAG-1::pbmc3k,AAATCAACCAGGAG-1,pbmc3k,donor1,healthy,batch1,824,2801.0,63.0,2.2491968,False,False,False,True,0.03355704697986577,False,True,True,retained
AAATCAACCCTATT-1::pbmc3k,AAATCAACCCTATT-1,pbmc3k,donor1,healthy,batch1,1545,5680.0,138.0,2.4295776,False,False,False,True,0.1155778894472362,False,True,True,retained
AAATCAACGGAAGC-1::pbmc3k,AAATCAACGGAAGC-1,pbmc3k,donor1,healthy,batch1,996,3473.0,61.0,1.7564065,False,False,False,True,0.01850048685491723,False,True,True,retained
AAATCAACTCGCAA-1::pbmc3k,AAATCAACTCGCAA-1,pbmc3k,donor1,healthy,batch1,937,2812.0,52.0,1.8492177,False,False,False,True,0.020408163265306124,False,True,True,retained
AAATCATGACCACA-1::pbmc3k,AAATCATGACCACA-1,pbmc3k,donor1,healthy,batch1,1368,4128.0,189.0,4.5784883,False,False,False,True,0.05529522024367387,False,True,True,retained
AAATCCCTCCACAA-1::pbmc3k,AAATCCCTCCACAA-1,pbmc3k,donor1,healthy,batch1,428,956.0,19.0,1.9874477,False,False,False,True,0.06269270298047275,False,True,True,retained
AAATCCCTGCTATG-1::pbmc3k,AAATCCCTGCTATG-1,pbmc3k,donor1,healthy,batch1,406,822.0,14.0,1.703163,False,False,False,True,0.01109350237717908,False,True,True,retained
AAATGTTGAACGAA-1::pbmc3k,AAATGTTGAACGAA-1,pbmc3k,donor1,healthy,batch1,1020,3211.0,62.0,1.9308627,False,False,False,True,0.022508038585209007,False,True,True,retained
AAATGTTGCCACAA-1::pbmc3k,AAATGTTGCCACAA-1,pbmc3k,donor1,healthy,batch1,786,1761.0,11.0,0.62464505,False,False,False,True,0.022508038585209007,False,True,True,retained
AAATGTTGTGGCAT-1::pbmc3k,AAATGTTGTGGCAT-1,pbmc3k,donor1,healthy,batch1,1019,2763.0,53.0,1.9182049,False,False,False,True,0.02608695652173913,False,True,True,retained
AAATTCGAAGGTTC-1::pbmc3k,AAATTCGAAGGTTC-1,pbmc3k,donor1,healthy,batch1,750,2741.0,61.0,2.225465,False,False,False,True,0.037249283667621785,False,True,True,retained
AAATTCGAATCACG-1::pbmc3k,AAATTCGAATCACG-1,pbmc3k,donor1,healthy,batch1,822,2567.0,51.0,1.986755,False,False,False,True,0.007840342124019958,False,True,True,retained
AAATTCGAGCTGAT-1::pbmc3k,AAATTCGAGCTGAT-1,pbmc3k,donor1,healthy,batch1,982,2971.0,65.0,2.1878154,False,False,False,True,0.017610661589719183,False,True,True,retained
AAATTCGAGGAGTG-1::pbmc3k,AAATTCGAGGAGTG-1,pbmc3k,donor1,healthy,batch1,876,2981.0,74.0,2.4823885,False,False,False,True,0.05529522024367387,False,True,True,retained
AAATTCGATTCTCA-1::pbmc3k,AAATTCGATTCTCA-1,pbmc3k,donor1,healthy,batch1,930,2643.0,38.0,1.4377601,False,False,False,True,0.02608695652173913,False,True,True,retained
AAATTGACACGACT-1::pbmc3k,AAATTGACACGACT-1,pbmc3k,donor1,healthy,batch1,838,2359.0,50.0,2.1195421,False,False,False,True,0.12727272727272732,False,True,True,retained
AAATTGACTCGCTC-1::pbmc3k,AAATTGACTCGCTC-1,pbmc3k,donor1,healthy,batch1,1014,3412.0,51.0,1.4947245,False,False,False,True,0.06695464362850971,False,True,True,retained
AACAAACTCATTTC-1::pbmc3k,AACAAACTCATTTC-1,pbmc3k,donor1,healthy,batch1,732,2179.0,31.0,1.422671,False,False,False,True,0.041474654377880185,False,True,True,retained
AACAAACTTTCGTT-1::pbmc3k,AACAAACTTTCGTT-1,pbmc3k,donor1,healthy,batch1,877,2688.0,46.0,1.7113096,False,False,False,True,0.017610661589719183,False,True,True,retained
AACAATACGACGAG-1::pbmc3k,AACAATACGACGAG-1,pbmc3k,donor1,healthy,batch1,782,2104.0,63.0,2.9942966,False,False,False,True,0.02363936228697086,False,True,True,retained
AACACGTGCAGAGG-1::pbmc3k,AACACGTGCAGAGG-1,pbmc3k,donor1,healthy,batch1,787,1801.0,16.0,0.8883953,False,False,False,True,0.041474654377880185,False,True,True,retained
AACACGTGGAAAGT-1::pbmc3k,AACACGTGGAAAGT-1,pbmc3k,donor1,healthy,batch1,791,2632.0,27.0,1.0258359,False,False,False,True,0.037249283667621785,False,True,True,retained
AACACGTGGAACCT-1::pbmc3k,AACACGTGGAACCT-1,pbmc3k,donor1,healthy,batch1,880,2280.0,51.0,2.2368422,False,False,False,True,0.013008812421317668,False,True,True,retained
AACACGTGGCTACA-1::pbmc3k,AACACGTGGCTACA-1,pbmc3k,donor1,healthy,batch1,801,2653.0,64.0,2.4123633,False,False,False,True,0.058823529411764705,False,True,True,retained
AACACGTGTACGAC-1::pbmc3k,AACACGTGTACGAC-1,pbmc3k,donor1,healthy,batch1,1215,3571.0,98.0,2.7443295,False,False,False,True,0.013698630136986302,False,True,True,retained
AACAGCACAAGAGT-1::pbmc3k,AACAGCACAAGAGT-1,pbmc3k,donor1,healthy,batch1,343,689.0,17.0,2.467344,False,False,False,True,0.04635761589403972,False,True,True,retained
AACATTGATGGGAG-1::pbmc3k,AACATTGATGGGAG-1,pbmc3k,donor1,healthy,batch1,1460,4713.0,149.0,3.1614683,False,False,False,True,0.03928836174944403,False,True,True,retained
AACCAGTGATACCG-1::pbmc3k,AACCAGTGATACCG-1,pbmc3k,donor1,healthy,batch1,1250,3841.0,107.0,2.785733,False,False,False,True,0.02363936228697086,False,True,True,retained
AACCCAGATCGCTC-1::pbmc3k,AACCCAGATCGCTC-1,pbmc3k,donor1,healthy,batch1,756,2343.0,26.0,1.1096884,False,False,False,True,0.03355704697986577,False,True,True,retained
AACCGATGCTCCCA-1::pbmc3k,AACCGATGCTCCCA-1,pbmc3k,donor1,healthy,batch1,836,2295.0,84.0,3.660131,False,False,False,True,0.05529522024367387,False,True,True,retained
AACCGATGGTCATG-1::pbmc3k,AACCGATGGTCATG-1,pbmc3k,donor1,healthy,batch1,824,2633.0,55.0,2.088872,False,False,False,True,0.007840342124019958,False,True,True,retained
AACCGATGTTCTAC-1::pbmc3k,AACCGATGTTCTAC-1,pbmc3k,donor1,healthy,batch1,827,2296.0,59.0,2.5696864,False,False,False,True,0.019431988041853514,False,True,True,retained
AACCGCCTAGCGTT-1::pbmc3k,AACCGCCTAGCGTT-1,pbmc3k,donor1,healthy,batch1,1238,3391.0,56.0,1.6514304,False,False,False,True,0.08280254777070062,False,True,True,retained
AACCGCCTCTACGA-1::pbmc3k,AACCGCCTCTACGA-1,pbmc3k,donor1,healthy,batch1,1243,3998.0,139.0,3.4767382,False,False,False,True,0.021432305279665442,False,True,True,retained
AACCTACTGTGAGG-1::pbmc3k,AACCTACTGTGAGG-1,pbmc3k,donor1,healthy,batch1,1652,5687.0,90.0,1.5825567,False,False,False,True,0.03534303534303534,False,True,True,retained
AACCTACTGTGTTG-1::pbmc3k,AACCTACTGTGTTG-1,pbmc3k,donor1,healthy,batch1,843,2675.0,71.0,2.6542056,False,False,False,True,0.06269270298047275,False,True,True,retained
AACCTTACGAGACG-1::pbmc3k,AACCTTACGAGACG-1,pbmc3k,donor1,healthy,batch1,825,2771.0,70.0,2.5261638,False,False,False,True,0.013698630136986302,False,True,True,retained
AACCTTACGCGAGA-1::pbmc3k,AACCTTACGCGAGA-1,pbmc3k,donor1,healthy,batch1,656,1248.0,59.0,4.727564,False,False,False,True,0.019431988041853514,False,True,True,retained
AACCTTACTAACGC-1::pbmc3k,AACCTTACTAACGC-1,pbmc3k,donor1,healthy,batch1,776,1947.0,33.0,1.6949153,False,False,False,True,0.015945330296127564,False,True,True,retained
AACCTTTGGACGGA-1::pbmc3k,AACCTTTGGACGGA-1,pbmc3k,donor1,healthy,batch1,766,2078.0,27.0,1.2993263,False,False,False,True,0.041474654377880185,False,True,True,retained
AACCTTTGTACGCA-1::pbmc3k,AACCTTTGTACGCA-1,pbmc3k,donor1,healthy,batch1,1465,4621.0,91.0,1.9692708,False,False,False,True,0.013698630136986302,False,True,True,retained
AACGCAACAAGTAG-1::pbmc3k,AACGCAACAAGTAG-1,pbmc3k,donor1,healthy,batch1,790,2049.0,31.0,1.5129331,False,False,False,True,0.04909560723514212,False,True,True,retained
AACGCATGACCCAA-1::pbmc3k,AACGCATGACCCAA-1,pbmc3k,donor1,healthy,batch1,871,2778.0,61.0,2.1958244,False,False,False,True,0.041474654377880185,False,True,True,retained
AACGCATGCCTTCG-1::pbmc3k,AACGCATGCCTTCG-1,pbmc3k,donor1,healthy,batch1,803,2866.0,77.0,2.6866713,False,False,False,True,0.08280254777070062,False,True,True,retained
AACGCATGTACTTC-1::pbmc3k,AACGCATGTACTTC-1,pbmc3k,donor1,healthy,batch1,965,2915.0,41.0,1.406518,False,False,False,True,0.06269270298047275,False,True,True,retained
AACGCCCTCGGGAA-1::pbmc3k,AACGCCCTCGGGAA-1,pbmc3k,donor1,healthy,batch1,800,2503.0,55.0,2.1973631,False,False,False,True,0.05206463195691203,False,True,True,retained
AACGCCCTCGTACA-1::pbmc3k,AACGCCCTCGTACA-1,pbmc3k,donor1,healthy,batch1,876,1915.0,27.0,1.4099216,False,False,False,True,0.011707710940654016,False,True,True,retained
AACGCCCTGCTTAG-1::pbmc3k,AACGCCCTGCTTAG-1,pbmc3k,donor1,healthy,batch1,420,1074.0,58.0,5.4003725,False,False,True,False,,False,False,False,high_mito
AACGCCCTGGCATT-1::pbmc3k,AACGCCCTGGCATT-1,pbmc3k,donor1,healthy,batch1,690,1442.0,40.0,2.773925,False,False,False,True,0.022508038585209007,False,True,True,retained
AACGTCGAGTATCG-1::pbmc3k,AACGTCGAGTATCG-1,pbmc3k,donor1,healthy,batch1,988,2149.0,43.0,2.0009308,False,False,False,True,0.020408163265306124,False,True,True,retained
AACGTGTGAAAGCA-1::pbmc3k,AACGTGTGAAAGCA-1,pbmc3k,donor1,healthy,batch1,906,2820.0,69.0,2.4468086,False,False,False,True,0.03355704697986577,False,True,True,retained
AACGTGTGGCGGAA-1::pbmc3k,AACGTGTGGCGGAA-1,pbmc3k,donor1,healthy,batch1,741,2071.0,43.0,2.0762916,False,False,False,True,0.07692307692307694,False,True,True,retained
AACGTGTGTCCAAG-1::pbmc3k,AACGTGTGTCCAAG-1,pbmc3k,donor1,healthy,batch1,620,1665.0,41.0,2.4624624,False,False,False,True,0.016759776536312852,False,True,True,retained
AACGTGTGTGCTTT-1::pbmc3k,AACGTGTGTGCTTT-1,pbmc3k,donor1,healthy,batch1,867,1933.0,24.0,1.2415934,False,False,False,True,0.05206463195691203,False,True,True,retained
AACTACCTTAGAGA-1::pbmc3k,AACTACCTTAGAGA-1,pbmc3k,donor1,healthy,batch1,916,2876.0,43.0,1.4951321,False,False,False,True,0.01850048685491723,False,True,True,retained
AACTCACTCAAGCT-1::pbmc3k,AACTCACTCAAGCT-1,pbmc3k,donor1,healthy,batch1,969,2607.0,82.0,3.1453776,False,False,False,True,0.041474654377880185,False,True,True,retained
AACTCACTTGGAGG-1::pbmc3k,AACTCACTTGGAGG-1,pbmc3k,donor1,healthy,batch1,803,2124.0,32.0,1.5065913,False,False,False,True,0.021432305279665442,False,True,True,retained
AACTCGGAAAGTGA-1::pbmc3k,AACTCGGAAAGTGA-1,pbmc3k,donor1,healthy,batch1,732,1840.0,67.0,3.6413045,False,False,False,True,0.05529522024367387,False,True,True,retained
AACTCGGAAGGTCT-1::pbmc3k,AACTCGGAAGGTCT-1,pbmc3k,donor1,healthy,batch1,555,1290.0,31.0,2.4031007,False,False,False,True,0.020408163265306124,False,True,True,retained
AACTCTTGCAGGAG-1::pbmc3k,AACTCTTGCAGGAG-1,pbmc3k,donor1,healthy,batch1,790,2103.0,21.0,0.9985735,False,False,False,True,0.08943089430894309,False,True,True,retained
AACTGTCTCCCTTG-1::pbmc3k,AACTGTCTCCCTTG-1,pbmc3k,donor1,healthy,batch1,862,2331.0,51.0,2.1879022,False,False,False,True,0.01850048685491723,False,True,True,retained
AACTTGCTACGCTA-1::pbmc3k,AACTTGCTACGCTA-1,pbmc3k,donor1,healthy,batch1,900,2336.0,62.0,2.6541095,False,False,False,True,0.23809523809523814,True,True,False,predicted_doublet
AACTTGCTGGGACA-1::pbmc3k,AACTTGCTGGGACA-1,pbmc3k,donor1,healthy,batch1,674,1864.0,41.0,2.199571,False,False,False,True,0.028816676885346417,False,True,True,retained
AAGAACGAGTGTTG-1::pbmc3k,AAGAACGAGTGTTG-1,pbmc3k,donor1,healthy,batch1,397,780.0,11.0,1.4102564,False,False,False,True,0.02483069977426637,False,True,True,retained
AAGAAGACGTAGGG-1::pbmc3k,AAGAAGACGTAGGG-1,pbmc3k,donor1,healthy,batch1,663,1440.0,30.0,2.0833335,False,False,False,True,0.016759776536312852,False,True,True,retained
AAGACAGAAGTCTG-1::pbmc3k,AAGACAGAAGTCTG-1,pbmc3k,donor1,healthy,batch1,563,1125.0,21.0,1.8666666,False,False,False,True,0.017610661589719183,False,True,True,retained
AAGACAGAGGATCT-1::pbmc3k,AAGACAGAGGATCT-1,pbmc3k,donor1,healthy,batch1,786,2315.0,29.0,1.2526999,False,False,False,True,0.06269270298047275,False,True,True,retained
AAGACAGATTACCT-1::pbmc3k,AAGACAGATTACCT-1,pbmc3k,donor1,healthy,batch1,859,2309.0,57.0,2.468601,False,False,False,True,0.02483069977426637,False,True,True,retained
AAGAGATGGGTAGG-1::pbmc3k,AAGAGATGGGTAGG-1,pbmc3k,donor1,healthy,batch1,568,1346.0,28.0,2.0802376,False,False,False,True,0.02483069977426637,False,True,True,retained
AAGATGGAAAACAG-1::pbmc3k,AAGATGGAAAACAG-1,pbmc3k,donor1,healthy,batch1,412,878.0,22.0,2.5056946,False,False,False,True,0.019431988041853514,False,True,True,retained
AAGATGGAGAACTC-1::pbmc3k,AAGATGGAGAACTC-1,pbmc3k,donor1,healthy,batch1,1043,3117.0,53.0,1.7003529,False,False,False,True,0.027413587604290822,False,True,True,retained
AAGATGGAGATAAG-1::pbmc3k,AAGATGGAGATAAG-1,pbmc3k,donor1,healthy,batch1,1206,4023.0,158.0,3.9274175,False,False,False,True,0.043824701195219126,False,True,True,retained
AAGATTACAACCTG-1::pbmc3k,AAGATTACAACCTG-1,pbmc3k,donor1,healthy,batch1,702,2119.0,36.0,1.6989145,False,False,False,True,0.01850048685491723,False,True,True,retained
AAGATTACAGATCC-1::pbmc3k,AAGATTACAGATCC-1,pbmc3k,donor1,healthy,batch1,1263,4065.0,60.0,1.4760147,False,False,False,True,0.01234567901234568,False,True,True,retained
AAGATTACCCGTTC-1::pbmc3k,AAGATTACCCGTTC-1,pbmc3k,donor1,healthy,batch1,929,2763.0,71.0,2.5696707,False,False,False,True,0.02483069977426637,False,True,True,retained
AAGATTACCGCCTT-1::pbmc3k,AAGATTACCGCCTT-1,pbmc3k,donor1,healthy,batch1,1079,3063.0,54.0,1.7629775,False,False,False,True,0.043824701195219126,False,True,True,retained
AAGATTACCTCAAG-1::pbmc3k,AAGATTACCTCAAG-1,pbmc3k,donor1,healthy,batch1,938,2280.0,56.0,2.4561403,False,False,False,True,0.008336353751359188,False,True,True,retained
AAGATTACTCCTCG-1::pbmc3k,AAGATTACTCCTCG-1,pbmc3k,donor1,healthy,batch1,316,642.0,17.0,2.647975,False,False,False,True,0.011707710940654016,False,True,True,retained
AAGCAAGAGCGAGA-1::pbmc3k,AAGCAAGAGCGAGA-1,pbmc3k,donor1,healthy,batch1,900,2480.0,57.0,2.298387,False,False,False,True,0.08280254777070062,False,True,True,retained
AAGCAAGAGCTTAG-1::pbmc3k,AAGCAAGAGCTTAG-1,pbmc3k,donor1,healthy,batch1,919,2171.0,48.0,2.2109628,False,False,False,True,0.03534303534303534,False,True,True,retained
AAGCAAGAGGTGTT-1::pbmc3k,AAGCAAGAGGTGTT-1,pbmc3k,donor1,healthy,batch1,862,1698.0,29.0,1.7078916,False,False,False,True,0.08280254777070062,False,True,True,retained
AAGCACTGAGCAAA-1::pbmc3k,AAGCACTGAGCAAA-1,pbmc3k,donor1,healthy,batch1,903,3239.0,88.0,2.716888,False,False,False,True,0.06695464362850971,False,True,True,retained
AAGCACTGCATACG-1::pbmc3k,AAGCACTGCATACG-1,pbmc3k,donor1,healthy,batch1,390,803.0,1.0,0.124533,False,False,False,True,0.06269270298047275,False,True,True,retained
AAGCACTGGTTCTT-1::pbmc3k,AAGCACTGGTTCTT-1,pbmc3k,donor1,healthy,batch1,1717,6157.0,145.0,2.355043,False,False,False,True,0.04909560723514212,False,True,True,retained
AAGCCAACGTGTTG-1::pbmc3k,AAGCCAACGTGTTG-1,pbmc3k,donor1,healthy,batch1,819,2764.0,40.0,1.447178,False,False,False,True,0.020408163265306124,False,True,True,retained
AAGCCATGAACTGC-1::pbmc3k,AAGCCATGAACTGC-1,pbmc3k,donor1,healthy,batch1,1877,7070.0,99.0,1.4002829,False,False,False,True,0.08280254777070062,False,True,True,retained
AAGCCATGACACGT-1::pbmc3k,AAGCCATGACACGT-1,pbmc3k,donor1,healthy,batch1,660,1538.0,23.0,1.4954486,False,False,False,True,0.017610661589719183,False,True,True,retained
AAGCCATGCGTGAT-1::pbmc3k,AAGCCATGCGTGAT-1,pbmc3k,donor1,healthy,batch1,791,2111.0,23.0,1.089531,False,False,False,True,0.05529522024367387,False,True,True,retained
AAGCCATGTCTCGC-1::pbmc3k,AAGCCATGTCTCGC-1,pbmc3k,donor1,healthy,batch1,478,909.0,32.0,3.5203521,False,False,False,True,0.03355704697986577,False,True,True,retained
AAGCCTGACATGCA-1::pbmc3k,AAGCCTGACATGCA-1,pbmc3k,donor1,healthy,batch1,769,1790.0,32.0,1.7877095,False,False,False,True,0.041474654377880185,False,True,True,retained
AAGCCTGACCGAAT-1::pbmc3k,AAGCCTGACCGAAT-1,pbmc3k,donor1,healthy,batch1,481,1048.0,21.0,2.0038166,False,False,False,True,0.07167235494880546,False,True,True,retained
AAGCGACTCCTCAC-1::pbmc3k,AAGCGACTCCTCAC-1,pbmc3k,donor1,healthy,batch1,819,2103.0,36.0,1.7118402,False,False,False,True,0.027413587604290822,False,True,True,retained
AAGCGACTGTGTCA-1::pbmc3k,AAGCGACTGTGTCA-1,pbmc3k,donor1,healthy,batch1,866,3131.0,50.0,1.596934,False,False,False,True,0.03355704697986577,False,True,True,retained
AAGCGACTTACAGC-1::pbmc3k,AAGCGACTTACAGC-1,pbmc3k,donor1,healthy,batch1,600,1494.0,27.0,1.8072288,False,False,False,True,0.013008812421317668,False,True,True,retained
AAGCGACTTTGACG-1::pbmc3k,AAGCGACTTTGACG-1,pbmc3k,donor1,healthy,batch1,1185,3668.0,56.0,1.5267175,False,False,False,True,0.013698630136986302,False,True,True,retained
AAGCGTACGTCTTT-1::pbmc3k,AAGCGTACGTCTTT-1,pbmc3k,donor1,healthy,batch1,650,2048.0,80.0,3.90625,False,False,False,True,0.028816676885346417,False,True,True,retained
AAGGCTTGCGAACT-1::pbmc3k,AAGGCTTGCGAACT-1,pbmc3k,donor1,healthy,batch1,775,2076.0,19.0,0.9152216,False,False,False,True,0.015945330296127564,False,True,True,retained
AAGGTCACGGTTAC-1::pbmc3k,AAGGTCACGGTTAC-1,pbmc3k,donor1,healthy,batch1,699,1870.0,46.0,2.459893,False,False,False,True,0.019431988041853514,False,True,True,retained
AAGGTCACTGTTTC-1::pbmc3k,AAGGTCACTGTTTC-1,pbmc3k,donor1,healthy,batch1,642,1775.0,33.0,1.8591549,False,False,False,True,0.016759776536312852,False,True,True,retained
AAGGTCACTTCCCG-1::pbmc3k,AAGGTCACTTCCCG-1,pbmc3k,donor1,healthy,batch1,857,2387.0,59.0,2.471722,False,False,False,True,0.04909560723514212,False,True,True,retained
AAGGTCTGACAGTC-1::pbmc3k,AAGGTCTGACAGTC-1,pbmc3k,donor1,healthy,batch1,832,2589.0,101.0,3.9011202,False,False,False,True,0.07692307692307694,False,True,True,retained
AAGGTCTGCAGATC-1::pbmc3k,AAGGTCTGCAGATC-1,pbmc3k,donor1,healthy,batch1,388,968.0,8.0,0.82644624,False,False,False,True,0.015945330296127564,False,True,True,retained
AAGGTCTGGTATGC-1::pbmc3k,AAGGTCTGGTATGC-1,pbmc3k,donor1,healthy,batch1,351,715.0,36.0,5.034965,False,False,True,False,,False,False,False,high_mito
AAGTAACTCTGAAC-1::pbmc3k,AAGTAACTCTGAAC-1,pbmc3k,donor1,healthy,batch1,710,1874.0,41.0,2.1878335,False,False,False,True,0.02608695652173913,False,True,True,retained
AAGTAACTGAGATA-1::pbmc3k,AAGTAACTGAGATA-1,pbmc3k,donor1,healthy,batch1,341,659.0,4.0,0.60698026,False,False,False,True,0.008849557522123895,False,True,True,retained
AAGTAGGATACAGC-1::pbmc3k,AAGTAGGATACAGC-1,pbmc3k,donor1,healthy,batch1,894,1725.0,32.0,1.8550724,False,False,False,True,0.01234567901234568,False,True,True,retained
AAGTATACCGAACT-1::pbmc3k,AAGTATACCGAACT-1,pbmc3k,donor1,healthy,batch1,935,3253.0,60.0,1.8444512,False,False,False,True,0.07167235494880546,False,True,True,retained
AAGTCCGACTTGTT-1::pbmc3k,AAGTCCGACTTGTT-1,pbmc3k,donor1,healthy,batch1,604,1523.0,37.0,2.4294157,False,False,False,True,0.02363936228697086,False,True,True,retained
AAGTCCGATAGAAG-1::pbmc3k,AAGTCCGATAGAAG-1,pbmc3k,donor1,healthy,batch1,1008,3369.0,62.0,1.8403087,False,False,False,True,0.02363936228697086,False,True,True,retained
AAGTCTCTAGTCGT-1::pbmc3k,AAGTCTCTAGTCGT-1,pbmc3k,donor1,healthy,batch1,985,3287.0,78.0,2.3729844,False,False,False,True,0.03534303534303534,False,True,True,retained
AAGTCTCTCGGAGA-1::pbmc3k,AAGTCTCTCGGAGA-1,pbmc3k,donor1,healthy,batch1,679,1838.0,56.0,3.04679,False,False,False,True,0.037249283667621785,False,True,True,retained
AAGTGGCTTGGAGG-1::pbmc3k,AAGTGGCTTGGAGG-1,pbmc3k,donor1,healthy,batch1,603,1572.0,32.0,2.0356233,False,False,False,True,0.015945330296127564,False,True,True,retained
AAGTTCCTCATTCT-1::pbmc3k,AAGTTCCTCATTCT-1,pbmc3k,donor1,healthy,batch1,864,2336.0,46.0,1.969178,False,False,False,True,0.07692307692307694,False,True,True,retained
AAGTTCCTTCTTAC-1::pbmc3k,AAGTTCCTTCTTAC-1,pbmc3k,donor1,healthy,batch1,1031,3265.0,96.0,2.9402757,False,False,False,True,0.013698630136986302,False,True,True,retained
AATAAGCTCGAATC-1::pbmc3k,AATAAGCTCGAATC-1,pbmc3k,donor1,healthy,batch1,887,2760.0,65.0,2.3550725,False,False,False,True,0.05529522024367387,False,True,True,retained
AATAAGCTCGTTGA-1::pbmc3k,AATAAGCTCGTTGA-1,pbmc3k,donor1,healthy,batch1,603,1606.0,21.0,1.3075966,False,False,False,True,0.027413587604290822,False,True,True,retained
AATACCCTGGACGA-1::pbmc3k,AATACCCTGGACGA-1,pbmc3k,donor1,healthy,batch1,610,1501.0,33.0,2.1985343,False,False,False,True,0.014416775884665795,False,True,True,retained
AATACCCTGGCATT-1::pbmc3k,AATACCCTGGCATT-1,pbmc3k,donor1,healthy,batch1,1119,3310.0,52.0,1.570997,False,False,False,True,0.02483069977426637,False,True,True,retained
AATACTGAAAGGGC-1::pbmc3k,AATACTGAAAGGGC-1,pbmc3k,donor1,healthy,batch1,669,1747.0,18.0,1.0303377,False,False,False,True,0.17848410757946198,False,True,True,retained
AATACTGAATTGGC-1::pbmc3k,AATACTGAATTGGC-1,pbmc3k,donor1,healthy,batch1,794,1816.0,35.0,1.9273129,False,False,False,True,0.03534303534303534,False,True,True,retained
AATAGGGAACCCTC-1::pbmc3k,AATAGGGAACCCTC-1,pbmc3k,donor1,healthy,batch1,963,2877.0,45.0,1.5641292,False,False,False,True,0.04635761589403972,False,True,True,retained
AATAGGGAGAATGA-1::pbmc3k,AATAGGGAGAATGA-1,pbmc3k,donor1,healthy,batch1,756,1864.0,67.0,3.5944204,False,False,False,True,0.02608695652173913,False,True,True,retained
AATCAAACTATCGG-1::pbmc3k,AATCAAACTATCGG-1,pbmc3k,donor1,healthy,batch1,637,1457.0,33.0,2.2649279,False,False,False,True,0.1155778894472362,False,True,True,retained
AATCCGGAATGCTG-1::pbmc3k,AATCCGGAATGCTG-1,pbmc3k,donor1,healthy,batch1,1032,2805.0,42.0,1.4973263,False,False,False,True,0.013698630136986302,False,True,True,retained
AATCCTACCGGTAT-1::pbmc3k,AATCCTACCGGTAT-1,pbmc3k,donor1,healthy,batch1,776,2440.0,62.0,2.5409837,False,False,False,True,0.02608695652173913,False,True,True,retained
AATCCTTGACGGGA-1::pbmc3k,AATCCTTGACGGGA-1,pbmc3k,donor1,healthy,batch1,860,2533.0,60.0,2.3687327,False,False,False,True,0.01850048685491723,False,True,True,retained
AATCCTTGGTGAGG-1::pbmc3k,AATCCTTGGTGAGG-1,pbmc3k,donor1,healthy,batch1,825,1754.0,22.0,1.2542759,False,False,False,True,0.030303030303030304,False,True,True,retained
AATCGGTGGAACTC-1::pbmc3k,AATCGGTGGAACTC-1,pbmc3k,donor1,healthy,batch1,852,1955.0,42.0,2.1483376,False,False,False,True,0.1155778894472362,False,True,True,retained
AATCGGTGTGCTTT-1::pbmc3k,AATCGGTGTGCTTT-1,pbmc3k,donor1,healthy,batch1,745,1896.0,37.0,1.9514767,False,False,False,True,0.04635761589403972,False,True,True,retained
AATCTAGAAAAGTG-1::pbmc3k,AATCTAGAAAAGTG-1,pbmc3k,donor1,healthy,batch1,858,2582.0,51.0,1.975213,False,False,False,True,0.04909560723514212,False,True,True,retained
AATCTAGAATCGGT-1::pbmc3k,AATCTAGAATCGGT-1,pbmc3k,donor1,healthy,batch1,925,3168.0,70.0,2.209596,False,False,False,True,0.058823529411764705,False,True,True,retained
AATCTCACAGCCTA-1::pbmc3k,AATCTCACAGCCTA-1,pbmc3k,donor1,healthy,batch1,1228,3553.0,76.0,2.1390374,False,False,False,True,0.017610661589719183,False,True,True,retained
AATCTCACTCTAGG-1::pbmc3k,AATCTCACTCTAGG-1,pbmc3k,donor1,healthy,batch1,806,2149.0,18.0,0.8375989,False,False,False,True,0.02608695652173913,False,True,True,retained
AATCTCTGAACAGA-1::pbmc3k,AATCTCTGAACAGA-1,pbmc3k,donor1,healthy,batch1,715,2183.0,35.0,1.6032983,False,False,False,True,0.031880286271958366,False,True,True,retained
AATCTCTGCTTTAC-1::pbmc3k,AATCTCTGCTTTAC-1,pbmc3k,donor1,healthy,batch1,668,1710.0,31.0,1.8128656,False,False,False,True,0.02363936228697086,False,True,True,retained
AATGATACACCAAC-1::pbmc3k,AATGATACACCAAC-1,pbmc3k,donor1,healthy,batch1,779,1918.0,14.0,0.729927,False,False,False,True,0.022508038585209007,False,True,True,retained
AATGATACGGTCAT-1::pbmc3k,AATGATACGGTCAT-1,pbmc3k,donor1,healthy,batch1,1197,3095.0,62.0,2.003231,False,False,False,True,0.028816676885346417,False,True,True,retained
AATGCGTGACACCA-1::pbmc3k,AATGCGTGACACCA-1,pbmc3k,donor1,healthy,batch1,888,2866.0,46.0,1.6050243,False,False,False,True,0.04635761589403972,False,True,True,retained
AATGCGTGGACGGA-1::pbmc3k,AATGCGTGGACGGA-1,pbmc3k,donor1,healthy,batch1,1273,4439.0,94.0,2.1175942,False,False,False,True,0.08280254777070062,False,True,True,retained
AATGCGTGGCTATG-1::pbmc3k,AATGCGTGGCTATG-1,pbmc3k,donor1,healthy,batch1,873,2225.0,46.0,2.0674157,False,False,False,True,0.014416775884665795,False,True,True,retained
AATGGAGAATCGTG-1::pbmc3k,AATGGAGAATCGTG-1,pbmc3k,donor1,healthy,batch1,847,2381.0,78.0,3.2759347,False,False,False,True,0.008849557522123895,False,True,True,retained
AATGGAGATCCTTA-1::pbmc3k,AATGGAGATCCTTA-1,pbmc3k,donor1,healthy,batch1,781,1959.0,50.0,2.5523226,False,False,False,True,0.08943089430894309,False,True,True,retained
AATGGCTGACACCA-1::pbmc3k,AATGGCTGACACCA-1,pbmc3k,donor1,healthy,batch1,959,3038.0,72.0,2.3699803,False,False,False,True,0.07167235494880546,False,True,True,retained
AATGGCTGCGTGAT-1::pbmc3k,AATGGCTGCGTGAT-1,pbmc3k,donor1,healthy,batch1,805,2211.0,44.0,1.9900497,False,False,False,True,0.06695464362850971,False,True,True,retained
AATGGCTGTAAAGG-1::pbmc3k,AATGGCTGTAAAGG-1,pbmc3k,donor1,healthy,batch1,554,1286.0,62.0,4.821151,False,False,False,True,0.010501750291715288,False,True,True,retained
AATGGCTGTACTCT-1::pbmc3k,AATGGCTGTACTCT-1,pbmc3k,donor1,healthy,batch1,604,1208.0,60.0,4.9668875,False,False,False,True,0.021432305279665442,False,True,True,retained
AATGGCTGTGAAGA-1::pbmc3k,AATGGCTGTGAAGA-1,pbmc3k,donor1,healthy,batch1,785,2145.0,57.0,2.6573427,False,False,False,True,0.07167235494880546,False,True,True,retained
AATGTAACGGTGGA-1::pbmc3k,AATGTAACGGTGGA-1,pbmc3k,donor1,healthy,batch1,978,3047.0,17.0,0.5579258,False,False,False,True,0.06695464362850971,False,True,True,retained
AATGTAACGTTTGG-1::pbmc3k,AATGTAACGTTTGG-1,pbmc3k,donor1,healthy,batch1,537,1130.0,59.0,5.221239,False,False,True,False,,False,False,False,high_mito
AATGTCCTCTTCTA-1::pbmc3k,AATGTCCTCTTCTA-1,pbmc3k,donor1,healthy,batch1,910,3322.0,55.0,1.655629,False,False,False,True,0.08943089430894309,False,True,True,retained
AATGTTGACAGTCA-1::pbmc3k,AATGTTGACAGTCA-1,pbmc3k,donor1,healthy,batch1,936,2739.0,54.0,1.9715226,False,False,False,True,0.02363936228697086,False,True,True,retained
AATGTTGAGTTGAC-1::pbmc3k,AATGTTGAGTTGAC-1,pbmc3k,donor1,healthy,batch1,997,2996.0,45.0,1.5020027,False,False,False,True,0.015165031222123105,False,True,True,retained
AATGTTGATCTACT-1::pbmc3k,AATGTTGATCTACT-1,pbmc3k,donor1,healthy,batch1,961,2673.0,46.0,1.7209127,False,False,False,True,0.043824701195219126,False,True,True,retained
AATTACGAATTCCT-1::pbmc3k,AATTACGAATTCCT-1,pbmc3k,donor1,healthy,batch1,1314,4511.0,85.0,1.884283,False,False,False,True,0.04909560723514212,False,True,True,retained
AATTACGACTTCTA-1::pbmc3k,AATTACGACTTCTA-1,pbmc3k,donor1,healthy,batch1,799,2569.0,30.0,1.1677696,False,False,False,True,0.05206463195691203,False,True,True,retained
AATTACGAGTAGCT-1::pbmc3k,AATTACGAGTAGCT-1,pbmc3k,donor1,healthy,batch1,997,2712.0,148.0,5.457227,False,False,True,False,,False,False,False,high_mito
AATTACGAGTGAGG-1::pbmc3k,AATTACGAGTGAGG-1,pbmc3k,donor1,healthy,batch1,1112,3467.0,32.0,0.9229882,False,False,False,True,0.04635761589403972,False,True,True,retained
AATTACGATTGGCA-1::pbmc3k,AATTACGATTGGCA-1,pbmc3k,donor1,healthy,batch1,677,1731.0,62.0,3.581745,False,False,False,True,0.02608695652173913,False,True,True,retained
AATTCCTGCTCAGA-1::pbmc3k,AATTCCTGCTCAGA-1,pbmc3k,donor1,healthy,batch1,775,1800.0,43.0,2.388889,False,False,False,True,0.006447234475738038,False,True,True,retained
AATTGATGTCGCAA-1::pbmc3k,AATTGATGTCGCAA-1,pbmc3k,donor1,healthy,batch1,1298,3973.0,123.0,3.0958972,False,False,False,True,0.016759776536312852,False,True,True,retained
AATTGTGACTTGGA-1::pbmc3k,AATTGTGACTTGGA-1,pbmc3k,donor1,healthy,batch1,657,1973.0,34.0,1.7232642,False,False,False,True,0.019431988041853514,False,True,True,retained
ACAAAGGAGGGTGA-1::pbmc3k,ACAAAGGAGGGTGA-1,pbmc3k,donor1,healthy,batch1,626,2019.0,50.0,2.4764736,False,False,False,True,0.030303030303030304,False,True,True,retained
ACAAATTGATTCTC-1::pbmc3k,ACAAATTGATTCTC-1,pbmc3k,donor1,healthy,batch1,1313,4094.0,108.0,2.6380067,False,False,False,True,0.02363936228697086,False,True,True,retained
ACAAATTGCTCAGA-1::pbmc3k,ACAAATTGCTCAGA-1,pbmc3k,donor1,healthy,batch1,467,955.0,27.0,2.827225,False,False,False,True,0.007840342124019958,False,True,True,retained
ACAAATTGTTGCGA-1::pbmc3k,ACAAATTGTTGCGA-1,pbmc3k,donor1,healthy,batch1,936,2326.0,61.0,2.622528,False,False,False,True,0.05206463195691203,False,True,True,retained
ACAACCGAGGGATG-1::pbmc3k,ACAACCGAGGGATG-1,pbmc3k,donor1,healthy,batch1,977,2384.0,42.0,1.761745,False,False,False,True,0.021432305279665442,False,True,True,retained
ACAACCGAGTTACG-1::pbmc3k,ACAACCGAGTTACG-1,pbmc3k,donor1,healthy,batch1,780,2106.0,38.0,1.8043684,False,False,False,True,0.03534303534303534,False,True,True,retained
ACAAGAGAAGTCGT-1::pbmc3k,ACAAGAGAAGTCGT-1,pbmc3k,donor1,healthy,batch1,1311,4145.0,132.0,3.1845596,False,False,False,True,0.031880286271958366,False,True,True,retained
ACAAGAGACTTATC-1::pbmc3k,ACAAGAGACTTATC-1,pbmc3k,donor1,healthy,batch1,432,948.0,42.0,4.43038,False,False,False,True,0.041474654377880185,False,True,True,retained
ACAAGAGAGTTGAC-1::pbmc3k,ACAAGAGAGTTGAC-1,pbmc3k,donor1,healthy,batch1,579,1624.0,72.0,4.4334974,False,False,False,True,0.017610661589719183,False,True,True,retained
ACAATCCTAACCGT-1::pbmc3k,ACAATCCTAACCGT-1,pbmc3k,donor1,healthy,batch1,850,2317.0,34.0,1.4674147,False,False,False,True,0.06695464362850971,False,True,True,retained
ACAATCCTTAGCGT-1::pbmc3k,ACAATCCTTAGCGT-1,pbmc3k,donor1,healthy,batch1,736,1847.0,64.0,3.4650784,False,False,False,True,0.008336353751359188,False,True,True,retained
ACAATTGACTGACA-1::pbmc3k,ACAATTGACTGACA-1,pbmc3k,donor1,healthy,batch1,800,2165.0,47.0,2.1709006,False,False,False,True,0.06695464362850971,False,True,True,retained
ACAATTGATGACTG-1::pbmc3k,ACAATTGATGACTG-1,pbmc3k,donor1,healthy,batch1,892,1871.0,35.0,1.8706573,False,False,False,True,0.022508038585209007,False,True,True,retained
ACACAGACACCTGA-1::pbmc3k,ACACAGACACCTGA-1,pbmc3k,donor1,healthy,batch1,299,551.0,34.0,6.170599,False,False,True,False,,False,False,False,high_mito
ACACAGACCATACG-1::pbmc3k,ACACAGACCATACG-1,pbmc3k,donor1,healthy,batch1,860,2024.0,45.0,2.22332,False,False,False,True,0.058823529411764705,False,True,True,retained
ACACCAGAGGGCAA-1::pbmc3k,ACACCAGAGGGCAA-1,pbmc3k,donor1,healthy,batch1,720,1769.0,23.0,1.3001696,False,False,False,True,0.03534303534303534,False,True,True,retained
ACACCCTGGTGTTG-1::pbmc3k,ACACCCTGGTGTTG-1,pbmc3k,donor1,healthy,batch1,822,1808.0,25.0,1.3827434,False,False,False,True,0.028816676885346417,False,True,True,retained
ACACGAACAGTTCG-1::pbmc3k,ACACGAACAGTTCG-1,pbmc3k,donor1,healthy,batch1,681,1524.0,24.0,1.5748031,False,False,False,True,0.043824701195219126,False,True,True,retained
ACACGATGACGCAT-1::pbmc3k,ACACGATGACGCAT-1,pbmc3k,donor1,healthy,batch1,954,2060.0,57.0,2.7669902,False,False,False,True,0.041474654377880185,False,True,True,retained
ACACGATGATGTGC-1::pbmc3k,ACACGATGATGTGC-1,pbmc3k,donor1,healthy,batch1,889,2314.0,80.0,3.457217,False,False,False,True,0.031880286271958366,False,True,True,retained
ACACGATGTCGTAG-1::pbmc3k,ACACGATGTCGTAG-1,pbmc3k,donor1,healthy,batch1,1265,3652.0,70.0,1.916758,False,False,False,True,0.08280254777070062,False,True,True,retained
ACACGATGTGGTCA-1::pbmc3k,ACACGATGTGGTCA-1,pbmc3k,donor1,healthy,batch1,919,2311.0,39.0,1.6875811,False,False,False,True,0.02608695652173913,False,True,True,retained
ACAGACACGGCATT-1::pbmc3k,ACAGACACGGCATT-1,pbmc3k,donor1,healthy,batch1,799,2139.0,67.0,3.132305,False,False,False,True,0.07167235494880546,False,True,True,retained
ACAGACACGTTGTG-1::pbmc3k,ACAGACACGTTGTG-1,pbmc3k,donor1,healthy,batch1,833,1984.0,20.0,1.0080645,False,False,False,True,0.03534303534303534,False,True,True,retained
ACAGCAACACCTAG-1::pbmc3k,ACAGCAACACCTAG-1,pbmc3k,donor1,healthy,batch1,496,1046.0,19.0,1.8164436,False,False,False,True,0.03534303534303534,False,True,True,retained
ACAGCAACCTCAAG-1::pbmc3k,ACAGCAACCTCAAG-1,pbmc3k,donor1,healthy,batch1,1476,4435.0,90.0,2.0293121,False,False,False,True,0.027413587604290822,False,True,True,retained
ACAGGTACCCCACT-1::pbmc3k,ACAGGTACCCCACT-1,pbmc3k,donor1,healthy,batch1,848,2729.0,28.0,1.0260168,False,False,False,True,0.041474654377880185,False,True,True,retained
ACAGGTACGCTGTA-1::pbmc3k,ACAGGTACGCTGTA-1,pbmc3k,donor1,healthy,batch1,869,2220.0,70.0,3.1531532,False,False,False,True,0.07167235494880546,False,True,True,retained
ACAGGTACTGGTGT-1::pbmc3k,ACAGGTACTGGTGT-1,pbmc3k,donor1,healthy,batch1,1059,1886.0,24.0,1.2725345,False,False,False,True,0.010501750291715288,False,True,True,retained
ACAGTCGACCCAAA-1::pbmc3k,ACAGTCGACCCAAA-1,pbmc3k,donor1,healthy,batch1,490,1010.0,23.0,2.2772276,False,False,False,True,0.02608695652173913,False,True,True,retained
ACAGTCGACCGATA-1::pbmc3k,ACAGTCGACCGATA-1,pbmc3k,donor1,healthy,batch1,897,2070.0,21.0,1.0144928,False,False,False,True,0.030303030303030304,False,True,True,retained
ACAGTGACTCACCC-1::pbmc3k,ACAGTGACTCACCC-1,pbmc3k,donor1,healthy,batch1,832,2162.0,25.0,1.1563367,False,False,False,True,0.08280254777070062,False,True,True,retained
ACAGTGACTCTATC-1::pbmc3k,ACAGTGACTCTATC-1,pbmc3k,donor1,healthy,batch1,864,2131.0,88.0,4.1295166,False,False,False,True,0.05206463195691203,False,True,True,retained
ACAGTGTGGTCACA-1::pbmc3k,ACAGTGTGGTCACA-1,pbmc3k,donor1,healthy,batch1,419,964.0,22.0,2.2821577,False,False,False,True,0.021432305279665442,False,True,True,retained
ACAGTGTGTTGCGA-1::pbmc3k,ACAGTGTGTTGCGA-1,pbmc3k,donor1,healthy,batch1,856,2274.0,51.0,2.2427442,False,False,False,True,0.006896551724137932,False,True,True,retained
ACATCACTCTACTT-1::pbmc3k,ACATCACTCTACTT-1,pbmc3k,donor1,healthy,batch1,907,2503.0,48.0,1.9176987,False,False,False,True,0.028816676885346417,False,True,True,retained
ACATGGTGAAGCCT-1::pbmc3k,ACATGGTGAAGCCT-1,pbmc3k,donor1,healthy,batch1,791,2165.0,26.0,1.2009238,False,False,False,True,0.037249283667621785,False,True,True,retained
ACATGGTGCAACCA-1::pbmc3k,ACATGGTGCAACCA-1,pbmc3k,donor1,healthy,batch1,756,2147.0,59.0,2.7480206,False,False,False,True,0.4482758620689657,True,True,False,predicted_doublet
ACATGGTGCGAGTT-1::pbmc3k,ACATGGTGCGAGTT-1,pbmc3k,donor1,healthy,batch1,771,2048.0,24.0,1.171875,False,False,False,True,0.05206463195691203,False,True,True,retained
ACATGGTGCGTTGA-1::pbmc3k,ACATGGTGCGTTGA-1,pbmc3k,donor1,healthy,batch1,690,1562.0,84.0,5.377721,False,False,True,False,,False,False,False,high_mito
ACATTCTGGCATAC-1::pbmc3k,ACATTCTGGCATAC-1,pbmc3k,donor1,healthy,batch1,957,2850.0,46.0,1.6140351,False,False,False,True,0.019431988041853514,False,True,True,retained
ACATTCTGGGAACG-1::pbmc3k,ACATTCTGGGAACG-1,pbmc3k,donor1,healthy,batch1,1190,3716.0,62.0,1.6684606,False,False,False,True,0.34841628959276005,True,True,False,predicted_doublet
ACCAACGACATGCA-1::pbmc3k,ACCAACGACATGCA-1,pbmc3k,donor1,healthy,batch1,680,2115.0,30.0,1.4184396,False,False,False,True,0.028816676885346417,False,True,True,retained
ACCACAGAAAGTAG-1::pbmc3k,ACCACAGAAAGTAG-1,pbmc3k,donor1,healthy,batch1,524,1457.0,47.0,3.2258062,False,False,False,True,0.030303030303030304,False,True,True,retained
ACCACAGAGTTGGT-1::pbmc3k,ACCACAGAGTTGGT-1,pbmc3k,donor1,healthy,batch1,908,2860.0,35.0,1.2237762,False,False,False,True,0.030303030303030304,False,True,True,retained
ACCACCTGTGTGCA-1::pbmc3k,ACCACCTGTGTGCA-1,pbmc3k,donor1,healthy,batch1,506,1177.0,20.0,1.6992353,False,False,False,True,0.020408163265306124,False,True,True,retained
ACCACGCTACAGCT-1::pbmc3k,ACCACGCTACAGCT-1,pbmc3k,donor1,healthy,batch1,851,2532.0,41.0,1.6192732,False,False,False,True,0.06695464362850971,False,True,True,retained
ACCACGCTACCCAA-1::pbmc3k,ACCACGCTACCCAA-1,pbmc3k,donor1,healthy,batch1,775,1936.0,48.0,2.479339,False,False,False,True,0.06269270298047275,False,True,True,retained
ACCACGCTGCGAGA-1::pbmc3k,ACCACGCTGCGAGA-1,pbmc3k,donor1,healthy,batch1,793,1979.0,47.0,2.3749368,False,False,False,True,0.06695464362850971,False,True,True,retained
ACCACGCTGCTGTA-1::pbmc3k,ACCACGCTGCTGTA-1,pbmc3k,donor1,healthy,batch1,748,2009.0,72.0,3.5838728,False,False,False,True,0.05529522024367387,False,True,True,retained
ACCAGCCTGACAGG-1::pbmc3k,ACCAGCCTGACAGG-1,pbmc3k,donor1,healthy,batch1,951,2569.0,38.0,1.4791747,False,False,False,True,0.058823529411764705,False,True,True,retained
ACCAGTGAACGGTT-1::pbmc3k,ACCAGTGAACGGTT-1,pbmc3k,donor1,healthy,batch1,643,1730.0,58.0,3.352601,False,False,False,True,0.009380863039399626,False,True,True,retained
ACCAGTGAATACCG-1::pbmc3k,ACCAGTGAATACCG-1,pbmc3k,donor1,healthy,batch1,1277,3871.0,124.0,3.2033067,False,False,False,True,0.03355704697986577,False,True,True,retained
ACCAGTGAGGGATG-1::pbmc3k,ACCAGTGAGGGATG-1,pbmc3k,donor1,healthy,batch1,828,2445.0,22.0,0.89979553,False,False,False,True,0.03534303534303534,False,True,True,retained
ACCAGTGATGACTG-1::pbmc3k,ACCAGTGATGACTG-1,pbmc3k,donor1,healthy,batch1,480,1223.0,34.0,2.780049,False,False,False,True,0.020408163265306124,False,True,True,retained
ACCATTACCTTCTA-1::pbmc3k,ACCATTACCTTCTA-1,pbmc3k,donor1,healthy,batch1,969,3415.0,65.0,1.9033674,False,False,False,True,0.08280254777070062,False,True,True,retained
ACCATTACGAGATA-1::pbmc3k,ACCATTACGAGATA-1,pbmc3k,donor1,healthy,batch1,1112,2712.0,21.0,0.7743363,False,False,False,True,0.016759776536312852,False,True,True,retained
ACCATTTGTCATTC-1::pbmc3k,ACCATTTGTCATTC-1,pbmc3k,donor1,healthy,batch1,648,1647.0,33.0,2.003643,False,False,False,True,0.03355704697986577,False,True,True,retained
ACCCAAGAACTGTG-1::pbmc3k,ACCCAAGAACTGTG-1,pbmc3k,donor1,healthy,batch1,805,1704.0,36.0,2.112676,False,False,False,True,0.04909560723514212,False,True,True,retained
ACCCAAGAATTCCT-1::pbmc3k,ACCCAAGAATTCCT-1,pbmc3k,donor1,healthy,batch1,1223,3563.0,53.0,1.4875106,False,False,False,True,0.03928836174944403,False,True,True,retained
ACCCAAGAGGACAG-1::pbmc3k,ACCCAAGAGGACAG-1,pbmc3k,donor1,healthy,batch1,1023,2976.0,33.0,1.108871,False,False,False,True,0.06269270298047275,False,True,True,retained
ACCCAAGATTCACT-1::pbmc3k,ACCCAAGATTCACT-1,pbmc3k,donor1,healthy,batch1,669,1976.0,57.0,2.8846154,False,False,False,True,0.05529522024367387,False,True,True,retained
ACCCACTGCGCCTT-1::pbmc3k,ACCCACTGCGCCTT-1,pbmc3k,donor1,healthy,batch1,489,986.0,27.0,2.7383366,False,False,False,True,0.01850048685491723,False,True,True,retained
ACCCACTGGACAGG-1::pbmc3k,ACCCACTGGACAGG-1,pbmc3k,donor1,healthy,batch1,390,863.0,21.0,2.433372,False,False,False,True,0.037249283667621785,False,True,True,retained
ACCCACTGGTTCAG-1::pbmc3k,ACCCACTGGTTCAG-1,pbmc3k,donor1,healthy,batch1,350,568.0,7.0,1.2323943,False,False,False,True,0.08280254777070062,False,True,True,retained
ACCCACTGTCGTAG-1::pbmc3k,ACCCACTGTCGTAG-1,pbmc3k,donor1,healthy,batch1,1113,2874.0,90.0,3.131524,False,False,False,True,0.041474654377880185,False,True,True,retained
ACCCAGCTCAGAAA-1::pbmc3k,ACCCAGCTCAGAAA-1,pbmc3k,donor1,healthy,batch1,837,2389.0,45.0,1.8836333,False,False,False,True,0.027413587604290822,False,True,True,retained
ACCCAGCTGTTAGC-1::pbmc3k,ACCCAGCTGTTAGC-1,pbmc3k,donor1,healthy,batch1,1547,5535.0,114.0,2.0596206,False,False,False,True,0.23809523809523814,True,True,False,predicted_doublet
ACCCAGCTTGCTTT-1::pbmc3k,ACCCAGCTTGCTTT-1,pbmc3k,donor1,healthy,batch1,840,2495.0,11.0,0.4408818,False,False,False,True,0.03534303534303534,False,True,True,retained
ACCCGTTGATGACC-1::pbmc3k,ACCCGTTGATGACC-1,pbmc3k,donor1,healthy,batch1,581,1508.0,44.0,2.917772,False,False,False,True,0.01850048685491723,False,True,True,retained
ACCCGTTGCTGCAA-1::pbmc3k,ACCCGTTGCTGCAA-1,pbmc3k,donor1,healthy,batch1,748,2158.0,16.0,0.74142724,False,False,False,True,0.06269270298047275,False,True,True,retained
ACCCGTTGCTTCTA-1::pbmc3k,ACCCGTTGCTTCTA-1,pbmc3k,donor1,healthy,batch1,1861,6092.0,87.0,1.4281024,False,False,False,True,0.4482758620689657,True,True,False,predicted_doublet
ACCCTCGACCTATT-1::pbmc3k,ACCCTCGACCTATT-1,pbmc3k,donor1,healthy,batch1,735,1727.0,38.0,2.2003474,False,False,False,True,0.058823529411764705,False,True,True,retained
ACCCTCGACGGTAT-1::pbmc3k,ACCCTCGACGGTAT-1,pbmc3k,donor1,healthy,batch1,488,1245.0,23.0,1.8473896,False,False,False,True,0.01850048685491723,False,True,True,retained
ACCCTCGATAAGGA-1::pbmc3k,ACCCTCGATAAGGA-1,pbmc3k,donor1,healthy,batch1,1016,2847.0,75.0,2.634352,False,False,False,True,0.08943089430894309,False,True,True,retained
ACCCTCGATCAAGC-1::pbmc3k,ACCCTCGATCAAGC-1,pbmc3k,donor1,healthy,batch1,585,1444.0,41.0,2.8393352,False,False,False,True,0.013698630136986302,False,True,True,retained
ACCGTGCTACCAGT-1::pbmc3k,ACCGTGCTACCAGT-1,pbmc3k,donor1,healthy,batch1,797,1938.0,30.0,1.5479876,False,False,False,True,0.01850048685491723,False,True,True,retained
ACCGTGCTGGAACG-1::pbmc3k,ACCGTGCTGGAACG-1,pbmc3k,donor1,healthy,batch1,769,1909.0,42.0,2.200105,False,False,False,True,0.013008812421317668,False,True,True,retained
ACCTATTGCTGAGT-1::pbmc3k,ACCTATTGCTGAGT-1,pbmc3k,donor1,healthy,batch1,490,1190.0,31.0,2.605042,False,False,False,True,0.014416775884665795,False,True,True,retained
ACCTATTGTGCCCT-1::pbmc3k,ACCTATTGTGCCCT-1,pbmc3k,donor1,healthy,batch1,1307,4060.0,112.0,2.7586207,False,False,False,True,0.02608695652173913,False,True,True,retained
ACCTCCGAGTCCTC-1::pbmc3k,ACCTCCGAGTCCTC-1,pbmc3k,donor1,healthy,batch1,895,2426.0,26.0,1.071723,False,False,False,True,0.06695464362850971,False,True,True,retained
ACCTCCGATATGCG-1::pbmc3k,ACCTCCGATATGCG-1,pbmc3k,donor1,healthy,batch1,686,1789.0,46.0,2.571269,False,False,False,True,0.030303030303030304,False,True,True,retained
ACCTCCGATGCTGA-1::pbmc3k,ACCTCCGATGCTGA-1,pbmc3k,donor1,healthy,batch1,602,1789.0,41.0,2.291783,False,False,False,True,0.028816676885346417,False,True,True,retained
ACCTCGTGAACCAC-1::pbmc3k,ACCTCGTGAACCAC-1,pbmc3k,donor1,healthy,batch1,772,1969.0,59.0,2.996445,False,False,False,True,0.06269270298047275,False,True,True,retained
ACCTGAGATATCGG-1::pbmc3k,ACCTGAGATATCGG-1,pbmc3k,donor1,healthy,batch1,704,1524.0,57.0,3.7401576,False,False,False,True,0.058823529411764705,False,True,True,retained
ACCTGGCTAAGTAG-1::pbmc3k,ACCTGGCTAAGTAG-1,pbmc3k,donor1,healthy,batch1,892,1870.0,54.0,2.8877006,False,False,False,True,0.008849557522123895,False,True,True,retained
ACCTGGCTGTCTTT-1::pbmc3k,ACCTGGCTGTCTTT-1,pbmc3k,donor1,healthy,batch1,446,836.0,44.0,5.263158,False,False,True,False,,False,False,False,high_mito
ACCTTTGACTCCCA-1::pbmc3k,ACCTTTGACTCCCA-1,pbmc3k,donor1,healthy,batch1,1169,3056.0,68.0,2.225131,False,False,False,True,0.016759776536312852,False,True,True,retained
ACCTTTGAGGAACG-1::pbmc3k,ACCTTTGAGGAACG-1,pbmc3k,donor1,healthy,batch1,1375,4145.0,137.0,3.305187,False,False,False,True,0.02363936228697086,False,True,True,retained
ACCTTTGAGGAAGC-1::pbmc3k,ACCTTTGAGGAAGC-1,pbmc3k,donor1,healthy,batch1,1189,3696.0,63.0,1.7045455,False,False,False,True,0.05206463195691203,False,True,True,retained
ACGAACACCTTGTT-1::pbmc3k,ACGAACACCTTGTT-1,pbmc3k,donor1,healthy,batch1,892,1736.0,23.0,1.3248848,False,False,False,True,0.05206463195691203,False,True,True,retained
ACGAACTGGCTATG-1::pbmc3k,ACGAACTGGCTATG-1,pbmc3k,donor1,healthy,batch1,2455,8931.0,140.0,1.5675737,False,False,False,True,0.10559006211180123,False,True,True,retained
ACGAAGCTCTCCAC-1::pbmc3k,ACGAAGCTCTCCAC-1,pbmc3k,donor1,healthy,batch1,355,796.0,8.0,1.0050251,False,False,False,True,0.041474654377880185,False,True,True,retained
ACGAAGCTCTGAGT-1::pbmc3k,ACGAAGCTCTGAGT-1,pbmc3k,donor1,healthy,batch1,1856,7067.0,236.0,3.339465,False,False,False,True,0.030303030303030304,False,True,True,retained
ACGACCCTATCTCT-1::pbmc3k,ACGACCCTATCTCT-1,pbmc3k,donor1,healthy,batch1,1317,4077.0,84.0,2.0603385,False,False,False,True,0.022508038585209007,False,True,True,retained
ACGACCCTGATGAA-1::pbmc3k,ACGACCCTGATGAA-1,pbmc3k,donor1,healthy,batch1,703,2014.0,61.0,3.0287986,False,False,False,True,0.08943089430894309,False,True,True,retained
ACGACCCTTGACAC-1::pbmc3k,ACGACCCTTGACAC-1,pbmc3k,donor1,healthy,batch1,825,2795.0,46.0,1.6457961,False,False,False,True,0.020408163265306124,False,True,True,retained
ACGACCCTTGACCA-1::pbmc3k,ACGACCCTTGACCA-1,pbmc3k,donor1,healthy,batch1,736,2314.0,63.0,2.7225585,False,False,False,True,0.03355704697986577,False,True,True,retained
ACGAGGGACAGGAG-1::pbmc3k,ACGAGGGACAGGAG-1,pbmc3k,donor1,healthy,batch1,1997,7935.0,116.0,1.4618778,False,False,False,True,0.07692307692307694,False,True,True,retained
ACGAGGGACGAACT-1::pbmc3k,ACGAGGGACGAACT-1,pbmc3k,donor1,healthy,batch1,892,2762.0,69.0,2.4981897,False,False,False,True,0.02363936228697086,False,True,True,retained
ACGAGGGATGTAGC-1::pbmc3k,ACGAGGGATGTAGC-1,pbmc3k,donor1,healthy,batch1,1034,3053.0,73.0,2.3910909,False,False,False,True,0.07692307692307694,False,True,True,retained
ACGAGTACCCTAAG-1::pbmc3k,ACGAGTACCCTAAG-1,pbmc3k,donor1,healthy,batch1,545,1261.0,23.0,1.8239492,False,False,False,True,0.008849557522123895,False,True,True,retained
ACGAGTACGAATCC-1::pbmc3k,ACGAGTACGAATCC-1,pbmc3k,donor1,healthy,batch1,1188,3621.0,57.0,1.5741508,False,False,False,True,0.34841628959276005,True,True,False,predicted_doublet
ACGATCGAGGACTT-1::pbmc3k,ACGATCGAGGACTT-1,pbmc3k,donor1,healthy,batch1,659,1607.0,15.0,0.9334163,False,False,False,True,0.027413587604290822,False,True,True,retained
ACGATCGAGTCACA-1::pbmc3k,ACGATCGAGTCACA-1,pbmc3k,donor1,healthy,batch1,1056,3066.0,61.0,1.989563,False,False,False,True,0.015165031222123105,False,True,True,retained
ACGATGACAATGCC-1::pbmc3k,ACGATGACAATGCC-1,pbmc3k,donor1,healthy,batch1,819,2246.0,46.0,2.0480855,False,False,False,True,0.05529522024367387,False,True,True,retained
ACGATGACTGGTCA-1::pbmc3k,ACGATGACTGGTCA-1,pbmc3k,donor1,healthy,batch1,979,2634.0,48.0,1.8223236,False,False,False,True,0.03928836174944403,False,True,True,retained
ACGATTCTACGGGA-1::pbmc3k,ACGATTCTACGGGA-1,pbmc3k,donor1,healthy,batch1,632,1606.0,55.0,3.4246576,False,False,False,True,0.02483069977426637,False,True,True,retained
ACGCAATGGTTCAG-1::pbmc3k,ACGCAATGGTTCAG-1,pbmc3k,donor1,healthy,batch1,598,1227.0,32.0,2.607987,False,False,False,True,0.031880286271958366,False,True,True,retained
ACGCACCTGTTAGC-1::pbmc3k,ACGCACCTGTTAGC-1,pbmc3k,donor1,healthy,batch1,690,1687.0,36.0,2.1339657,False,False,False,True,0.014416775884665795,False,True,True,retained
ACGCCACTGAACTC-1::pbmc3k,ACGCCACTGAACTC-1,pbmc3k,donor1,healthy,batch1,310,602.0,0.0,0.0,False,False,False,True,0.10559006211180123,False,True,True,retained
ACGCCGGAAACCAC-1::pbmc3k,ACGCCGGAAACCAC-1,pbmc3k,donor1,healthy,batch1,803,2243.0,51.0,2.2737405,False,False,False,True,0.02483069977426637,False,True,True,retained
ACGCCGGAAAGCCT-1::pbmc3k,ACGCCGGAAAGCCT-1,pbmc3k,donor1,healthy,batch1,743,2145.0,19.0,0.88578093,False,False,False,True,0.043824701195219126,False,True,True,retained
ACGCCGGAAATGCC-1::pbmc3k,ACGCCGGAAATGCC-1,pbmc3k,donor1,healthy,batch1,560,1102.0,25.0,2.2686026,False,False,False,True,0.037249283667621785,False,True,True,retained
ACGCCTTGCTCCCA-1::pbmc3k,ACGCCTTGCTCCCA-1,pbmc3k,donor1,healthy,batch1,1073,2774.0,84.0,3.0281181,False,False,False,True,0.014416775884665795,False,True,True,retained
ACGCGGTGGCGAGA-1::pbmc3k,ACGCGGTGGCGAGA-1,pbmc3k,donor1,healthy,batch1,844,2432.0,50.0,2.055921,False,False,False,True,0.05529522024367387,False,True,True,retained
ACGCGGTGTGTGGT-1::pbmc3k,ACGCGGTGTGTGGT-1,pbmc3k,donor1,healthy,batch1,882,2604.0,59.0,2.265745,False,False,False,True,0.030303030303030304,False,True,True,retained
ACGCGGTGTTTGCT-1::pbmc3k,ACGCGGTGTTTGCT-1,pbmc3k,donor1,healthy,batch1,841,2145.0,35.0,1.6317016,False,False,False,True,0.020408163265306124,False,True,True,retained
ACGCTCACAGTACC-1::pbmc3k,ACGCTCACAGTACC-1,pbmc3k,donor1,healthy,batch1,815,2367.0,64.0,2.7038445,False,False,False,True,0.08943089430894309,False,True,True,retained
ACGCTCACCCTTGC-1::pbmc3k,ACGCTCACCCTTGC-1,pbmc3k,donor1,healthy,batch1,771,2165.0,50.0,2.3094687,False,False,False,True,0.037249283667621785,False,True,True,retained
ACGCTGCTGTTCTT-1::pbmc3k,ACGCTGCTGTTCTT-1,pbmc3k,donor1,healthy,batch1,976,1956.0,21.0,1.0736196,False,False,False,True,0.05529522024367387,False,True,True,retained
ACGGAACTCAGATC-1::pbmc3k,ACGGAACTCAGATC-1,pbmc3k,donor1,healthy,batch1,986,2155.0,40.0,1.8561485,False,False,False,True,0.017610661589719183,False,True,True,retained
ACGGAACTGTCGTA-1::pbmc3k,ACGGAACTGTCGTA-1,pbmc3k,donor1,healthy,batch1,820,2153.0,84.0,3.9015326,False,False,False,True,0.03534303534303534,False,True,True,retained
ACGGAGGACTCTTA-1::pbmc3k,ACGGAGGACTCTTA-1,pbmc3k,donor1,healthy,batch1,957,2614.0,75.0,2.8691661,False,False,False,True,0.017610661589719183,False,True,True,retained
ACGGATTGGGAGGT-1::pbmc3k,ACGGATTGGGAGGT-1,pbmc3k,donor1,healthy,batch1,640,1655.0,46.0,2.7794561,False,False,False,True,0.008336353751359188,False,True,True,retained
ACGGATTGGTTAGC-1::pbmc3k,ACGGATTGGTTAGC-1,pbmc3k,donor1,healthy,batch1,1012,3068.0,56.0,1.8252933,False,False,False,True,0.058823529411764705,False,True,True,retained
ACGGCTCTGAGCAG-1::pbmc3k,ACGGCTCTGAGCAG-1,pbmc3k,donor1,healthy,batch1,927,2389.0,60.0,2.511511,False,False,False,True,0.04909560723514212,False,True,True,retained
ACGGCTCTTGCACA-1::pbmc3k,ACGGCTCTTGCACA-1,pbmc3k,donor1,healthy,batch1,794,2535.0,48.0,1.8934911,False,False,False,True,0.10559006211180123,False,True,True,retained
ACGGTAACCGCTAA-1::pbmc3k,ACGGTAACCGCTAA-1,pbmc3k,donor1,healthy,batch1,753,1867.0,50.0,2.6780932,False,False,False,True,0.03534303534303534,False,True,True,retained
ACGGTAACCTTCGC-1::pbmc3k,ACGGTAACCTTCGC-1,pbmc3k,donor1,healthy,batch1,791,1944.0,45.0,2.3148148,False,False,False,True,0.037249283667621785,False,True,True,retained
ACGGTAACGGTGGA-1::pbmc3k,ACGGTAACGGTGGA-1,pbmc3k,donor1,healthy,batch1,366,811.0,34.0,4.192355,False,False,False,True,0.021432305279665442,False,True,True,retained
ACGGTAACTCGCAA-1::pbmc3k,ACGGTAACTCGCAA-1,pbmc3k,donor1,healthy,batch1,539,1213.0,27.0,2.2258863,False,False,False,True,0.07692307692307694,False,True,True,retained
ACGGTATGAGTCGT-1::pbmc3k,ACGGTATGAGTCGT-1,pbmc3k,donor1,healthy,batch1,752,1764.0,43.0,2.4376416,False,False,False,True,0.011707710940654016,False,True,True,retained
ACGGTATGGGTATC-1::pbmc3k,ACGGTATGGGTATC-1,pbmc3k,donor1,healthy,batch1,769,2149.0,82.0,3.8157284,False,False,False,True,0.016759776536312852,False,True,True,retained
ACGGTATGGTTGTG-1::pbmc3k,ACGGTATGGTTGTG-1,pbmc3k,donor1,healthy,batch1,650,1947.0,44.0,2.259887,False,False,False,True,0.02363936228697086,False,True,True,retained
ACGGTCCTAACGGG-1::pbmc3k,ACGGTCCTAACGGG-1,pbmc3k,donor1,healthy,batch1,947,2197.0,30.0,1.3654984,False,False,False,True,0.05529522024367387,False,True,True,retained
ACGGTCCTCGGGAA-1::pbmc3k,ACGGTCCTCGGGAA-1,pbmc3k,donor1,healthy,batch1,771,2254.0,53.0,2.3513753,False,False,False,True,0.08280254777070062,False,True,True,retained
ACGTAGACAACCAC-1::pbmc3k,ACGTAGACAACCAC-1,pbmc3k,donor1,healthy,batch1,824,2028.0,20.0,0.9861933,False,False,False,True,0.021432305279665442,False,True,True,retained
ACGTAGACTACAGC-1::pbmc3k,ACGTAGACTACAGC-1,pbmc3k,donor1,healthy,batch1,744,1829.0,32.0,1.7495898,False,False,False,True,0.01234567901234568,False,True,True,retained
ACGTCAGAAACGAA-1::pbmc3k,ACGTCAGAAACGAA-1,pbmc3k,donor1,healthy,batch1,837,2167.0,47.0,2.1688972,False,False,False,True,0.04909560723514212,False,True,True,retained
ACGTCAGAGAGCTT-1::pbmc3k,ACGTCAGAGAGCTT-1,pbmc3k,donor1,healthy,batch1,723,1911.0,46.0,2.4071167,False,False,False,True,0.020408163265306124,False,True,True,retained
ACGTCAGAGGGATG-1::pbmc3k,ACGTCAGAGGGATG-1,pbmc3k,donor1,healthy,batch1,640,1541.0,23.0,1.4925373,False,False,False,True,0.037249283667621785,False,True,True,retained
ACGTCCTGATAAGG-1::pbmc3k,ACGTCCTGATAAGG-1,pbmc3k,donor1,healthy,batch1,923,2627.0,92.0,3.5020936,False,False,False,True,0.027413587604290822,False,True,True,retained
ACGTCCTGTGAACC-1::pbmc3k,ACGTCCTGTGAACC-1,pbmc3k,donor1,healthy,batch1,1174,3303.0,80.0,2.4220405,False,False,False,True,0.021432305279665442,False,True,True,retained
ACGTCGCTCCTGAA-1::pbmc3k,ACGTCGCTCCTGAA-1,pbmc3k,donor1,healthy,batch1,1597,3932.0,73.0,1.8565615,False,False,False,True,0.028816676885346417,False,True,True,retained
ACGTCGCTCTATTC-1::pbmc3k,ACGTCGCTCTATTC-1,pbmc3k,donor1,healthy,batch1,699,1585.0,54.0,3.40694,False,False,False,True,0.28358208955223857,True,True,False,predicted_doublet
ACGTCGCTTCTCAT-1::pbmc3k,ACGTCGCTTCTCAT-1,pbmc3k,donor1,healthy,batch1,618,1602.0,40.0,2.496879,False,False,False,True,0.03355704697986577,False,True,True,retained
ACGTGATGCCATGA-1::pbmc3k,ACGTGATGCCATGA-1,pbmc3k,donor1,healthy,batch1,1418,5441.0,143.0,2.6281934,False,False,False,True,0.058823529411764705,False,True,True,retained
ACGTGATGGGTCTA-1::pbmc3k,ACGTGATGGGTCTA-1,pbmc3k,donor1,healthy,batch1,820,2638.0,50.0,1.8953754,False,False,False,True,0.03928836174944403,False,True,True,retained
ACGTGATGTAACCG-1::pbmc3k,ACGTGATGTAACCG-1,pbmc3k,donor1,healthy,batch1,1047,2976.0,46.0,1.5456989,False,False,False,True,0.015165031222123105,False,True,True,retained
ACGTGATGTGACAC-1::pbmc3k,ACGTGATGTGACAC-1,pbmc3k,donor1,healthy,batch1,981,2135.0,68.0,3.1850119,False,False,False,True,0.015165031222123105,False,True,True,retained
ACGTGCCTCCGTAA-1::pbmc3k,ACGTGCCTCCGTAA-1,pbmc3k,donor1,healthy,batch1,866,2177.0,30.0,1.3780432,False,False,False,True,0.043824701195219126,False,True,True,retained
ACGTGCCTTCTATC-1::pbmc3k,ACGTGCCTTCTATC-1,pbmc3k,donor1,healthy,batch1,527,1081.0,40.0,3.7002776,False,False,False,True,0.02363936228697086,False,True,True,retained
ACGTTACTTTCCAT-1::pbmc3k,ACGTTACTTTCCAT-1,pbmc3k,donor1,healthy,batch1,762,1968.0,32.0,1.6260161,False,False,False,True,0.03534303534303534,False,True,True,retained
ACGTTGGAAAAGCA-1::pbmc3k,ACGTTGGAAAAGCA-1,pbmc3k,donor1,healthy,batch1,717,2187.0,42.0,1.9204389,False,False,False,True,0.07167235494880546,False,True,True,retained
ACGTTGGAAACCTG-1::pbmc3k,ACGTTGGAAACCTG-1,pbmc3k,donor1,healthy,batch1,860,2217.0,89.0,4.014434,False,False,False,True,0.04635761589403972,False,True,True,retained
ACGTTGGACCGTAA-1::pbmc3k,ACGTTGGACCGTAA-1,pbmc3k,donor1,healthy,batch1,603,1383.0,34.0,2.4584239,False,False,False,True,0.016759776536312852,False,True,True,retained
ACGTTGGAGCCAAT-1::pbmc3k,ACGTTGGAGCCAAT-1,pbmc3k,donor1,healthy,batch1,828,1780.0,40.0,2.247191,False,False,False,True,0.03355704697986577,False,True,True,retained
ACGTTGGATATGGC-1::pbmc3k,ACGTTGGATATGGC-1,pbmc3k,donor1,healthy,batch1,476,1052.0,13.0,1.2357415,False,False,False,True,0.10559006211180123,False,True,True,retained
ACGTTGGATCAGGT-1::pbmc3k,ACGTTGGATCAGGT-1,pbmc3k,donor1,healthy,batch1,1071,2801.0,42.0,1.4994645,False,False,False,True,0.03355704697986577,False,True,True,retained
ACGTTTACATCAGC-1::pbmc3k,ACGTTTACATCAGC-1,pbmc3k,donor1,healthy,batch1,775,2368.0,37.0,1.5625,False,False,False,True,0.06695464362850971,False,True,True,retained
ACTAAAACCCACAA-1::pbmc3k,ACTAAAACCCACAA-1,pbmc3k,donor1,healthy,batch1,614,1268.0,18.0,1.4195584,False,False,False,True,0.028816676885346417,False,True,True,retained
ACTAAAACTCGACA-1::pbmc3k,ACTAAAACTCGACA-1,pbmc3k,donor1,healthy,batch1,913,2584.0,54.0,2.0897834,False,False,False,True,0.02483069977426637,False,True,True,retained
ACTACGGAATTTCC-1::pbmc3k,ACTACGGAATTTCC-1,pbmc3k,donor1,healthy,batch1,836,2188.0,42.0,1.9195613,False,False,False,True,0.041474654377880185,False,True,True,retained
ACTACGGACCTATT-1::pbmc3k,ACTACGGACCTATT-1,pbmc3k,donor1,healthy,batch1,669,1804.0,48.0,2.660754,False,False,False,True,0.05206463195691203,False,True,True,retained
ACTACGGATCGCTC-1::pbmc3k,ACTACGGATCGCTC-1,pbmc3k,donor1,healthy,batch1,942,2471.0,34.0,1.3759611,False,False,False,True,0.09696092619392188,False,True,True,retained
ACTACTACTAAGGA-1::pbmc3k,ACTACTACTAAGGA-1,pbmc3k,donor1,healthy,batch1,792,2339.0,56.0,2.3941855,False,False,False,True,0.02608695652173913,False,True,True,retained
ACTAGGTGGAACCT-1::pbmc3k,ACTAGGTGGAACCT-1,pbmc3k,donor1,healthy,batch1,871,1980.0,27.0,1.3636364,False,False,False,True,0.10559006211180123,False,True,True,retained
ACTAGGTGGAACTC-1::pbmc3k,ACTAGGTGGAACTC-1,pbmc3k,donor1,healthy,batch1,1046,3531.0,60.0,1.6992353,False,False,False,True,0.06695464362850971,False,True,True,retained
ACTATCACCTTGGA-1::pbmc3k,ACTATCACCTTGGA-1,pbmc3k,donor1,healthy,batch1,859,2050.0,63.0,3.0731707,False,False,False,True,0.022508038585209007,False,True,True,retained
ACTATCACTGCCAA-1::pbmc3k,ACTATCACTGCCAA-1,pbmc3k,donor1,healthy,batch1,793,2222.0,37.0,1.6651666,False,False,False,True,0.021432305279665442,False,True,True,retained
ACTCAGGACTGAAC-1::pbmc3k,ACTCAGGACTGAAC-1,pbmc3k,donor1,healthy,batch1,822,2160.0,12.0,0.5555556,False,False,False,True,0.04909560723514212,False,True,True,retained
ACTCAGGATCTATC-1::pbmc3k,ACTCAGGATCTATC-1,pbmc3k,donor1,healthy,batch1,751,1870.0,28.0,1.4973263,False,False,False,True,0.013008812421317668,False,True,True,retained
ACTCAGGATTCGTT-1::pbmc3k,ACTCAGGATTCGTT-1,pbmc3k,donor1,healthy,batch1,435,1009.0,20.0,1.9821604,False,False,False,True,0.1155778894472362,False,True,True,retained
ACTCCTCTCAACTG-1::pbmc3k,ACTCCTCTCAACTG-1,pbmc3k,donor1,healthy,batch1,1142,3267.0,68.0,2.0814202,False,False,False,True,0.037249283667621785,False,True,True,retained
ACTCGCACGAAAGT-1::pbmc3k,ACTCGCACGAAAGT-1,pbmc3k,donor1,healthy,batch1,781,1824.0,30.0,1.6447369,False,False,False,True,0.021432305279665442,False,True,True,retained
ACTCGCACTACGAC-1::pbmc3k,ACTCGCACTACGAC-1,pbmc3k,donor1,healthy,batch1,718,1872.0,21.0,1.1217949,False,False,False,True,0.05206463195691203,False,True,True,retained
ACTCTCCTGACACT-1::pbmc3k,ACTCTCCTGACACT-1,pbmc3k,donor1,healthy,batch1,471,1237.0,36.0,2.9102669,False,False,False,True,0.028816676885346417,False,True,True,retained
ACTCTCCTGCATAC-1::pbmc3k,ACTCTCCTGCATAC-1,pbmc3k,donor1,healthy,batch1,1750,5861.0,102.0,1.7403175,False,False,False,True,0.07167235494880546,False,True,True,retained
ACTCTCCTGTTTGG-1::pbmc3k,ACTCTCCTGTTTGG-1,pbmc3k,donor1,healthy,batch1,892,2755.0,53.0,1.923775,False,False,False,True,0.02608695652173913,False,True,True,retained
ACTGAGACAACCAC-1::pbmc3k,ACTGAGACAACCAC-1,pbmc3k,donor1,healthy,batch1,841,1944.0,69.0,3.549383,False,False,False,True,0.03534303534303534,False,True,True,retained
ACTGAGACCCATAG-1::pbmc3k,ACTGAGACCCATAG-1,pbmc3k,donor1,healthy,batch1,1156,3635.0,65.0,1.7881706,False,False,False,True,0.043824701195219126,False,True,True,retained
ACTGAGACGTTGGT-1::pbmc3k,ACTGAGACGTTGGT-1,pbmc3k,donor1,healthy,batch1,1031,3991.0,70.0,1.7539464,False,False,False,True,0.17848410757946198,False,True,True,retained
ACTGCCACACACGT-1::pbmc3k,ACTGCCACACACGT-1,pbmc3k,donor1,healthy,batch1,912,2120.0,34.0,1.6037736,False,False,False,True,0.037249283667621785,False,True,True,retained
ACTGCCACTCCGTC-1::pbmc3k,ACTGCCACTCCGTC-1,pbmc3k,donor1,healthy,batch1,873,1739.0,71.0,4.082806,False,False,False,True,0.06695464362850971,False,True,True,retained
ACTGGCCTTCAGTG-1::pbmc3k,ACTGGCCTTCAGTG-1,pbmc3k,donor1,healthy,batch1,824,1656.0,34.0,2.0531402,False,False,False,True,0.011707710940654016,False,True,True,retained
ACTGTGGACGTGTA-1::pbmc3k,ACTGTGGACGTGTA-1,pbmc3k,donor1,healthy,batch1,1233,3185.0,67.0,2.1036108,False,False,False,True,0.4482758620689657,True,True,False,predicted_doublet
ACTGTGGATCTAGG-1::pbmc3k,ACTGTGGATCTAGG-1,pbmc3k,donor1,healthy,batch1,1312,4412.0,101.0,2.2892113,False,False,False,True,0.34841628959276005,True,True,False,predicted_doublet
ACTGTTACCCACAA-1::pbmc3k,ACTGTTACCCACAA-1,pbmc3k,donor1,healthy,batch1,575,1262.0,41.0,3.2488115,False,False,False,True,0.01109350237717908,False,True,True,retained
ACTGTTACTGCAGT-1::pbmc3k,ACTGTTACTGCAGT-1,pbmc3k,donor1,healthy,batch1,605,1658.0,38.0,2.291918,False,False,False,True,0.03534303534303534,False,True,True,retained
ACTTAAGAACCACA-1::pbmc3k,ACTTAAGAACCACA-1,pbmc3k,donor1,healthy,batch1,717,2297.0,52.0,2.2638223,False,False,False,True,0.043824701195219126,False,True,True,retained
ACTTAAGACCACAA-1::pbmc3k,ACTTAAGACCACAA-1,pbmc3k,donor1,healthy,batch1,665,1629.0,95.0,5.8317986,False,False,True,False,,False,False,False,high_mito
ACTTAAGATTACTC-1::pbmc3k,ACTTAAGATTACTC-1,pbmc3k,donor1,healthy,batch1,1019,2822.0,81.0,2.8703046,False,False,False,True,0.08943089430894309,False,True,True,retained
ACTTAGCTGCGTAT-1::pbmc3k,ACTTAGCTGCGTAT-1,pbmc3k,donor1,healthy,batch1,1215,3267.0,51.0,1.5610652,False,False,False,True,0.011707710940654016,False,True,True,retained
ACTTAGCTGGGAGT-1::pbmc3k,ACTTAGCTGGGAGT-1,pbmc3k,donor1,healthy,batch1,928,2502.0,23.0,0.91926455,False,False,False,True,0.06269270298047275,False,True,True,retained
ACTTCAACAAGCAA-1::pbmc3k,ACTTCAACAAGCAA-1,pbmc3k,donor1,healthy,batch1,1780,5419.0,167.0,3.0817494,False,False,False,True,0.02483069977426637,False,True,True,retained
ACTTCAACGTAGGG-1::pbmc3k,ACTTCAACGTAGGG-1,pbmc3k,donor1,healthy,batch1,657,1259.0,14.0,1.1119937,False,False,False,True,0.02363936228697086,False,True,True,retained
ACTTCCCTTTCCGC-1::pbmc3k,ACTTCCCTTTCCGC-1,pbmc3k,donor1,healthy,batch1,718,2072.0,27.0,1.3030888,False,False,False,True,0.027413587604290822,False,True,True,retained
ACTTCTGACATGCA-1::pbmc3k,ACTTCTGACATGCA-1,pbmc3k,donor1,healthy,batch1,646,1655.0,72.0,4.3504534,False,False,False,True,0.030303030303030304,False,True,True,retained
ACTTGACTCCACAA-1::pbmc3k,ACTTGACTCCACAA-1,pbmc3k,donor1,healthy,batch1,808,1999.0,32.0,1.6008005,False,False,False,True,0.008336353751359188,False,True,True,retained
ACTTGGGAGAAAGT-1::pbmc3k,ACTTGGGAGAAAGT-1,pbmc3k,donor1,healthy,batch1,1120,3624.0,105.0,2.897351,False,False,False,True,0.04909560723514212,False,True,True,retained
ACTTGGGAGGTTTG-1::pbmc3k,ACTTGGGAGGTTTG-1,pbmc3k,donor1,healthy,batch1,750,1645.0,29.0,1.762918,False,False,False,True,0.08280254777070062,False,True,True,retained
ACTTGGGATGTGAC-1::pbmc3k,ACTTGGGATGTGAC-1,pbmc3k,donor1,healthy,batch1,390,792.0,1.0,0.12626262,False,False,False,True,0.09696092619392188,False,True,True,retained
ACTTGGGATTGACG-1::pbmc3k,ACTTGGGATTGACG-1,pbmc3k,donor1,healthy,batch1,1100,3111.0,73.0,2.3465123,False,False,False,True,0.020408163265306124,False,True,True,retained
ACTTGTACCCGAAT-1::pbmc3k,ACTTGTACCCGAAT-1,pbmc3k,donor1,healthy,batch1,911,2501.0,140.0,5.5977607,False,False,True,False,,False,False,False,high_mito
ACTTGTACCTGTCC-1::pbmc3k,ACTTGTACCTGTCC-1,pbmc3k,donor1,healthy,batch1,456,1149.0,14.0,1.2184508,False,False,False,True,0.010501750291715288,False,True,True,retained
ACTTTGTGCGATAC-1::pbmc3k,ACTTTGTGCGATAC-1,pbmc3k,donor1,healthy,batch1,267,600.0,48.0,8.0,False,False,True,False,,False,False,False,high_mito
ACTTTGTGGAAAGT-1::pbmc3k,ACTTTGTGGAAAGT-1,pbmc3k,donor1,healthy,batch1,755,2368.0,27.0,1.1402026,False,False,False,True,0.03534303534303534,False,True,True,retained
ACTTTGTGGATAGA-1::pbmc3k,ACTTTGTGGATAGA-1,pbmc3k,donor1,healthy,batch1,1118,3145.0,44.0,1.3990461,False,False,False,True,0.08943089430894309,False,True,True,retained
AGAAACGAAAGTAG-1::pbmc3k,AGAAACGAAAGTAG-1,pbmc3k,donor1,healthy,batch1,571,1430.0,41.0,2.867133,False,False,False,True,0.03355704697986577,False,True,True,retained
AGAAAGTGCGCAAT-1::pbmc3k,AGAAAGTGCGCAAT-1,pbmc3k,donor1,healthy,batch1,867,3021.0,61.0,2.019199,False,False,False,True,0.07167235494880546,False,True,True,retained
AGAAAGTGGGGATG-1::pbmc3k,AGAAAGTGGGGATG-1,pbmc3k,donor1,healthy,batch1,728,1968.0,32.0,1.6260161,False,False,False,True,0.015945330296127564,False,True,True,retained
AGAACAGAAATGCC-1::pbmc3k,AGAACAGAAATGCC-1,pbmc3k,donor1,healthy,batch1,916,1879.0,32.0,1.7030336,False,False,False,True,0.06695464362850971,False,True,True,retained
AGAACAGACGACTA-1::pbmc3k,AGAACAGACGACTA-1,pbmc3k,donor1,healthy,batch1,491,981.0,25.0,2.54842,False,False,False,True,0.013698630136986302,False,True,True,retained
AGAACAGAGACAAA-1::pbmc3k,AGAACAGAGACAAA-1,pbmc3k,donor1,healthy,batch1,960,3002.0,52.0,1.7321786,False,False,False,True,0.06695464362850971,False,True,True,retained
AGAACGCTTTGCTT-1::pbmc3k,AGAACGCTTTGCTT-1,pbmc3k,donor1,healthy,batch1,625,1763.0,38.0,2.1554167,False,False,False,True,0.02363936228697086,False,True,True,retained
AGAAGATGTGACTG-1::pbmc3k,AGAAGATGTGACTG-1,pbmc3k,donor1,healthy,batch1,1090,3604.0,36.0,0.9988901,False,False,False,True,0.07692307692307694,False,True,True,retained
AGAATGGAAGAAGT-1::pbmc3k,AGAATGGAAGAAGT-1,pbmc3k,donor1,healthy,batch1,772,2052.0,21.0,1.0233918,False,False,False,True,0.03534303534303534,False,True,True,retained
AGAATTTGTAACCG-1::pbmc3k,AGAATTTGTAACCG-1,pbmc3k,donor1,healthy,batch1,968,3259.0,35.0,1.0739491,False,False,False,True,0.03928836174944403,False,True,True,retained
AGAATTTGTAGAGA-1::pbmc3k,AGAATTTGTAGAGA-1,pbmc3k,donor1,healthy,batch1,480,1428.0,59.0,4.131653,False,False,False,True,0.01850048685491723,False,True,True,retained
AGACACACTGTAGC-1::pbmc3k,AGACACACTGTAGC-1,pbmc3k,donor1,healthy,batch1,810,2229.0,29.0,1.3010318,False,False,False,True,0.027413587604290822,False,True,True,retained
AGACACTGTCAAGC-1::pbmc3k,AGACACTGTCAAGC-1,pbmc3k,donor1,healthy,batch1,725,1944.0,33.0,1.6975307,False,False,False,True,0.008336353751359188,False,True,True,retained
AGACCTGAAGTAGA-1::pbmc3k,AGACCTGAAGTAGA-1,pbmc3k,donor1,healthy,batch1,1016,2595.0,53.0,2.0423894,False,False,False,True,0.015165031222123105,False,True,True,retained
AGACCTGACCAACA-1::pbmc3k,AGACCTGACCAACA-1,pbmc3k,donor1,healthy,batch1,1011,2999.0,89.0,2.967656,False,False,False,True,0.043824701195219126,False,True,True,retained
AGACCTGAGGAAGC-1::pbmc3k,AGACCTGAGGAAGC-1,pbmc3k,donor1,healthy,batch1,1075,2875.0,54.0,1.8782609,False,False,False,True,0.07167235494880546,False,True,True,retained
AGACGTACAGAGGC-1::pbmc3k,AGACGTACAGAGGC-1,pbmc3k,donor1,healthy,batch1,808,2193.0,28.0,1.2767898,False,False,False,True,0.028816676885346417,False,True,True,retained
AGACGTACCCCTAC-1::pbmc3k,AGACGTACCCCTAC-1,pbmc3k,donor1,healthy,batch1,672,1517.0,47.0,3.09822,False,False,False,True,0.02363936228697086,False,True,True,retained
AGACGTACCTCTTA-1::pbmc3k,AGACGTACCTCTTA-1,pbmc3k,donor1,healthy,batch1,950,2886.0,121.0,4.192654,False,False,False,True,0.022508038585209007,False,True,True,retained
AGACGTACTCGTGA-1::pbmc3k,AGACGTACTCGTGA-1,pbmc3k,donor1,healthy,batch1,862,2242.0,93.0,4.1480823,False,False,False,True,0.019431988041853514,False,True,True,retained
AGACTGACCATCAG-1::pbmc3k,AGACTGACCATCAG-1,pbmc3k,donor1,healthy,batch1,766,1895.0,65.0,3.4300792,False,False,False,True,0.015945330296127564,False,True,True,retained
AGACTGACCCTTTA-1::pbmc3k,AGACTGACCCTTTA-1,pbmc3k,donor1,healthy,batch1,963,2911.0,79.0,2.713844,False,False,False,True,0.043824701195219126,False,True,True,retained
AGACTTCTCATGCA-1::pbmc3k,AGACTTCTCATGCA-1,pbmc3k,donor1,healthy,batch1,507,1302.0,37.0,2.8417819,False,False,False,True,0.014416775884665795,False,True,True,retained
AGAGATGACAGTCA-1::pbmc3k,AGAGATGACAGTCA-1,pbmc3k,donor1,healthy,batch1,570,1340.0,43.0,3.2089553,False,False,False,True,0.013008812421317668,False,True,True,retained
AGAGATGACTGAAC-1::pbmc3k,AGAGATGACTGAAC-1,pbmc3k,donor1,healthy,batch1,678,1974.0,47.0,2.3809524,False,False,False,True,0.021432305279665442,False,True,True,retained
AGAGATGAGGTTTG-1::pbmc3k,AGAGATGAGGTTTG-1,pbmc3k,donor1,healthy,batch1,768,2060.0,59.0,2.8640776,False,False,False,True,0.027413587604290822,False,True,True,retained
AGAGATGATCTCGC-1::pbmc3k,AGAGATGATCTCGC-1,pbmc3k,donor1,healthy,batch1,1037,3371.0,123.0,3.6487687,False,False,False,True,0.05529522024367387,False,True,True,retained
AGAGATGATTGTGG-1::pbmc3k,AGAGATGATTGTGG-1,pbmc3k,donor1,healthy,batch1,885,2339.0,37.0,1.5818726,False,False,False,True,0.07692307692307694,False,True,True,retained
AGAGCGGAGGCAAG-1::pbmc3k,AGAGCGGAGGCAAG-1,pbmc3k,donor1,healthy,batch1,1426,5230.0,71.0,1.3575526,False,False,False,True,0.07167235494880546,False,True,True,retained
AGAGGTCTACAGCT-1::pbmc3k,AGAGGTCTACAGCT-1,pbmc3k,donor1,healthy,batch1,2815,10783.0,282.0,2.6152277,False,True,False,False,,False,False,False,high_genes
AGAGTCTGGTCGTA-1::pbmc3k,AGAGTCTGGTCGTA-1,pbmc3k,donor1,healthy,batch1,1496,4469.0,159.0,3.557843,False,False,False,True,0.019431988041853514,False,True,True,retained
AGAGTGCTCAGCTA-1::pbmc3k,AGAGTGCTCAGCTA-1,pbmc3k,donor1,healthy,batch1,587,1566.0,30.0,1.9157088,False,False,False,True,0.037249283667621785,False,True,True,retained
AGAGTGCTCGAATC-1::pbmc3k,AGAGTGCTCGAATC-1,pbmc3k,donor1,healthy,batch1,879,2532.0,50.0,1.9747235,False,False,False,True,0.08280254777070062,False,True,True,retained
AGAGTGCTGTCATG-1::pbmc3k,AGAGTGCTGTCATG-1,pbmc3k,donor1,healthy,batch1,924,3580.0,54.0,1.5083799,False,False,False,True,0.04635761589403972,False,True,True,retained
AGAGTGCTGTCCTC-1::pbmc3k,AGAGTGCTGTCCTC-1,pbmc3k,donor1,healthy,batch1,783,1944.0,41.0,2.1090536,False,False,False,True,0.07692307692307694,False,True,True,retained
AGAGTGCTGTGTTG-1::pbmc3k,AGAGTGCTGTGTTG-1,pbmc3k,donor1,healthy,batch1,696,1635.0,53.0,3.24159,False,False,False,True,0.014416775884665795,False,True,True,retained
AGATATACCCGTAA-1::pbmc3k,AGATATACCCGTAA-1,pbmc3k,donor1,healthy,batch1,1057,2260.0,34.0,1.5044248,False,False,False,True,0.03355704697986577,False,True,True,retained
AGATATACGATGAA-1::pbmc3k,AGATATACGATGAA-1,pbmc3k,donor1,healthy,batch1,783,2386.0,115.0,4.8197823,False,False,False,True,0.07167235494880546,False,True,True,retained
AGATATACTGTTCT-1::pbmc3k,AGATATACTGTTCT-1,pbmc3k,donor1,healthy,batch1,867,2358.0,28.0,1.187447,False,False,False,True,0.028816676885346417,False,True,True,retained
AGATATTGCCTACC-1::pbmc3k,AGATATTGCCTACC-1,pbmc3k,donor1,healthy,batch1,919,2395.0,24.0,1.0020877,False,False,False,True,0.06695464362850971,False,True,True,retained
AGATATTGGCCAAT-1::pbmc3k,AGATATTGGCCAAT-1,pbmc3k,donor1,healthy,batch1,1251,4076.0,59.0,1.4474976,False,False,False,True,0.016759776536312852,False,True,True,retained
AGATCGTGTCTGGA-1::pbmc3k,AGATCGTGTCTGGA-1,pbmc3k,donor1,healthy,batch1,1023,2988.0,35.0,1.171352,False,False,False,True,0.019431988041853514,False,True,True,retained
AGATCGTGTTTGTC-1::pbmc3k,AGATCGTGTTTGTC-1,pbmc3k,donor1,healthy,batch1,727,1844.0,22.0,1.1930586,False,False,False,True,0.017610661589719183,False,True,True,retained
AGATCTCTATCACG-1::pbmc3k,AGATCTCTATCACG-1,pbmc3k,donor1,healthy,batch1,645,1501.0,41.0,2.7315123,False,False,False,True,0.06695464362850971,False,True,True,retained
AGATTAACGTTCTT-1::pbmc3k,AGATTAACGTTCTT-1,pbmc3k,donor1,healthy,batch1,1217,3876.0,90.0,2.3219814,False,False,False,True,0.021432305279665442,False,True,True,retained
AGATTCCTATCGTG-1::pbmc3k,AGATTCCTATCGTG-1,pbmc3k,donor1,healthy,batch1,929,2499.0,21.0,0.8403362,False,False,False,True,0.08280254777070062,False,True,True,retained
AGATTCCTCACTTT-1::pbmc3k,AGATTCCTCACTTT-1,pbmc3k,donor1,healthy,batch1,792,2200.0,60.0,2.7272727,False,False,False,True,0.01234567901234568,False,True,True,retained
AGATTCCTGACGAG-1::pbmc3k,AGATTCCTGACGAG-1,pbmc3k,donor1,healthy,batch1,994,2736.0,71.0,2.595029,False,False,False,True,0.022508038585209007,False,True,True,retained
AGATTCCTGTTCAG-1::pbmc3k,AGATTCCTGTTCAG-1,pbmc3k,donor1,healthy,batch1,1025,2318.0,74.0,3.1924074,False,False,False,True,0.015165031222123105,False,True,True,retained
AGCAAAGATATGCG-1::pbmc3k,AGCAAAGATATGCG-1,pbmc3k,donor1,healthy,batch1,946,2434.0,55.0,2.259655,False,False,False,True,0.06695464362850971,False,True,True,retained
AGCACAACAGTCTG-1::pbmc3k,AGCACAACAGTCTG-1,pbmc3k,donor1,healthy,batch1,600,1625.0,34.0,2.0923076,False,False,False,True,0.10559006211180123,False,True,True,retained
AGCACTGAGGGAGT-1::pbmc3k,AGCACTGAGGGAGT-1,pbmc3k,donor1,healthy,batch1,881,2621.0,24.0,0.915681,False,False,False,True,0.07692307692307694,False,True,True,retained
AGCACTGATATGCG-1::pbmc3k,AGCACTGATATGCG-1,pbmc3k,donor1,healthy,batch1,975,2297.0,21.0,0.91423595,False,False,False,True,0.043824701195219126,False,True,True,retained
AGCACTGATGCTTT-1::pbmc3k,AGCACTGATGCTTT-1,pbmc3k,donor1,healthy,batch1,1609,5153.0,113.0,2.1928973,False,False,False,True,0.04635761589403972,False,True,True,retained
AGCACTGATTGCGA-1::pbmc3k,AGCACTGATTGCGA-1,pbmc3k,donor1,healthy,batch1,758,2158.0,40.0,1.8535681,False,False,False,True,0.06269270298047275,False,True,True,retained
AGCATCGAAGATCC-1::pbmc3k,AGCATCGAAGATCC-1,pbmc3k,donor1,healthy,batch1,772,1726.0,41.0,2.3754346,False,False,False,True,0.022508038585209007,False,True,True,retained
AGCATCGAAGGGTG-1::pbmc3k,AGCATCGAAGGGTG-1,pbmc3k,donor1,healthy,batch1,682,2172.0,36.0,1.6574585,False,False,False,True,0.022508038585209007,False,True,True,retained
AGCATCGAGCTTCC-1::pbmc3k,AGCATCGAGCTTCC-1,pbmc3k,donor1,healthy,batch1,998,2587.0,102.0,3.942791,False,False,False,True,0.009931245225362874,False,True,True,retained
AGCATCGAGTGAGG-1::pbmc3k,AGCATCGAGTGAGG-1,pbmc3k,donor1,healthy,batch1,979,2979.0,52.0,1.7455522,False,False,False,True,0.058823529411764705,False,True,True,retained
AGCATCGATAACCG-1::pbmc3k,AGCATCGATAACCG-1,pbmc3k,donor1,healthy,batch1,1045,2780.0,38.0,1.3669065,False,False,False,True,0.027413587604290822,False,True,True,retained
AGCATGACGATGAA-1::pbmc3k,AGCATGACGATGAA-1,pbmc3k,donor1,healthy,batch1,706,1870.0,39.0,2.0855615,False,False,False,True,0.08280254777070062,False,True,True,retained
AGCCAATGGGGAGT-1::pbmc3k,AGCCAATGGGGAGT-1,pbmc3k,donor1,healthy,batch1,808,1876.0,30.0,1.5991472,False,False,False,True,0.009380863039399626,False,True,True,retained
AGCCAATGTATCTC-1::pbmc3k,AGCCAATGTATCTC-1,pbmc3k,donor1,healthy,batch1,855,2617.0,47.0,1.7959496,False,False,False,True,0.04635761589403972,False,True,True,retained
AGCCACCTGGATCT-1::pbmc3k,AGCCACCTGGATCT-1,pbmc3k,donor1,healthy,batch1,819,1983.0,44.0,2.2188604,False,False,False,True,0.041474654377880185,False,True,True,retained
AGCCGGTGCCAATG-1::pbmc3k,AGCCGGTGCCAATG-1,pbmc3k,donor1,healthy,batch1,1147,3729.0,40.0,1.0726736,False,False,False,True,0.08280254777070062,False,True,True,retained
AGCCGGTGTGTTTC-1::pbmc3k,AGCCGGTGTGTTTC-1,pbmc3k,donor1,healthy,batch1,742,2196.0,32.0,1.4571949,False,False,False,True,0.04909560723514212,False,True,True,retained
AGCCGTCTCAATCG-1::pbmc3k,AGCCGTCTCAATCG-1,pbmc3k,donor1,healthy,batch1,914,2919.0,125.0,4.2822886,False,False,False,True,0.08280254777070062,False,True,True,retained
AGCCGTCTGAGAGC-1::pbmc3k,AGCCGTCTGAGAGC-1,pbmc3k,donor1,healthy,batch1,969,3005.0,78.0,2.5956738,False,False,False,True,0.05529522024367387,False,True,True,retained
AGCCTCACGTTCGA-1::pbmc3k,AGCCTCACGTTCGA-1,pbmc3k,donor1,healthy,batch1,704,2157.0,36.0,1.6689847,False,False,False,True,0.020408163265306124,False,True,True,retained
AGCCTCACTGTCAG-1::pbmc3k,AGCCTCACTGTCAG-1,pbmc3k,donor1,healthy,batch1,1398,4816.0,68.0,1.4119601,False,False,False,True,0.037249283667621785,False,True,True,retained
AGCCTCTGCAGTTG-1::pbmc3k,AGCCTCTGCAGTTG-1,pbmc3k,donor1,healthy,batch1,581,1473.0,37.0,2.5118806,False,False,False,True,0.021432305279665442,False,True,True,retained
AGCCTCTGCCAATG-1::pbmc3k,AGCCTCTGCCAATG-1,pbmc3k,donor1,healthy,batch1,809,1679.0,28.0,1.6676594,False,False,False,True,0.058823529411764705,False,True,True,retained
AGCGAACTGGATCT-1::pbmc3k,AGCGAACTGGATCT-1,pbmc3k,donor1,healthy,batch1,921,3139.0,84.0,2.6760113,False,False,False,True,0.07167235494880546,False,True,True,retained
AGCGAACTTACTGG-1::pbmc3k,AGCGAACTTACTGG-1,pbmc3k,donor1,healthy,batch1,805,2117.0,30.0,1.4170997,False,False,False,True,0.03928836174944403,False,True,True,retained
AGCGATACGGAGCA-1::pbmc3k,AGCGATACGGAGCA-1,pbmc3k,donor1,healthy,batch1,542,1590.0,31.0,1.9496856,False,False,False,True,0.041474654377880185,False,True,True,retained
AGCGATTGAGATCC-1::pbmc3k,AGCGATTGAGATCC-1,pbmc3k,donor1,healthy,batch1,888,1919.0,42.0,2.1886399,False,False,False,True,0.014416775884665795,False,True,True,retained
AGCGCCGAATCTCT-1::pbmc3k,AGCGCCGAATCTCT-1,pbmc3k,donor1,healthy,batch1,519,1279.0,16.0,1.2509774,False,False,False,True,0.04635761589403972,False,True,True,retained
AGCGCCGACAGAGG-1::pbmc3k,AGCGCCGACAGAGG-1,pbmc3k,donor1,healthy,batch1,1092,2678.0,44.0,1.6430172,False,False,False,True,0.07692307692307694,False,True,True,retained
AGCGCTCTACCTTT-1::pbmc3k,AGCGCTCTACCTTT-1,pbmc3k,donor1,healthy,batch1,762,1767.0,26.0,1.4714205,False,False,False,True,0.03534303534303534,False,True,True,retained
AGCGGCACCGGGAA-1::pbmc3k,AGCGGCACCGGGAA-1,pbmc3k,donor1,healthy,batch1,698,2103.0,34.0,1.616738,False,False,False,True,0.021432305279665442,False,True,True,retained
AGCGGCTGATGTGC-1::pbmc3k,AGCGGCTGATGTGC-1,pbmc3k,donor1,healthy,batch1,752,2269.0,37.0,1.6306744,False,False,False,True,0.05206463195691203,False,True,True,retained
AGCGGGCTTGCCAA-1::pbmc3k,AGCGGGCTTGCCAA-1,pbmc3k,donor1,healthy,batch1,771,2244.0,34.0,1.5151515,False,False,False,True,0.043824701195219126,False,True,True,retained
AGCGTAACATGCTG-1::pbmc3k,AGCGTAACATGCTG-1,pbmc3k,donor1,healthy,batch1,899,2424.0,47.0,1.938944,False,False,False,True,0.02608695652173913,False,True,True,retained
AGCGTAACTGAGAA-1::pbmc3k,AGCGTAACTGAGAA-1,pbmc3k,donor1,healthy,batch1,1101,3081.0,61.0,1.9798766,False,False,False,True,0.02608695652173913,False,True,True,retained
AGCTCGCTACTGGT-1::pbmc3k,AGCTCGCTACTGGT-1,pbmc3k,donor1,healthy,batch1,760,2531.0,53.0,2.094034,False,False,False,True,0.02483069977426637,False,True,True,retained
AGCTCGCTCTGCTC-1::pbmc3k,AGCTCGCTCTGCTC-1,pbmc3k,donor1,healthy,batch1,881,2673.0,39.0,1.4590348,False,False,False,True,0.027413587604290822,False,True,True,retained
AGCTGAACCATACG-1::pbmc3k,AGCTGAACCATACG-1,pbmc3k,donor1,healthy,batch1,1124,3218.0,121.0,3.7600994,False,False,False,True,0.02608695652173913,False,True,True,retained
AGCTGAACCTCTCG-1::pbmc3k,AGCTGAACCTCTCG-1,pbmc3k,donor1,healthy,batch1,809,2320.0,44.0,1.8965518,False,False,False,True,0.03355704697986577,False,True,True,retained
AGCTGCCTTGGGAG-1::pbmc3k,AGCTGCCTTGGGAG-1,pbmc3k,donor1,healthy,batch1,445,1037.0,46.0,4.4358726,False,False,False,True,0.02483069977426637,False,True,True,retained
AGCTGCCTTTCATC-1::pbmc3k,AGCTGCCTTTCATC-1,pbmc3k,donor1,healthy,batch1,1703,5212.0,154.0,2.95472,False,False,False,True,0.04909560723514212,False,True,True,retained
AGCTGCCTTTCTGT-1::pbmc3k,AGCTGCCTTTCTGT-1,pbmc3k,donor1,healthy,batch1,789,2282.0,47.0,2.0595968,False,False,False,True,0.06695464362850971,False,True,True,retained
AGCTGTGATCCAAG-1::pbmc3k,AGCTGTGATCCAAG-1,pbmc3k,donor1,healthy,batch1,641,1551.0,56.0,3.6105738,False,False,False,True,0.021432305279665442,False,True,True,retained
AGCTTTACAAGTAG-1::pbmc3k,AGCTTTACAAGTAG-1,pbmc3k,donor1,healthy,batch1,819,2261.0,37.0,1.6364441,False,False,False,True,0.028816676885346417,False,True,True,retained
AGCTTTACACCAAC-1::pbmc3k,AGCTTTACACCAAC-1,pbmc3k,donor1,healthy,batch1,890,2114.0,66.0,3.1220436,False,False,False,True,0.10559006211180123,False,True,True,retained
AGCTTTACTCTCAT-1::pbmc3k,AGCTTTACTCTCAT-1,pbmc3k,donor1,healthy,batch1,767,2570.0,41.0,1.5953308,False,False,False,True,0.05529522024367387,False,True,True,retained
AGGAAATGAGGAGC-1::pbmc3k,AGGAAATGAGGAGC-1,pbmc3k,donor1,healthy,batch1,806,1880.0,13.0,0.69148934,False,False,False,True,0.041474654377880185,False,True,True,retained
AGGAACCTCTTAGG-1::pbmc3k,AGGAACCTCTTAGG-1,pbmc3k,donor1,healthy,batch1,1323,3844.0,113.0,2.9396462,False,False,False,True,0.02483069977426637,False,True,True,retained
AGGAACCTTGCCTC-1::pbmc3k,AGGAACCTTGCCTC-1,pbmc3k,donor1,healthy,batch1,942,2188.0,41.0,1.8738574,False,False,False,True,0.02363936228697086,False,True,True,retained
AGGAATGATAACGC-1::pbmc3k,AGGAATGATAACGC-1,pbmc3k,donor1,healthy,batch1,807,1975.0,55.0,2.7848103,False,False,False,True,0.043824701195219126,False,True,True,retained
AGGAATGATTTGTC-1::pbmc3k,AGGAATGATTTGTC-1,pbmc3k,donor1,healthy,batch1,981,2648.0,35.0,1.3217523,False,False,False,True,0.08280254777070062,False,True,True,retained
AGGAGTCTGGTTTG-1::pbmc3k,AGGAGTCTGGTTTG-1,pbmc3k,donor1,healthy,batch1,888,2508.0,60.0,2.3923445,False,False,False,True,0.03928836174944403,False,True,True,retained
AGGAGTCTTGTCAG-1::pbmc3k,AGGAGTCTTGTCAG-1,pbmc3k,donor1,healthy,batch1,726,1978.0,32.0,1.6177958,False,False,False,True,0.027413587604290822,False,True,True,retained
AGGATAGACATTTC-1::pbmc3k,AGGATAGACATTTC-1,pbmc3k,donor1,healthy,batch1,1190,4146.0,46.0,1.1095031,False,False,False,True,0.06695464362850971,False,True,True,retained
AGGATAGAGGATTC-1::pbmc3k,AGGATAGAGGATTC-1,pbmc3k,donor1,healthy,batch1,826,1963.0,21.0,1.0697912,False,False,False,True,0.03355704697986577,False,True,True,retained
AGGATGCTACTAGC-1::pbmc3k,AGGATGCTACTAGC-1,pbmc3k,donor1,healthy,batch1,661,1805.0,21.0,1.1634349,False,False,False,True,0.008336353751359188,False,True,True,retained
AGGATGCTTTAGGC-1::pbmc3k,AGGATGCTTTAGGC-1,pbmc3k,donor1,healthy,batch1,713,1401.0,31.0,2.2127054,False,False,False,True,0.01234567901234568,False,True,True,retained
AGGCAACTGAAGGC-1::pbmc3k,AGGCAACTGAAGGC-1,pbmc3k,donor1,healthy,batch1,816,2698.0,75.0,2.779837,False,False,False,True,0.07167235494880546,False,True,True,retained
AGGCAGGAGTACCA-1::pbmc3k,AGGCAGGAGTACCA-1,pbmc3k,donor1,healthy,batch1,822,2152.0,81.0,3.7639406,False,False,False,True,0.058823529411764705,False,True,True,retained
AGGCCTCTAGTCGT-1::pbmc3k,AGGCCTCTAGTCGT-1,pbmc3k,donor1,healthy,batch1,806,2264.0,18.0,0.79505306,False,False,False,True,0.03355704697986577,False,True,True,retained
AGGCCTCTCGGAGA-1::pbmc3k,AGGCCTCTCGGAGA-1,pbmc3k,donor1,healthy,batch1,864,2388.0,49.0,2.0519261,False,False,False,True,0.1155778894472362,False,True,True,retained
AGGCCTCTCGTAAC-1::pbmc3k,AGGCCTCTCGTAAC-1,pbmc3k,donor1,healthy,batch1,464,1205.0,8.0,0.66390043,False,False,False,True,0.017610661589719183,False,True,True,retained
AGGGACGACGTTGA-1::pbmc3k,AGGGACGACGTTGA-1,pbmc3k,donor1,healthy,batch1,664,1857.0,40.0,2.1540117,False,False,False,True,0.05206463195691203,False,True,True,retained
AGGGACGAGTCAAC-1::pbmc3k,AGGGACGAGTCAAC-1,pbmc3k,donor1,healthy,batch1,931,1957.0,30.0,1.5329586,False,False,False,True,0.011707710940654016,False,True,True,retained
AGGGACGAGTTGTG-1::pbmc3k,AGGGACGAGTTGTG-1,pbmc3k,donor1,healthy,batch1,860,2746.0,36.0,1.3109978,False,False,False,True,0.043824701195219126,False,True,True,retained
AGGGACGATAGAGA-1::pbmc3k,AGGGACGATAGAGA-1,pbmc3k,donor1,healthy,batch1,674,1722.0,67.0,3.8908248,False,False,False,True,0.08280254777070062,False,True,True,retained
AGGGACGATGCATG-1::pbmc3k,AGGGACGATGCATG-1,pbmc3k,donor1,healthy,batch1,803,1783.0,19.0,1.0656197,False,False,False,True,0.028816676885346417,False,True,True,retained
AGGGAGTGAGCCTA-1::pbmc3k,AGGGAGTGAGCCTA-1,pbmc3k,donor1,healthy,batch1,464,997.0,8.0,0.8024072,False,False,False,True,0.03534303534303534,False,True,True,retained
AGGGCCACCATACG-1::pbmc3k,AGGGCCACCATACG-1,pbmc3k,donor1,healthy,batch1,788,2047.0,33.0,1.6121153,False,False,False,True,0.041474654377880185,False,True,True,retained
AGGGCGCTAACCAC-1::pbmc3k,AGGGCGCTAACCAC-1,pbmc3k,donor1,healthy,batch1,1068,3558.0,87.0,2.445194,False,False,False,True,0.34841628959276005,True,True,False,predicted_doublet
AGGGCGCTATGGTC-1::pbmc3k,AGGGCGCTATGGTC-1,pbmc3k,donor1,healthy,batch1,781,1609.0,72.0,4.474829,False,False,False,True,0.1155778894472362,False,True,True,retained
AGGGTGGACAGTCA-1::pbmc3k,AGGGTGGACAGTCA-1,pbmc3k,donor1,healthy,batch1,843,2229.0,55.0,2.4674742,False,False,False,True,0.021432305279665442,False,True,True,retained
AGGGTGGACTCAAG-1::pbmc3k,AGGGTGGACTCAAG-1,pbmc3k,donor1,healthy,batch1,779,2072.0,44.0,2.123552,False,False,False,True,0.021432305279665442,False,True,True,retained
AGGGTGGAGTTGCA-1::pbmc3k,AGGGTGGAGTTGCA-1,pbmc3k,donor1,healthy,batch1,873,2253.0,41.0,1.8197957,False,False,False,True,0.04635761589403972,False,True,True,retained
AGGGTTTGTTCATC-1::pbmc3k,AGGGTTTGTTCATC-1,pbmc3k,donor1,healthy,batch1,707,1795.0,39.0,2.172702,False,False,False,True,0.02363936228697086,False,True,True,retained
AGGTCATGAGTGTC-1::pbmc3k,AGGTCATGAGTGTC-1,pbmc3k,donor1,healthy,batch1,492,925.0,30.0,3.2432432,False,False,False,True,0.06269270298047275,False,True,True,retained
AGGTCATGCTTATC-1::pbmc3k,AGGTCATGCTTATC-1,pbmc3k,donor1,healthy,batch1,669,1588.0,32.0,2.0151134,False,False,False,True,0.041474654377880185,False,True,True,retained
AGGTCTGATTCTCA-1::pbmc3k,AGGTCTGATTCTCA-1,pbmc3k,donor1,healthy,batch1,982,2731.0,57.0,2.0871475,False,False,False,True,0.030303030303030304,False,True,True,retained
AGGTGGGAAGAATG-1::pbmc3k,AGGTGGGAAGAATG-1,pbmc3k,donor1,healthy,batch1,749,2033.0,30.0,1.4756517,False,False,False,True,0.031880286271958366,False,True,True,retained
AGGTGGGAAGTTCG-1::pbmc3k,AGGTGGGAAGTTCG-1,pbmc3k,donor1,healthy,batch1,789,2474.0,34.0,1.3742926,False,False,False,True,0.041474654377880185,False,True,True,retained
AGGTGTTGGTTACG-1::pbmc3k,AGGTGTTGGTTACG-1,pbmc3k,donor1,healthy,batch1,780,2090.0,27.0,1.2918661,False,False,False,True,0.031880286271958366,False,True,True,retained
AGGTTCGAACCTCC-1::pbmc3k,AGGTTCGAACCTCC-1,pbmc3k,donor1,healthy,batch1,561,1346.0,25.0,1.857355,False,False,False,True,0.02483069977426637,False,True,True,retained
AGGTTCGAACGTAC-1::pbmc3k,AGGTTCGAACGTAC-1,pbmc3k,donor1,healthy,batch1,655,1592.0,23.0,1.4447236,False,False,False,True,0.03355704697986577,False,True,True,retained
AGGTTCGAGGGTGA-1::pbmc3k,AGGTTCGAGGGTGA-1,pbmc3k,donor1,healthy,batch1,432,1155.0,27.0,2.3376622,False,False,False,True,0.03928836174944403,False,True,True,retained
AGTAAGGAGTTTGG-1::pbmc3k,AGTAAGGAGTTTGG-1,pbmc3k,donor1,healthy,batch1,801,1928.0,32.0,1.6597512,False,False,False,True,0.07692307692307694,False,True,True,retained
AGTAAGGATTCTTG-1::pbmc3k,AGTAAGGATTCTTG-1,pbmc3k,donor1,healthy,batch1,945,2894.0,28.0,0.967519,False,False,False,True,0.04635761589403972,False,True,True,retained
AGTAATACATCACG-1::pbmc3k,AGTAATACATCACG-1,pbmc3k,donor1,healthy,batch1,770,1832.0,43.0,2.3471615,False,False,False,True,0.03355704697986577,False,True,True,retained
AGTAATACCGAACT-1::pbmc3k,AGTAATACCGAACT-1,pbmc3k,donor1,healthy,batch1,503,1236.0,31.0,2.5080907,False,False,False,True,0.013698630136986302,False,True,True,retained
AGTAATTGTCCCAC-1::pbmc3k,AGTAATTGTCCCAC-1,pbmc3k,donor1,healthy,batch1,766,1892.0,28.0,1.4799154,False,False,False,True,0.09696092619392188,False,True,True,retained
AGTACGTGAGGGTG-1::pbmc3k,AGTACGTGAGGGTG-1,pbmc3k,donor1,healthy,batch1,776,2386.0,39.0,1.6345348,False,False,False,True,0.05529522024367387,False,True,True,retained
AGTACGTGCTGCAA-1::pbmc3k,AGTACGTGCTGCAA-1,pbmc3k,donor1,healthy,batch1,970,3001.0,38.0,1.2662446,False,False,False,True,0.06269270298047275,False,True,True,retained
AGTACGTGCTTGGA-1::pbmc3k,AGTACGTGCTTGGA-1,pbmc3k,donor1,healthy,batch1,989,3506.0,43.0,1.2264689,False,False,False,True,0.041474654377880185,False,True,True,retained
AGTACTCTACGTGT-1::pbmc3k,AGTACTCTACGTGT-1,pbmc3k,donor1,healthy,batch1,654,1604.0,30.0,1.8703243,False,False,False,True,0.02483069977426637,False,True,True,retained
AGTACTCTCAACCA-1::pbmc3k,AGTACTCTCAACCA-1,pbmc3k,donor1,healthy,batch1,762,1766.0,86.0,4.869762,False,False,False,True,0.017610661589719183,False,True,True,retained
AGTACTCTCGGTAT-1::pbmc3k,AGTACTCTCGGTAT-1,pbmc3k,donor1,healthy,batch1,882,2063.0,32.0,1.5511391,False,False,False,True,0.09696092619392188,False,True,True,retained
AGTAGGCTTGCCTC-1::pbmc3k,AGTAGGCTTGCCTC-1,pbmc3k,donor1,healthy,batch1,1236,3561.0,99.0,2.780118,False,False,False,True,0.05206463195691203,False,True,True,retained
AGTATAACTTGTCT-1::pbmc3k,AGTATAACTTGTCT-1,pbmc3k,donor1,healthy,batch1,1499,4455.0,143.0,3.2098765,False,False,False,True,0.016759776536312852,False,True,True,retained
AGTATCCTAGAACA-1::pbmc3k,AGTATCCTAGAACA-1,pbmc3k,donor1,healthy,batch1,626,1826.0,16.0,0.87623227,False,False,False,True,0.05529522024367387,False,True,True,retained
AGTCACGATGAGCT-1::pbmc3k,AGTCACGATGAGCT-1,pbmc3k,donor1,healthy,batch1,1380,3719.0,54.0,1.4520032,False,False,False,True,0.07692307692307694,False,True,True,retained
AGTCAGACGAATAG-1::pbmc3k,AGTCAGACGAATAG-1,pbmc3k,donor1,healthy,batch1,1170,3305.0,55.0,1.6641452,False,False,False,True,0.1155778894472362,False,True,True,retained
AGTCAGACGCTTAG-1::pbmc3k,AGTCAGACGCTTAG-1,pbmc3k,donor1,healthy,batch1,491,1011.0,32.0,3.1651828,False,False,False,True,0.07167235494880546,False,True,True,retained
AGTCAGACTAGAGA-1::pbmc3k,AGTCAGACTAGAGA-1,pbmc3k,donor1,healthy,batch1,833,1994.0,38.0,1.9057171,False,False,False,True,0.08943089430894309,False,True,True,retained
AGTCAGACTGCACA-1::pbmc3k,AGTCAGACTGCACA-1,pbmc3k,donor1,healthy,batch1,924,2820.0,42.0,1.4893618,False,False,False,True,0.06695464362850971,False,True,True,retained
AGTCCAGATATCTC-1::pbmc3k,AGTCCAGATATCTC-1,pbmc3k,donor1,healthy,batch1,581,1746.0,34.0,1.9473082,False,False,False,True,0.03534303534303534,False,True,True,retained
AGTCCAGATTTCAC-1::pbmc3k,AGTCCAGATTTCAC-1,pbmc3k,donor1,healthy,batch1,842,2095.0,33.0,1.575179,False,False,False,True,0.07167235494880546,False,True,True,retained
AGTCGAACCAACCA-1::pbmc3k,AGTCGAACCAACCA-1,pbmc3k,donor1,healthy,batch1,596,1547.0,36.0,2.3270848,False,False,False,True,0.03534303534303534,False,True,True,retained
AGTCGCCTCCGTAA-1::pbmc3k,AGTCGCCTCCGTAA-1,pbmc3k,donor1,healthy,batch1,811,2231.0,17.0,0.76199013,False,False,False,True,0.07692307692307694,False,True,True,retained
AGTCTACTAGGGTG-1::pbmc3k,AGTCTACTAGGGTG-1,pbmc3k,donor1,healthy,batch1,542,1192.0,11.0,0.9228188,False,False,False,True,0.01850048685491723,False,True,True,retained
AGTCTACTTGCATG-1::pbmc3k,AGTCTACTTGCATG-1,pbmc3k,donor1,healthy,batch1,1572,5204.0,173.0,3.324366,False,False,False,True,0.04909560723514212,False,True,True,retained
AGTCTTACACCACA-1::pbmc3k,AGTCTTACACCACA-1,pbmc3k,donor1,healthy,batch1,758,2425.0,45.0,1.8556701,False,False,False,True,0.030303030303030304,False,True,True,retained
AGTCTTACTTCGCC-1::pbmc3k,AGTCTTACTTCGCC-1,pbmc3k,donor1,healthy,batch1,854,2129.0,76.0,3.5697513,False,False,False,True,0.04635761589403972,False,True,True,retained
AGTCTTACTTCGGA-1::pbmc3k,AGTCTTACTTCGGA-1,pbmc3k,donor1,healthy,batch1,274,664.0,5.0,0.75301206,False,False,False,True,0.08280254777070062,False,True,True,retained
AGTGACTGCAACTG-1::pbmc3k,AGTGACTGCAACTG-1,pbmc3k,donor1,healthy,batch1,1413,4697.0,145.0,3.087077,False,False,False,True,0.019431988041853514,False,True,True,retained
AGTGTTCTAACCTG-1::pbmc3k,AGTGTTCTAACCTG-1,pbmc3k,donor1,healthy,batch1,872,2858.0,27.0,0.9447166,False,False,False,True,0.058823529411764705,False,True,True,retained
AGTGTTCTATAAGG-1::pbmc3k,AGTGTTCTATAAGG-1,pbmc3k,donor1,healthy,batch1,559,1309.0,30.0,2.2918258,False,False,False,True,0.08280254777070062,False,True,True,retained
AGTGTTCTCACTTT-1::pbmc3k,AGTGTTCTCACTTT-1,pbmc3k,donor1,healthy,batch1,907,2772.0,34.0,1.2265513,False,False,False,True,0.013008812421317668,False,True,True,retained
AGTTAAACCACTTT-1::pbmc3k,AGTTAAACCACTTT-1,pbmc3k,donor1,healthy,batch1,951,3024.0,82.0,2.7116404,False,False,False,True,0.043824701195219126,False,True,True,retained
AGTTATGAACAGTC-1::pbmc3k,AGTTATGAACAGTC-1,pbmc3k,donor1,healthy,batch1,1175,3624.0,59.0,1.6280353,False,False,False,True,0.020408163265306124,False,True,True,retained
AGTTATGACTGAGT-1::pbmc3k,AGTTATGACTGAGT-1,pbmc3k,donor1,healthy,batch1,946,2087.0,12.0,0.574988,False,False,False,True,0.07692307692307694,False,True,True,retained
AGTTATGAGTTCAG-1::pbmc3k,AGTTATGAGTTCAG-1,pbmc3k,donor1,healthy,batch1,905,2863.0,84.0,2.9339855,False,False,False,True,0.027413587604290822,False,True,True,retained
AGTTCTACCAGCTA-1::pbmc3k,AGTTCTACCAGCTA-1,pbmc3k,donor1,healthy,batch1,737,1632.0,40.0,2.4509804,False,False,False,True,0.017610661589719183,False,True,True,retained
AGTTCTTGAAGCCT-1::pbmc3k,AGTTCTTGAAGCCT-1,pbmc3k,donor1,healthy,batch1,604,1279.0,36.0,2.814699,False,False,False,True,0.03534303534303534,False,True,True,retained
AGTTGTCTACTACG-1::pbmc3k,AGTTGTCTACTACG-1,pbmc3k,donor1,healthy,batch1,843,2879.0,56.0,1.9451199,False,False,False,True,0.021432305279665442,False,True,True,retained
AGTTTAGATGGTCA-1::pbmc3k,AGTTTAGATGGTCA-1,pbmc3k,donor1,healthy,batch1,606,1395.0,34.0,2.4372761,False,False,False,True,0.04909560723514212,False,True,True,retained
AGTTTCACGGTCTA-1::pbmc3k,AGTTTCACGGTCTA-1,pbmc3k,donor1,healthy,batch1,1079,2520.0,29.0,1.1507937,False,False,False,True,0.015945330296127564,False,True,True,retained
AGTTTGCTACAGTC-1::pbmc3k,AGTTTGCTACAGTC-1,pbmc3k,donor1,healthy,batch1,668,2092.0,37.0,1.7686424,False,False,False,True,0.021432305279665442,False,True,True,retained
AGTTTGCTACTGGT-1::pbmc3k,AGTTTGCTACTGGT-1,pbmc3k,donor1,healthy,batch1,785,1942.0,65.0,3.347065,False,False,False,True,0.041474654377880185,False,True,True,retained
AGTTTGCTCCAAGT-1::pbmc3k,AGTTTGCTCCAAGT-1,pbmc3k,donor1,healthy,batch1,726,2050.0,11.0,0.5365854,False,False,False,True,0.06695464362850971,False,True,True,retained
ATAAACACAGTGCT-1::pbmc3k,ATAAACACAGTGCT-1,pbmc3k,donor1,healthy,batch1,978,2500.0,46.0,1.84,False,False,False,True,0.016759776536312852,False,True,True,retained
ATAAACACCACCAA-1::pbmc3k,ATAAACACCACCAA-1,pbmc3k,donor1,healthy,batch1,941,2918.0,107.0,3.6668952,False,False,False,True,0.030303030303030304,False,True,True,retained
ATAACAACATGCTG-1::pbmc3k,ATAACAACATGCTG-1,pbmc3k,donor1,healthy,batch1,994,2231.0,68.0,3.0479605,False,False,False,True,0.01850048685491723,False,True,True,retained
ATAACAACGTCTAG-1::pbmc3k,ATAACAACGTCTAG-1,pbmc3k,donor1,healthy,batch1,655,1672.0,48.0,2.8708134,False,False,False,True,0.07692307692307694,False,True,True,retained
ATAACAACTTTGTC-1::pbmc3k,ATAACAACTTTGTC-1,pbmc3k,donor1,healthy,batch1,1013,3132.0,73.0,2.330779,False,False,False,True,0.05206463195691203,False,True,True,retained
ATAACATGTACTCT-1::pbmc3k,ATAACATGTACTCT-1,pbmc3k,donor1,healthy,batch1,987,2776.0,40.0,1.4409221,False,False,False,True,0.09696092619392188,False,True,True,retained
ATAACCCTGTTGGT-1::pbmc3k,ATAACCCTGTTGGT-1,pbmc3k,donor1,healthy,batch1,591,1638.0,50.0,3.052503,False,False,False,True,0.09696092619392188,False,True,True,retained
ATAACCCTTGGTAC-1::pbmc3k,ATAACCCTTGGTAC-1,pbmc3k,donor1,healthy,batch1,1041,2949.0,18.0,0.61037636,False,False,False,True,0.03928836174944403,False,True,True,retained
ATAAGTACGAATGA-1::pbmc3k,ATAAGTACGAATGA-1,pbmc3k,donor1,healthy,batch1,625,1562.0,26.0,1.6645327,False,False,False,True,0.011707710940654016,False,True,True,retained
ATAAGTTGGTACGT-1::pbmc3k,ATAAGTTGGTACGT-1,pbmc3k,donor1,healthy,batch1,582,1355.0,33.0,2.4354243,False,False,False,True,0.031880286271958366,False,True,True,retained
ATAAGTTGTCTAGG-1::pbmc3k,ATAAGTTGTCTAGG-1,pbmc3k,donor1,healthy,batch1,814,2338.0,81.0,3.4644995,False,False,False,True,0.041474654377880185,False,True,True,retained
ATAATCGAGCTGAT-1::pbmc3k,ATAATCGAGCTGAT-1,pbmc3k,donor1,healthy,batch1,570,1386.0,27.0,1.9480519,False,False,False,True,0.01109350237717908,False,True,True,retained
ATAATCGATGGTTG-1::pbmc3k,ATAATCGATGGTTG-1,pbmc3k,donor1,healthy,batch1,775,2348.0,13.0,0.5536627,False,False,False,True,0.01850048685491723,False,True,True,retained
ATAATGACCTACTT-1::pbmc3k,ATAATGACCTACTT-1,pbmc3k,donor1,healthy,batch1,822,2215.0,27.0,1.2189616,False,False,False,True,0.030303030303030304,False,True,True,retained
ATAATGACTCGTGA-1::pbmc3k,ATAATGACTCGTGA-1,pbmc3k,donor1,healthy,batch1,715,1843.0,47.0,2.55019,False,False,False,True,0.04635761589403972,False,True,True,retained
ATACAATGTTAGGC-1::pbmc3k,ATACAATGTTAGGC-1,pbmc3k,donor1,healthy,batch1,738,2148.0,36.0,1.6759777,False,False,False,True,0.04635761589403972,False,True,True,retained
ATACCACTCGTACA-1::pbmc3k,ATACCACTCGTACA-1,pbmc3k,donor1,healthy,batch1,956,2896.0,60.0,2.0718231,False,False,False,True,0.013008812421317668,False,True,True,retained
ATACCACTCTAAGC-1::pbmc3k,ATACCACTCTAAGC-1,pbmc3k,donor1,healthy,batch1,1178,4138.0,100.0,2.4166265,False,False,False,True,0.05206463195691203,False,True,True,retained
ATACCACTGCCAAT-1::pbmc3k,ATACCACTGCCAAT-1,pbmc3k,donor1,healthy,batch1,743,1580.0,53.0,3.3544302,False,False,False,True,0.037249283667621785,False,True,True,retained
ATACCGGAATGCTG-1::pbmc3k,ATACCGGAATGCTG-1,pbmc3k,donor1,healthy,batch1,1861,6582.0,151.0,2.2941356,False,False,False,True,0.04909560723514212,False,True,True,retained
ATACCGGACATTTC-1::pbmc3k,ATACCGGACATTTC-1,pbmc3k,donor1,healthy,batch1,841,2213.0,42.0,1.8978761,False,False,False,True,0.013008812421317668,False,True,True,retained
ATACCGGACTTCGC-1::pbmc3k,ATACCGGACTTCGC-1,pbmc3k,donor1,healthy,batch1,944,2694.0,60.0,2.2271714,False,False,False,True,0.06269270298047275,False,True,True,retained
ATACCGGAGGTGTT-1::pbmc3k,ATACCGGAGGTGTT-1,pbmc3k,donor1,healthy,batch1,783,2129.0,46.0,2.1606388,False,False,False,True,0.009931245225362874,False,True,True,retained
ATACCGGATCTCGC-1::pbmc3k,ATACCGGATCTCGC-1,pbmc3k,donor1,healthy,batch1,643,1786.0,47.0,2.631579,False,False,False,True,0.058823529411764705,False,True,True,retained
ATACCTACGCATCA-1::pbmc3k,ATACCTACGCATCA-1,pbmc3k,donor1,healthy,batch1,924,2761.0,56.0,2.0282507,False,False,False,True,0.043824701195219126,False,True,True,retained
ATACCTTGGGGCAA-1::pbmc3k,ATACCTTGGGGCAA-1,pbmc3k,donor1,healthy,batch1,936,3678.0,51.0,1.3866231,False,False,False,True,0.08280254777070062,False,True,True,retained
ATACGGACAGACTC-1::pbmc3k,ATACGGACAGACTC-1,pbmc3k,donor1,healthy,batch1,431,877.0,36.0,4.1049027,False,False,False,True,0.02363936228697086,False,True,True,retained
ATACGGACCTACTT-1::pbmc3k,ATACGGACCTACTT-1,pbmc3k,donor1,healthy,batch1,490,1042.0,23.0,2.2072937,False,False,False,True,0.01234567901234568,False,True,True,retained
ATACGGACGAGGTG-1::pbmc3k,ATACGGACGAGGTG-1,pbmc3k,donor1,healthy,batch1,532,1218.0,38.0,3.1198685,False,False,False,True,0.015945330296127564,False,True,True,retained
ATACGGACTATGCG-1::pbmc3k,ATACGGACTATGCG-1,pbmc3k,donor1,healthy,batch1,524,1474.0,32.0,2.1709633,False,False,False,True,0.04909560723514212,False,True,True,retained
ATACGGACTCTGGA-1::pbmc3k,ATACGGACTCTGGA-1,pbmc3k,donor1,healthy,batch1,620,1470.0,51.0,3.4693878,False,False,False,True,0.01234567901234568,False,True,True,retained
ATACGTCTTAACGC-1::pbmc3k,ATACGTCTTAACGC-1,pbmc3k,donor1,healthy,batch1,749,2011.0,91.0,4.525112,False,False,False,True,0.016759776536312852,False,True,True,retained
ATACTCTGCTTCGC-1::pbmc3k,ATACTCTGCTTCGC-1,pbmc3k,donor1,healthy,batch1,1334,4474.0,97.0,2.1680822,False,False,False,True,0.03928836174944403,False,True,True,retained
ATACTCTGGTATGC-1::pbmc3k,ATACTCTGGTATGC-1,pbmc3k,donor1,healthy,batch1,834,1619.0,35.0,2.1618283,False,False,False,True,0.06269270298047275,False,True,True,retained
ATAGATACCATGGT-1::pbmc3k,ATAGATACCATGGT-1,pbmc3k,donor1,healthy,batch1,790,2183.0,40.0,1.8323408,False,False,False,True,0.015945330296127564,False,True,True,retained
ATAGATACGACGAG-1::pbmc3k,ATAGATACGACGAG-1,pbmc3k,donor1,healthy,batch1,702,2123.0,57.0,2.6848798,False,False,False,True,0.021432305279665442,False,True,True,retained
ATAGATTGGTGTAC-1::pbmc3k,ATAGATTGGTGTAC-1,pbmc3k,donor1,healthy,batch1,892,2749.0,55.0,2.0007274,False,False,False,True,0.02363936228697086,False,True,True,retained
ATAGCCGAACGGAG-1::pbmc3k,ATAGCCGAACGGAG-1,pbmc3k,donor1,healthy,batch1,693,2095.0,56.0,2.673031,False,False,False,True,0.04909560723514212,False,True,True,retained
ATAGCGTGCAGATC-1::pbmc3k,ATAGCGTGCAGATC-1,pbmc3k,donor1,healthy,batch1,784,2448.0,26.0,1.0620916,False,False,False,True,0.043824701195219126,False,True,True,retained
ATAGCGTGCCCTTG-1::pbmc3k,ATAGCGTGCCCTTG-1,pbmc3k,donor1,healthy,batch1,944,3004.0,34.0,1.1318243,False,False,False,True,0.017610661589719183,False,True,True,retained
ATAGCGTGGTATCG-1::pbmc3k,ATAGCGTGGTATCG-1,pbmc3k,donor1,healthy,batch1,471,1069.0,19.0,1.7773621,False,False,False,True,0.017610661589719183,False,True,True,retained
ATAGCGTGTCTCTA-1::pbmc3k,ATAGCGTGTCTCTA-1,pbmc3k,donor1,healthy,batch1,839,2273.0,42.0,1.8477783,False,False,False,True,0.04909560723514212,False,True,True,retained
ATAGCTCTCTGATG-1::pbmc3k,ATAGCTCTCTGATG-1,pbmc3k,donor1,healthy,batch1,529,1163.0,34.0,2.9234738,False,False,False,True,0.031880286271958366,False,True,True,retained
ATAGCTCTGAGGTG-1::pbmc3k,ATAGCTCTGAGGTG-1,pbmc3k,donor1,healthy,batch1,729,1975.0,42.0,2.1265824,False,False,False,True,0.031880286271958366,False,True,True,retained
ATAGGAGAAACAGA-1::pbmc3k,ATAGGAGAAACAGA-1,pbmc3k,donor1,healthy,batch1,1084,3554.0,78.0,2.1947103,False,False,False,True,0.03534303534303534,False,True,True,retained
ATAGGCTGTCAGAC-1::pbmc3k,ATAGGCTGTCAGAC-1,pbmc3k,donor1,healthy,batch1,802,2173.0,36.0,1.6566958,False,False,False,True,0.05206463195691203,False,True,True,retained
ATAGTCCTAGTGTC-1::pbmc3k,ATAGTCCTAGTGTC-1,pbmc3k,donor1,healthy,batch1,886,2205.0,47.0,2.1315193,False,False,False,True,0.01234567901234568,False,True,True,retained
ATAGTCCTTGCATG-1::pbmc3k,ATAGTCCTTGCATG-1,pbmc3k,donor1,healthy,batch1,815,2055.0,16.0,0.7785888,False,False,False,True,0.05206463195691203,False,True,True,retained
ATAGTCCTTGTCGA-1::pbmc3k,ATAGTCCTTGTCGA-1,pbmc3k,donor1,healthy,batch1,856,2662.0,30.0,1.1269722,False,False,False,True,0.02363936228697086,False,True,True,retained
ATAGTTGACAACTG-1::pbmc3k,ATAGTTGACAACTG-1,pbmc3k,donor1,healthy,batch1,746,2184.0,35.0,1.6025642,False,False,False,True,0.037249283667621785,False,True,True,retained
ATAGTTGACCCTCA-1::pbmc3k,ATAGTTGACCCTCA-1,pbmc3k,donor1,healthy,batch1,1318,4273.0,80.0,1.872221,False,False,False,True,0.019431988041853514,False,True,True,retained
ATAGTTGAGACGTT-1::pbmc3k,ATAGTTGAGACGTT-1,pbmc3k,donor1,healthy,batch1,545,2030.0,61.0,3.004926,False,False,False,True,0.04909560723514212,False,True,True,retained
ATAGTTGATAAGCC-1::pbmc3k,ATAGTTGATAAGCC-1,pbmc3k,donor1,healthy,batch1,696,1870.0,31.0,1.657754,False,False,False,True,0.04909560723514212,False,True,True,retained
ATATACGAAGCCAT-1::pbmc3k,ATATACGAAGCCAT-1,pbmc3k,donor1,healthy,batch1,872,2505.0,41.0,1.6367266,False,False,False,True,0.03355704697986577,False,True,True,retained
ATATACGAATTGGC-1::pbmc3k,ATATACGAATTGGC-1,pbmc3k,donor1,healthy,batch1,1154,3935.0,52.0,1.321474,False,False,False,True,0.022508038585209007,False,True,True,retained
ATATAGTGGAATGA-1::pbmc3k,ATATAGTGGAATGA-1,pbmc3k,donor1,healthy,batch1,467,1062.0,31.0,2.9190207,False,False,False,True,0.015945330296127564,False,True,True,retained
ATATGCCTAGATCC-1::pbmc3k,ATATGCCTAGATCC-1,pbmc3k,donor1,healthy,batch1,725,1910.0,39.0,2.041885,False,False,False,True,0.03928836174944403,False,True,True,retained
ATATGCCTGGACAG-1::pbmc3k,ATATGCCTGGACAG-1,pbmc3k,donor1,healthy,batch1,1027,3509.0,76.0,2.1658592,False,False,False,True,0.08280254777070062,False,True,True,retained
ATATGCCTTCTCTA-1::pbmc3k,ATATGCCTTCTCTA-1,pbmc3k,donor1,healthy,batch1,479,1090.0,15.0,1.3761468,False,False,False,True,0.03928836174944403,False,True,True,retained
ATATGCCTTGGTAC-1::pbmc3k,ATATGCCTTGGTAC-1,pbmc3k,donor1,healthy,batch1,728,2021.0,35.0,1.7318159,False,False,False,True,0.020408163265306124,False,True,True,retained
ATCAAATGAGCCTA-1::pbmc3k,ATCAAATGAGCCTA-1,pbmc3k,donor1,healthy,batch1,926,2562.0,80.0,3.1225605,False,False,False,True,0.05529522024367387,False,True,True,retained
ATCAAATGGGTAAA-1::pbmc3k,ATCAAATGGGTAAA-1,pbmc3k,donor1,healthy,batch1,1282,4211.0,96.0,2.2797437,False,False,False,True,0.04909560723514212,False,True,True,retained
ATCAACCTAAACGA-1::pbmc3k,ATCAACCTAAACGA-1,pbmc3k,donor1,healthy,batch1,907,2638.0,22.0,0.83396506,False,False,False,True,0.05529522024367387,False,True,True,retained
ATCAACCTGAGGAC-1::pbmc3k,ATCAACCTGAGGAC-1,pbmc3k,donor1,healthy,batch1,833,2312.0,63.0,2.7249136,False,False,False,True,0.07167235494880546,False,True,True,retained
ATCAACCTTCTCTA-1::pbmc3k,ATCAACCTTCTCTA-1,pbmc3k,donor1,healthy,batch1,1024,2505.0,75.0,2.9940119,False,False,False,True,0.058823529411764705,False,True,True,retained
ATCAACCTTTGTCT-1::pbmc3k,ATCAACCTTTGTCT-1,pbmc3k,donor1,healthy,batch1,838,2572.0,49.0,1.9051323,False,False,False,True,0.15789473684210528,False,True,True,retained
ATCACACTTTGTCT-1::pbmc3k,ATCACACTTTGTCT-1,pbmc3k,donor1,healthy,batch1,900,2560.0,54.0,2.109375,False,False,False,True,0.015945330296127564,False,True,True,retained
ATCACGGATTGCTT-1::pbmc3k,ATCACGGATTGCTT-1,pbmc3k,donor1,healthy,batch1,457,975.0,57.0,5.8461537,False,False,True,False,,False,False,False,high_mito
ATCACGGATTTCGT-1::pbmc3k,ATCACGGATTTCGT-1,pbmc3k,donor1,healthy,batch1,737,1792.0,39.0,2.1763394,False,False,False,True,0.031880286271958366,False,True,True,retained
ATCATCTGACACCA-1::pbmc3k,ATCATCTGACACCA-1,pbmc3k,donor1,healthy,batch1,367,737.0,5.0,0.6784261,False,False,False,True,0.08280254777070062,False,True,True,retained
ATCATGCTAGAGTA-1::pbmc3k,ATCATGCTAGAGTA-1,pbmc3k,donor1,healthy,batch1,459,850.0,29.0,3.4117646,False,False,False,True,0.09696092619392188,False,True,True,retained
ATCATGCTGAACCT-1::pbmc3k,ATCATGCTGAACCT-1,pbmc3k,donor1,healthy,batch1,1030,3165.0,74.0,2.3380728,False,False,False,True,0.022508038585209007,False,True,True,retained
ATCCAGGACGCTAA-1::pbmc3k,ATCCAGGACGCTAA-1,pbmc3k,donor1,healthy,batch1,1279,3756.0,47.0,1.2513312,False,False,False,True,0.014416775884665795,False,True,True,retained
ATCCAGGATGGAAA-1::pbmc3k,ATCCAGGATGGAAA-1,pbmc3k,donor1,healthy,batch1,756,2128.0,27.0,1.268797,False,False,False,True,0.06269270298047275,False,True,True,retained
ATCCATACTCCTTA-1::pbmc3k,ATCCATACTCCTTA-1,pbmc3k,donor1,healthy,batch1,662,1624.0,41.0,2.5246305,False,False,False,True,0.015945330296127564,False,True,True,retained
ATCCATACTTCATC-1::pbmc3k,ATCCATACTTCATC-1,pbmc3k,donor1,healthy,batch1,1323,3916.0,93.0,2.3748724,False,False,False,True,0.021432305279665442,False,True,True,retained
ATCCCGTGCAGTCA-1::pbmc3k,ATCCCGTGCAGTCA-1,pbmc3k,donor1,healthy,batch1,1003,1996.0,39.0,1.9539078,False,False,False,True,0.020408163265306124,False,True,True,retained
ATCCCGTGCATGCA-1::pbmc3k,ATCCCGTGCATGCA-1,pbmc3k,donor1,healthy,batch1,359,776.0,22.0,2.8350515,False,False,False,True,0.017610661589719183,False,True,True,retained
ATCCCGTGGCTGAT-1::pbmc3k,ATCCCGTGGCTGAT-1,pbmc3k,donor1,healthy,batch1,770,2155.0,39.0,1.8097447,False,False,False,True,0.015165031222123105,False,True,True,retained
ATCCGCACGCATCA-1::pbmc3k,ATCCGCACGCATCA-1,pbmc3k,donor1,healthy,batch1,813,2341.0,49.0,2.0931225,False,False,False,True,0.02608695652173913,False,True,True,retained
ATCCTAACGACGGA-1::pbmc3k,ATCCTAACGACGGA-1,pbmc3k,donor1,healthy,batch1,634,1776.0,65.0,3.65991,False,False,False,True,0.030303030303030304,False,True,True,retained
ATCCTAACGCTACA-1::pbmc3k,ATCCTAACGCTACA-1,pbmc3k,donor1,healthy,batch1,924,2064.0,35.0,1.6957365,False,False,False,True,0.07692307692307694,False,True,True,retained
ATCGACGAAACTGC-1::pbmc3k,ATCGACGAAACTGC-1,pbmc3k,donor1,healthy,batch1,1184,3308.0,37.0,1.1185006,False,False,False,True,0.02483069977426637,False,True,True,retained
ATCGACGAATGACC-1::pbmc3k,ATCGACGAATGACC-1,pbmc3k,donor1,healthy,batch1,901,2867.0,105.0,3.662365,False,False,False,True,0.01850048685491723,False,True,True,retained
ATCGAGTGGACGTT-1::pbmc3k,ATCGAGTGGACGTT-1,pbmc3k,donor1,healthy,batch1,816,1973.0,33.0,1.6725799,False,False,False,True,0.041474654377880185,False,True,True,retained
ATCGCAGAATCTCT-1::pbmc3k,ATCGCAGAATCTCT-1,pbmc3k,donor1,healthy,batch1,1421,4340.0,111.0,2.5576036,False,False,False,True,0.019431988041853514,False,True,True,retained
ATCGCAGAGTGTCA-1::pbmc3k,ATCGCAGAGTGTCA-1,pbmc3k,donor1,healthy,batch1,771,2109.0,31.0,1.469891,False,False,False,True,0.015945330296127564,False,True,True,retained
ATCGCCACTGAGGG-1::pbmc3k,ATCGCCACTGAGGG-1,pbmc3k,donor1,healthy,batch1,706,1687.0,48.0,2.8452876,False,False,False,True,0.07692307692307694,False,True,True,retained
ATCGCCTGGGTCAT-1::pbmc3k,ATCGCCTGGGTCAT-1,pbmc3k,donor1,healthy,batch1,953,2875.0,58.0,2.0173912,False,False,False,True,0.04909560723514212,False,True,True,retained
ATCGCCTGTGGCAT-1::pbmc3k,ATCGCCTGTGGCAT-1,pbmc3k,donor1,healthy,batch1,348,756.0,13.0,1.7195767,False,False,False,True,0.030303030303030304,False,True,True,retained
ATCGCGCTCAGAGG-1::pbmc3k,ATCGCGCTCAGAGG-1,pbmc3k,donor1,healthy,batch1,716,1842.0,61.0,3.3116176,False,False,False,True,0.009380863039399626,False,True,True,retained
ATCGCGCTGGGATG-1::pbmc3k,ATCGCGCTGGGATG-1,pbmc3k,donor1,healthy,batch1,870,2732.0,40.0,1.4641289,False,False,False,True,0.037249283667621785,False,True,True,retained
ATCGCGCTTTTCGT-1::pbmc3k,ATCGCGCTTTTCGT-1,pbmc3k,donor1,healthy,batch1,715,1779.0,46.0,2.5857222,False,False,False,True,0.017610661589719183,False,True,True,retained
ATCGGAACCAGTCA-1::pbmc3k,ATCGGAACCAGTCA-1,pbmc3k,donor1,healthy,batch1,550,1199.0,11.0,0.9174312,False,False,False,True,0.031880286271958366,False,True,True,retained
ATCGGTGAGTCAAC-1::pbmc3k,ATCGGTGAGTCAAC-1,pbmc3k,donor1,healthy,batch1,689,1885.0,32.0,1.6976128,False,False,False,True,0.02483069977426637,False,True,True,retained
ATCGGTGATTGCAG-1::pbmc3k,ATCGGTGATTGCAG-1,pbmc3k,donor1,healthy,batch1,947,2901.0,84.0,2.895553,False,False,False,True,0.04909560723514212,False,True,True,retained
ATCGTTTGCCTACC-1::pbmc3k,ATCGTTTGCCTACC-1,pbmc3k,donor1,healthy,batch1,1157,3404.0,76.0,2.2326674,False,False,False,True,0.030303030303030304,False,True,True,retained
ATCGTTTGGGTACT-1::pbmc3k,ATCGTTTGGGTACT-1,pbmc3k,donor1,healthy,batch1,690,1765.0,58.0,3.2861187,False,False,False,True,0.01234567901234568,False,True,True,retained
ATCGTTTGTGCCAA-1::pbmc3k,ATCGTTTGTGCCAA-1,pbmc3k,donor1,healthy,batch1,383,737.0,14.0,1.899593,False,False,False,True,0.043824701195219126,False,True,True,retained
ATCTACACCCGCTT-1::pbmc3k,ATCTACACCCGCTT-1,pbmc3k,donor1,healthy,batch1,374,754.0,13.0,1.7241379,False,False,False,True,0.015165031222123105,False,True,True,retained
ATCTACACCGGGAA-1::pbmc3k,ATCTACACCGGGAA-1,pbmc3k,donor1,healthy,batch1,882,2454.0,18.0,0.73349637,False,False,False,True,0.06695464362850971,False,True,True,retained
ATCTCAACAGGAGC-1::pbmc3k,ATCTCAACAGGAGC-1,pbmc3k,donor1,healthy,batch1,697,1915.0,43.0,2.245431,False,False,False,True,0.01109350237717908,False,True,True,retained
ATCTCAACCTCGAA-1::pbmc3k,ATCTCAACCTCGAA-1,pbmc3k,donor1,healthy,batch1,246,609.0,0.0,0.0,False,False,False,True,0.021432305279665442,False,True,True,retained
ATCTCAACCTTGTT-1::pbmc3k,ATCTCAACCTTGTT-1,pbmc3k,donor1,healthy,batch1,833,2138.0,45.0,2.1047707,False,False,False,True,0.007840342124019958,False,True,True,retained
ATCTGGGAAACCAC-1::pbmc3k,ATCTGGGAAACCAC-1,pbmc3k,donor1,healthy,batch1,1006,2420.0,50.0,2.0661156,False,False,False,True,0.007360672975814933,False,True,True,retained
ATCTGGGAAGTGTC-1::pbmc3k,ATCTGGGAAGTGTC-1,pbmc3k,donor1,healthy,batch1,1181,3477.0,60.0,1.7256256,False,False,False,True,0.03928836174944403,False,True,True,retained
ATCTGGGATTCCGC-1::pbmc3k,ATCTGGGATTCCGC-1,pbmc3k,donor1,healthy,batch1,974,2771.0,73.0,2.634428,False,False,False,True,0.15789473684210528,False,True,True,retained
ATCTGTTGAACGGG-1::pbmc3k,ATCTGTTGAACGGG-1,pbmc3k,donor1,healthy,batch1,856,2310.0,37.0,1.6017315,False,False,False,True,0.058823529411764705,False,True,True,retained
ATCTGTTGACCTCC-1::pbmc3k,ATCTGTTGACCTCC-1,pbmc3k,donor1,healthy,batch1,978,2713.0,38.0,1.4006635,False,False,False,True,0.027413587604290822,False,True,True,retained
ATCTGTTGCCTTCG-1::pbmc3k,ATCTGTTGCCTTCG-1,pbmc3k,donor1,healthy,batch1,1551,5198.0,94.0,1.8083878,False,False,False,True,0.017610661589719183,False,True,True,retained
ATCTGTTGGTTGCA-1::pbmc3k,ATCTGTTGGTTGCA-1,pbmc3k,donor1,healthy,batch1,965,2911.0,38.0,1.3053933,False,False,False,True,0.06269270298047275,False,True,True,retained
ATCTTGACACCAAC-1::pbmc3k,ATCTTGACACCAAC-1,pbmc3k,donor1,healthy,batch1,907,2702.0,28.0,1.0362694,False,False,False,True,0.06269270298047275,False,True,True,retained
ATCTTGACCTCCCA-1::pbmc3k,ATCTTGACCTCCCA-1,pbmc3k,donor1,healthy,batch1,565,1399.0,44.0,3.1451035,False,False,False,True,0.09696092619392188,False,True,True,retained
ATCTTTCTGCATCA-1::pbmc3k,ATCTTTCTGCATCA-1,pbmc3k,donor1,healthy,batch1,417,877.0,13.0,1.482326,False,False,False,True,0.09696092619392188,False,True,True,retained
ATCTTTCTGTTTCT-1::pbmc3k,ATCTTTCTGTTTCT-1,pbmc3k,donor1,healthy,batch1,907,2366.0,24.0,1.0143703,False,False,False,True,0.04635761589403972,False,True,True,retained
ATCTTTCTTGTCCC-1::pbmc3k,ATCTTTCTTGTCCC-1,pbmc3k,donor1,healthy,batch1,927,1915.0,67.0,3.4986947,False,False,False,True,0.008849557522123895,False,True,True,retained
ATGAAACTCTGTGA-1::pbmc3k,ATGAAACTCTGTGA-1,pbmc3k,donor1,healthy,batch1,966,3205.0,36.0,1.123245,False,False,False,True,0.03534303534303534,False,True,True,retained
ATGAAACTGAGGCA-1::pbmc3k,ATGAAACTGAGGCA-1,pbmc3k,donor1,healthy,batch1,658,1973.0,44.0,2.2301066,False,False,False,True,0.06695464362850971,False,True,True,retained
ATGAAGGAACAGCT-1::pbmc3k,ATGAAGGAACAGCT-1,pbmc3k,donor1,healthy,batch1,727,1477.0,27.0,1.8280298,False,False,False,True,0.030303030303030304,False,True,True,retained
ATGAAGGACCTGTC-1::pbmc3k,ATGAAGGACCTGTC-1,pbmc3k,donor1,healthy,batch1,743,2047.0,77.0,3.7616022,False,False,False,True,0.017610661589719183,False,True,True,retained
ATGAAGGACCTTAT-1::pbmc3k,ATGAAGGACCTTAT-1,pbmc3k,donor1,healthy,batch1,381,859.0,21.0,2.444703,False,False,False,True,0.010501750291715288,False,True,True,retained
ATGAAGGACTAGTG-1::pbmc3k,ATGAAGGACTAGTG-1,pbmc3k,donor1,healthy,batch1,385,713.0,14.0,1.9635344,False,False,False,True,0.013698630136986302,False,True,True,retained
ATGAAGGACTTGCC-1::pbmc3k,ATGAAGGACTTGCC-1,pbmc3k,donor1,healthy,batch1,905,1800.0,27.0,1.5,False,False,False,True,0.022508038585209007,False,True,True,retained
ATGACGTGACGACT-1::pbmc3k,ATGACGTGACGACT-1,pbmc3k,donor1,healthy,batch1,645,1881.0,22.0,1.1695907,False,False,False,True,0.01850048685491723,False,True,True,retained
ATGACGTGATCGGT-1::pbmc3k,ATGACGTGATCGGT-1,pbmc3k,donor1,healthy,batch1,1167,3623.0,131.0,3.615788,False,False,False,True,0.015945330296127564,False,True,True,retained
ATGAGAGAAAGTGA-1::pbmc3k,ATGAGAGAAAGTGA-1,pbmc3k,donor1,healthy,batch1,936,2880.0,21.0,0.7291667,False,False,False,True,0.05206463195691203,False,True,True,retained
ATGAGAGAACGCAT-1::pbmc3k,ATGAGAGAACGCAT-1,pbmc3k,donor1,healthy,batch1,724,2350.0,26.0,1.106383,False,False,False,True,0.02363936228697086,False,True,True,retained
ATGAGAGAAGTAGA-1::pbmc3k,ATGAGAGAAGTAGA-1,pbmc3k,donor1,healthy,batch1,618,1575.0,53.0,3.3650794,False,False,False,True,0.01234567901234568,False,True,True,retained
ATGAGCACACAGCT-1::pbmc3k,ATGAGCACACAGCT-1,pbmc3k,donor1,healthy,batch1,1038,3387.0,65.0,1.9191024,False,False,False,True,0.03534303534303534,False,True,True,retained
ATGAGCACATCTTC-1::pbmc3k,ATGAGCACATCTTC-1,pbmc3k,donor1,healthy,batch1,853,2599.0,31.0,1.1927664,False,False,False,True,0.06695464362850971,False,True,True,retained
ATGATAACTTCACT-1::pbmc3k,ATGATAACTTCACT-1,pbmc3k,donor1,healthy,batch1,808,1523.0,16.0,1.0505581,False,False,False,True,0.06695464362850971,False,True,True,retained
ATGATATGAAACAG-1::pbmc3k,ATGATATGAAACAG-1,pbmc3k,donor1,healthy,batch1,1403,4925.0,78.0,1.5837563,False,False,False,True,0.08943089430894309,False,True,True,retained
ATGATATGACTGGT-1::pbmc3k,ATGATATGACTGGT-1,pbmc3k,donor1,healthy,batch1,762,2343.0,49.0,2.0913358,False,False,False,True,0.058823529411764705,False,True,True,retained
ATGATATGAGCACT-1::pbmc3k,ATGATATGAGCACT-1,pbmc3k,donor1,healthy,batch1,741,2189.0,27.0,1.2334399,False,False,False,True,0.041474654377880185,False,True,True,retained
ATGATATGGTCATG-1::pbmc3k,ATGATATGGTCATG-1,pbmc3k,donor1,healthy,batch1,687,1768.0,30.0,1.6968327,False,False,False,True,0.03355704697986577,False,True,True,retained
ATGATATGGTGCTA-1::pbmc3k,ATGATATGGTGCTA-1,pbmc3k,donor1,healthy,batch1,932,1978.0,54.0,2.7300303,False,False,False,True,0.011707710940654016,False,True,True,retained
ATGATATGTTGTCT-1::pbmc3k,ATGATATGTTGTCT-1,pbmc3k,donor1,healthy,batch1,1096,2992.0,81.0,2.7072194,False,False,False,True,0.03928836174944403,False,True,True,retained
ATGCACGAATGTCG-1::pbmc3k,ATGCACGAATGTCG-1,pbmc3k,donor1,healthy,batch1,601,1381.0,44.0,3.186097,False,False,False,True,0.020408163265306124,False,True,True,retained
ATGCACGACTGTAG-1::pbmc3k,ATGCACGACTGTAG-1,pbmc3k,donor1,healthy,batch1,652,1479.0,25.0,1.6903313,False,False,False,True,0.037249283667621785,False,True,True,retained
ATGCACGAGAACCT-1::pbmc3k,ATGCACGAGAACCT-1,pbmc3k,donor1,healthy,batch1,895,2624.0,35.0,1.3338414,False,False,False,True,0.28358208955223857,True,True,False,predicted_doublet
ATGCACGAGTTCGA-1::pbmc3k,ATGCACGAGTTCGA-1,pbmc3k,donor1,healthy,batch1,682,1920.0,38.0,1.9791666,False,False,False,True,0.02608695652173913,False,True,True,retained
ATGCACGATTGGTG-1::pbmc3k,ATGCACGATTGGTG-1,pbmc3k,donor1,healthy,batch1,1553,4856.0,94.0,1.9357495,False,False,False,True,0.03928836174944403,False,True,True,retained
ATGCAGTGTTACCT-1::pbmc3k,ATGCAGTGTTACCT-1,pbmc3k,donor1,healthy,batch1,604,1396.0,29.0,2.0773637,False,False,False,True,0.009380863039399626,False,True,True,retained
ATGCAGTGTTCTAC-1::pbmc3k,ATGCAGTGTTCTAC-1,pbmc3k,donor1,healthy,batch1,823,2333.0,73.0,3.1290185,False,False,False,True,0.06269270298047275,False,True,True,retained
ATGCCAGAACGACT-1::pbmc3k,ATGCCAGAACGACT-1,pbmc3k,donor1,healthy,batch1,803,2167.0,43.0,1.9843102,False,False,False,True,0.05529522024367387,False,True,True,retained
ATGCCAGACAGTCA-1::pbmc3k,ATGCCAGACAGTCA-1,pbmc3k,donor1,healthy,batch1,646,1323.0,38.0,2.87226,False,False,False,True,0.019431988041853514,False,True,True,retained
ATGCCGCTTGAACC-1::pbmc3k,ATGCCGCTTGAACC-1,pbmc3k,donor1,healthy,batch1,917,2463.0,67.0,2.72026,False,False,False,True,0.011707710940654016,False,True,True,retained
ATGCGATGCTATGG-1::pbmc3k,ATGCGATGCTATGG-1,pbmc3k,donor1,healthy,batch1,942,2998.0,100.0,3.3355572,False,False,False,True,0.019431988041853514,False,True,True,retained
ATGCGATGCTGAGT-1::pbmc3k,ATGCGATGCTGAGT-1,pbmc3k,donor1,healthy,batch1,850,2543.0,39.0,1.5336218,False,False,False,True,0.03355704697986577,False,True,True,retained
ATGCGATGGTTACG-1::pbmc3k,ATGCGATGGTTACG-1,pbmc3k,donor1,healthy,batch1,795,2230.0,30.0,1.3452915,False,False,False,True,0.14115308151093434,False,True,True,retained
ATGCGCCTTCATTC-1::pbmc3k,ATGCGCCTTCATTC-1,pbmc3k,donor1,healthy,batch1,771,2544.0,67.0,2.633648,False,False,False,True,0.027413587604290822,False,True,True,retained
ATGCTTTGCGAATC-1::pbmc3k,ATGCTTTGCGAATC-1,pbmc3k,donor1,healthy,batch1,949,2482.0,73.0,2.9411764,False,False,False,True,0.04635761589403972,False,True,True,retained
ATGCTTTGGGCGAA-1::pbmc3k,ATGCTTTGGGCGAA-1,pbmc3k,donor1,healthy,batch1,516,1083.0,25.0,2.3084025,False,False,False,True,0.07692307692307694,False,True,True,retained
ATGCTTTGTAGTCG-1::pbmc3k,ATGCTTTGTAGTCG-1,pbmc3k,donor1,healthy,batch1,664,1682.0,27.0,1.6052319,False,False,False,True,0.014416775884665795,False,True,True,retained
ATGGACACATCGGT-1::pbmc3k,ATGGACACATCGGT-1,pbmc3k,donor1,healthy,batch1,1001,3094.0,47.0,1.5190692,False,False,False,True,0.037249283667621785,False,True,True,retained
ATGGACACGCATCA-1::pbmc3k,ATGGACACGCATCA-1,pbmc3k,donor1,healthy,batch1,637,1025.0,28.0,2.7317073,False,False,False,True,0.021432305279665442,False,True,True,retained
ATGGGTACAACCTG-1::pbmc3k,ATGGGTACAACCTG-1,pbmc3k,donor1,healthy,batch1,619,1348.0,38.0,2.818991,False,False,False,True,0.015165031222123105,False,True,True,retained
ATGGGTACATCGGT-1::pbmc3k,ATGGGTACATCGGT-1,pbmc3k,donor1,healthy,batch1,907,1873.0,31.0,1.6550988,False,False,False,True,0.031880286271958366,False,True,True,retained
ATGGGTACTATTCC-1::pbmc3k,ATGGGTACTATTCC-1,pbmc3k,donor1,healthy,batch1,961,2244.0,20.0,0.8912656,False,False,False,True,0.05206463195691203,False,True,True,retained
ATGGGTACTGGGAG-1::pbmc3k,ATGGGTACTGGGAG-1,pbmc3k,donor1,healthy,batch1,812,2458.0,38.0,1.5459723,False,False,False,True,0.07692307692307694,False,True,True,retained
ATGTAAACACCTCC-1::pbmc3k,ATGTAAACACCTCC-1,pbmc3k,donor1,healthy,batch1,793,2157.0,38.0,1.761706,False,False,False,True,0.05206463195691203,False,True,True,retained
ATGTAAACCCGCTT-1::pbmc3k,ATGTAAACCCGCTT-1,pbmc3k,donor1,healthy,batch1,1043,2959.0,40.0,1.3518081,False,False,False,True,0.04635761589403972,False,True,True,retained
ATGTAAACGGGATG-1::pbmc3k,ATGTAAACGGGATG-1,pbmc3k,donor1,healthy,batch1,1343,3961.0,140.0,3.5344608,False,False,False,True,0.03355704697986577,False,True,True,retained
ATGTAAACTCTCCG-1::pbmc3k,ATGTAAACTCTCCG-1,pbmc3k,donor1,healthy,batch1,1326,4770.0,125.0,2.620545,False,False,False,True,0.04909560723514212,False,True,True,retained
ATGTAAACTTCACT-1::pbmc3k,ATGTAAACTTCACT-1,pbmc3k,donor1,healthy,batch1,981,2707.0,66.0,2.4381232,False,False,False,True,0.041474654377880185,False,True,True,retained
ATGTACCTCAGTCA-1::pbmc3k,ATGTACCTCAGTCA-1,pbmc3k,donor1,healthy,batch1,675,2078.0,51.0,2.454283,False,False,False,True,0.05529522024367387,False,True,True,retained
ATGTACCTTAGTCG-1::pbmc3k,ATGTACCTTAGTCG-1,pbmc3k,donor1,healthy,batch1,937,2214.0,9.0,0.40650403,False,False,False,True,0.03928836174944403,False,True,True,retained
ATGTACCTTTATCC-1::pbmc3k,ATGTACCTTTATCC-1,pbmc3k,donor1,healthy,batch1,631,1536.0,40.0,2.6041665,False,False,False,True,0.027413587604290822,False,True,True,retained
ATGTACCTTTCACT-1::pbmc3k,ATGTACCTTTCACT-1,pbmc3k,donor1,healthy,batch1,1026,2523.0,41.0,1.6250495,False,False,False,True,0.08280254777070062,False,True,True,retained
ATGTCACTAATGCC-1::pbmc3k,ATGTCACTAATGCC-1,pbmc3k,donor1,healthy,batch1,1135,3558.0,70.0,1.9673973,False,False,False,True,0.01234567901234568,False,True,True,retained
ATGTCACTCTGCTC-1::pbmc3k,ATGTCACTCTGCTC-1,pbmc3k,donor1,healthy,batch1,499,1016.0,35.0,3.4448817,False,False,False,True,0.031880286271958366,False,True,True,retained
ATGTCGGAGGTGAG-1::pbmc3k,ATGTCGGAGGTGAG-1,pbmc3k,donor1,healthy,batch1,948,2364.0,44.0,1.8612521,False,False,False,True,0.04909560723514212,False,True,True,retained
ATGTTCACAGTCTG-1::pbmc3k,ATGTTCACAGTCTG-1,pbmc3k,donor1,healthy,batch1,801,1918.0,38.0,1.9812305,False,False,False,True,0.02483069977426637,False,True,True,retained
ATGTTCACCGTAGT-1::pbmc3k,ATGTTCACCGTAGT-1,pbmc3k,donor1,healthy,batch1,848,2457.0,70.0,2.8490028,False,False,False,True,0.06269270298047275,False,True,True,retained
ATGTTGCTTTCAGG-1::pbmc3k,ATGTTGCTTTCAGG-1,pbmc3k,donor1,healthy,batch1,741,2016.0,29.0,1.4384921,False,False,False,True,0.02363936228697086,False,True,True,retained
ATTAACGATGAGAA-1::pbmc3k,ATTAACGATGAGAA-1,pbmc3k,donor1,healthy,batch1,604,1291.0,53.0,4.105345,False,False,False,True,0.015945330296127564,False,True,True,retained
ATTAACGATGCAAC-1::pbmc3k,ATTAACGATGCAAC-1,pbmc3k,donor1,healthy,batch1,864,2026.0,25.0,1.2339586,False,False,False,True,0.028816676885346417,False,True,True,retained
ATTAAGACTGCAGT-1::pbmc3k,ATTAAGACTGCAGT-1,pbmc3k,donor1,healthy,batch1,1076,3366.0,59.0,1.7528223,False,False,False,True,0.030303030303030304,False,True,True,retained
ATTACCTGCCTTAT-1::pbmc3k,ATTACCTGCCTTAT-1,pbmc3k,donor1,healthy,batch1,1106,3536.0,55.0,1.5554298,False,False,False,True,0.03355704697986577,False,True,True,retained
ATTACCTGGAGGAC-1::pbmc3k,ATTACCTGGAGGAC-1,pbmc3k,donor1,healthy,batch1,1111,3449.0,34.0,0.985793,False,False,False,True,0.01234567901234568,False,True,True,retained
ATTACCTGGGCATT-1::pbmc3k,ATTACCTGGGCATT-1,pbmc3k,donor1,healthy,batch1,456,898.0,46.0,5.122494,False,False,True,False,,False,False,False,high_mito
ATTAGATGTTTCAC-1::pbmc3k,ATTAGATGTTTCAC-1,pbmc3k,donor1,healthy,batch1,624,2061.0,30.0,1.4556041,False,False,False,True,0.021432305279665442,False,True,True,retained
ATTATGGAATCTCT-1::pbmc3k,ATTATGGAATCTCT-1,pbmc3k,donor1,healthy,batch1,1008,2734.0,25.0,0.9144111,False,False,False,True,0.05529522024367387,False,True,True,retained
ATTCAAGAACGGGA-1::pbmc3k,ATTCAAGAACGGGA-1,pbmc3k,donor1,healthy,batch1,908,3045.0,66.0,2.1674876,False,False,False,True,0.04909560723514212,False,True,True,retained
ATTCAAGACCTTTA-1::pbmc3k,ATTCAAGACCTTTA-1,pbmc3k,donor1,healthy,batch1,815,1974.0,42.0,2.1276596,False,False,False,True,0.03534303534303534,False,True,True,retained
ATTCAGCTCATTGG-1::pbmc3k,ATTCAGCTCATTGG-1,pbmc3k,donor1,healthy,batch1,346,917.0,27.0,2.9443839,False,False,False,True,0.08280254777070062,False,True,True,retained
ATTCCAACCATTGG-1::pbmc3k,ATTCCAACCATTGG-1,pbmc3k,donor1,healthy,batch1,1062,2895.0,92.0,3.1778927,False,False,False,True,0.017610661589719183,False,True,True,retained
ATTCCAACTTAGGC-1::pbmc3k,ATTCCAACTTAGGC-1,pbmc3k,donor1,healthy,batch1,803,1898.0,44.0,2.3182297,False,False,False,True,0.03928836174944403,False,True,True,retained
ATTCGACTCACTAG-1::pbmc3k,ATTCGACTCACTAG-1,pbmc3k,donor1,healthy,batch1,749,1771.0,26.0,1.4680971,False,False,False,True,0.037249283667621785,False,True,True,retained
ATTCGACTGAATAG-1::pbmc3k,ATTCGACTGAATAG-1,pbmc3k,donor1,healthy,batch1,779,2064.0,38.0,1.8410852,False,False,False,True,0.014416775884665795,False,True,True,retained
ATTCGACTTTTGTC-1::pbmc3k,ATTCGACTTTTGTC-1,pbmc3k,donor1,healthy,batch1,1027,2617.0,63.0,2.4073367,False,False,False,True,0.043824701195219126,False,True,True,retained
ATTCGGGAAAGGCG-1::pbmc3k,ATTCGGGAAAGGCG-1,pbmc3k,donor1,healthy,batch1,1032,2999.0,60.0,2.0006669,False,False,False,True,0.2044198895027624,False,True,True,retained
ATTCGGGATTAGGC-1::pbmc3k,ATTCGGGATTAGGC-1,pbmc3k,donor1,healthy,batch1,1040,3252.0,23.0,0.7072571,False,False,False,True,0.06269270298047275,False,True,True,retained
ATTCTTCTGATACC-1::pbmc3k,ATTCTTCTGATACC-1,pbmc3k,donor1,healthy,batch1,654,1722.0,35.0,2.0325203,False,False,False,True,0.08280254777070062,False,True,True,retained
ATTGAATGGACGGA-1::pbmc3k,ATTGAATGGACGGA-1,pbmc3k,donor1,healthy,batch1,631,1530.0,40.0,2.6143792,False,False,False,True,0.05206463195691203,False,True,True,retained
ATTGATGAAGGTTC-1::pbmc3k,ATTGATGAAGGTTC-1,pbmc3k,donor1,healthy,batch1,755,2344.0,58.0,2.474403,False,False,False,True,0.031880286271958366,False,True,True,retained
ATTGATGACTGAGT-1::pbmc3k,ATTGATGACTGAGT-1,pbmc3k,donor1,healthy,batch1,854,2793.0,39.0,1.396348,False,False,False,True,0.02483069977426637,False,True,True,retained
ATTGATGAGCGAAG-1::pbmc3k,ATTGATGAGCGAAG-1,pbmc3k,donor1,healthy,batch1,850,2290.0,36.0,1.5720524,False,False,False,True,0.06269270298047275,False,True,True,retained
ATTGATGATCTATC-1::pbmc3k,ATTGATGATCTATC-1,pbmc3k,donor1,healthy,batch1,798,2248.0,51.0,2.2686834,False,False,False,True,0.05206463195691203,False,True,True,retained
ATTGCACTGACGGA-1::pbmc3k,ATTGCACTGACGGA-1,pbmc3k,donor1,healthy,batch1,864,3065.0,66.0,2.1533442,False,False,False,True,0.020408163265306124,False,True,True,retained
ATTGCACTGAGAGC-1::pbmc3k,ATTGCACTGAGAGC-1,pbmc3k,donor1,healthy,batch1,1078,2965.0,51.0,1.7200675,False,False,False,True,0.037249283667621785,False,True,True,retained
ATTGCACTGGAGCA-1::pbmc3k,ATTGCACTGGAGCA-1,pbmc3k,donor1,healthy,batch1,690,1621.0,42.0,2.5909932,False,False,False,True,0.015165031222123105,False,True,True,retained
ATTGCACTTAGCCA-1::pbmc3k,ATTGCACTTAGCCA-1,pbmc3k,donor1,healthy,batch1,864,2393.0,21.0,0.87755954,False,False,False,True,0.05529522024367387,False,True,True,retained
ATTGCACTTGCTTT-1::pbmc3k,ATTGCACTTGCTTT-1,pbmc3k,donor1,healthy,batch1,1523,4892.0,108.0,2.207686,False,False,False,True,0.015945330296127564,False,True,True,retained
ATTGCTTGTTACTC-1::pbmc3k,ATTGCTTGTTACTC-1,pbmc3k,donor1,healthy,batch1,838,2439.0,46.0,1.8860189,False,False,False,True,0.021432305279665442,False,True,True,retained
ATTGGTCTGACTAC-1::pbmc3k,ATTGGTCTGACTAC-1,pbmc3k,donor1,healthy,batch1,966,2507.0,57.0,2.273634,False,False,False,True,0.015165031222123105,False,True,True,retained
ATTGGTCTTGTCTT-1::pbmc3k,ATTGGTCTTGTCTT-1,pbmc3k,donor1,healthy,batch1,389,752.0,10.0,1.3297873,False,False,False,True,0.017610661589719183,False,True,True,retained
ATTGTAGATTCCCG-1::pbmc3k,ATTGTAGATTCCCG-1,pbmc3k,donor1,healthy,batch1,1654,5503.0,127.0,2.307832,False,False,False,True,0.04909560723514212,False,True,True,retained
ATTGTAGATTGCAG-1::pbmc3k,ATTGTAGATTGCAG-1,pbmc3k,donor1,healthy,batch1,808,2589.0,72.0,2.7809966,False,False,False,True,0.05529522024367387,False,True,True,retained
ATTGTCTGCGTACA-1::pbmc3k,ATTGTCTGCGTACA-1,pbmc3k,donor1,healthy,batch1,885,2317.0,44.0,1.8990073,False,False,False,True,0.043824701195219126,False,True,True,retained
ATTTAGGAACCATG-1::pbmc3k,ATTTAGGAACCATG-1,pbmc3k,donor1,healthy,batch1,1665,5680.0,162.0,2.8521125,False,False,False,True,0.011707710940654016,False,True,True,retained
ATTTAGGACAGAGG-1::pbmc3k,ATTTAGGACAGAGG-1,pbmc3k,donor1,healthy,batch1,920,2435.0,26.0,1.0677618,False,False,False,True,0.06695464362850971,False,True,True,retained
ATTTCCGAGATGAA-1::pbmc3k,ATTTCCGAGATGAA-1,pbmc3k,donor1,healthy,batch1,855,2449.0,111.0,4.532462,False,False,False,True,0.05529522024367387,False,True,True,retained
ATTTCCGAGTGCTA-1::pbmc3k,ATTTCCGAGTGCTA-1,pbmc3k,donor1,healthy,batch1,807,1908.0,57.0,2.9874213,False,False,False,True,0.058823529411764705,False,True,True,retained
ATTTCGTGTATGGC-1::pbmc3k,ATTTCGTGTATGGC-1,pbmc3k,donor1,healthy,batch1,859,2244.0,47.0,2.094474,False,False,False,True,0.15789473684210528,False,True,True,retained
ATTTCTCTACTTTC-1::pbmc3k,ATTTCTCTACTTTC-1,pbmc3k,donor1,healthy,batch1,1276,4151.0,119.0,2.866779,False,False,False,True,0.02608695652173913,False,True,True,retained
ATTTCTCTAGCAAA-1::pbmc3k,ATTTCTCTAGCAAA-1,pbmc3k,donor1,healthy,batch1,987,2441.0,33.0,1.351905,False,False,False,True,0.05529522024367387,False,True,True,retained
ATTTCTCTCACTTT-1::pbmc3k,ATTTCTCTCACTTT-1,pbmc3k,donor1,healthy,batch1,1079,3223.0,66.0,2.0477817,False,False,False,True,0.06269270298047275,False,True,True,retained
ATTTCTCTTCCCAC-1::pbmc3k,ATTTCTCTTCCCAC-1,pbmc3k,donor1,healthy,batch1,678,1974.0,27.0,1.3677812,False,False,False,True,0.021432305279665442,False,True,True,retained
ATTTGCACAAGATG-1::pbmc3k,ATTTGCACAAGATG-1,pbmc3k,donor1,healthy,batch1,626,1525.0,64.0,4.196721,False,False,False,True,0.007840342124019958,False,True,True,retained
CAAAGCACAGCTCA-1::pbmc3k,CAAAGCACAGCTCA-1,pbmc3k,donor1,healthy,batch1,831,2393.0,32.0,1.3372335,False,False,False,True,0.05206463195691203,False,True,True,retained
CAAAGCACCGTAAC-1::pbmc3k,CAAAGCACCGTAAC-1,pbmc3k,donor1,healthy,batch1,829,2347.0,42.0,1.7895185,False,False,False,True,0.022508038585209007,False,True,True,retained
CAAAGCACGGTAAA-1::pbmc3k,CAAAGCACGGTAAA-1,pbmc3k,donor1,healthy,batch1,1009,2138.0,30.0,1.4031805,False,False,False,True,0.058823529411764705,False,True,True,retained
CAAAGCTGAAAGTG-1::pbmc3k,CAAAGCTGAAAGTG-1,pbmc3k,donor1,healthy,batch1,547,1234.0,39.0,3.160454,False,False,False,True,0.06269270298047275,False,True,True,retained
CAAAGCTGTTGCTT-1::pbmc3k,CAAAGCTGTTGCTT-1,pbmc3k,donor1,healthy,batch1,893,2486.0,59.0,2.3732905,False,False,False,True,0.03355704697986577,False,True,True,retained
CAAATATGTGACAC-1::pbmc3k,CAAATATGTGACAC-1,pbmc3k,donor1,healthy,batch1,722,2407.0,57.0,2.368093,False,False,False,True,0.022508038585209007,False,True,True,retained
CAAATTGAGGGCAA-1::pbmc3k,CAAATTGAGGGCAA-1,pbmc3k,donor1,healthy,batch1,656,1988.0,39.0,1.9617707,False,False,False,True,0.04635761589403972,False,True,True,retained
CAAATTGATGGAGG-1::pbmc3k,CAAATTGATGGAGG-1,pbmc3k,donor1,healthy,batch1,415,846.0,33.0,3.9007094,False,False,False,True,0.019431988041853514,False,True,True,retained
CAACCAGAAAAGTG-1::pbmc3k,CAACCAGAAAAGTG-1,pbmc3k,donor1,healthy,batch1,773,2237.0,56.0,2.5033526,False,False,False,True,0.058823529411764705,False,True,True,retained
CAACCAGAAGTGCT-1::pbmc3k,CAACCAGAAGTGCT-1,pbmc3k,donor1,healthy,batch1,1262,4328.0,111.0,2.564695,False,False,False,True,0.02363936228697086,False,True,True,retained
CAACCAGAGTTCAG-1::pbmc3k,CAACCAGAGTTCAG-1,pbmc3k,donor1,healthy,batch1,1218,3776.0,109.0,2.8866525,False,False,False,True,0.03928836174944403,False,True,True,retained
CAACCAGATAGAAG-1::pbmc3k,CAACCAGATAGAAG-1,pbmc3k,donor1,healthy,batch1,365,739.0,14.0,1.8944521,False,False,False,True,0.016759776536312852,False,True,True,retained
CAACCGCTGTTCAG-1::pbmc3k,CAACCGCTGTTCAG-1,pbmc3k,donor1,healthy,batch1,661,1991.0,71.0,3.5660472,False,False,False,True,0.022508038585209007,False,True,True,retained
CAACCGCTTTGAGC-1::pbmc3k,CAACCGCTTTGAGC-1,pbmc3k,donor1,healthy,batch1,805,2299.0,55.0,2.3923445,False,False,False,True,0.05206463195691203,False,True,True,retained
CAACGATGCGCAAT-1::pbmc3k,CAACGATGCGCAAT-1,pbmc3k,donor1,healthy,batch1,1409,4519.0,93.0,2.0579774,False,False,False,True,0.03355704697986577,False,True,True,retained
CAACGTGACTCCAC-1::pbmc3k,CAACGTGACTCCAC-1,pbmc3k,donor1,healthy,batch1,1094,2999.0,88.0,2.9343116,False,False,False,True,0.02363936228697086,False,True,True,retained
CAACGTGAGCCATA-1::pbmc3k,CAACGTGAGCCATA-1,pbmc3k,donor1,healthy,batch1,779,1667.0,21.0,1.2597481,False,False,False,True,0.019431988041853514,False,True,True,retained
CAACGTGATCAAGC-1::pbmc3k,CAACGTGATCAAGC-1,pbmc3k,donor1,healthy,batch1,898,2365.0,52.0,2.1987314,False,False,False,True,0.02608695652173913,False,True,True,retained
CAAGAAGACCACAA-1::pbmc3k,CAAGAAGACCACAA-1,pbmc3k,donor1,healthy,batch1,830,2021.0,73.0,3.6120732,False,False,False,True,0.01850048685491723,False,True,True,retained
CAAGAAGACGTCTC-1::pbmc3k,CAAGAAGACGTCTC-1,pbmc3k,donor1,healthy,batch1,1242,3488.0,83.0,2.3795872,False,False,False,True,0.030303030303030304,False,True,True,retained
CAAGAAGATTCTAC-1::pbmc3k,CAAGAAGATTCTAC-1,pbmc3k,donor1,healthy,batch1,864,2810.0,36.0,1.2811388,False,False,False,True,0.02363936228697086,False,True,True,retained
CAAGACTGACCTGA-1::pbmc3k,CAAGACTGACCTGA-1,pbmc3k,donor1,healthy,batch1,576,1669.0,32.0,1.9173158,False,False,False,True,0.016759776536312852,False,True,True,retained
CAAGACTGAGTAGA-1::pbmc3k,CAAGACTGAGTAGA-1,pbmc3k,donor1,healthy,batch1,901,2612.0,47.0,1.7993875,False,False,False,True,0.022508038585209007,False,True,True,retained
CAAGCTGACCATAG-1::pbmc3k,CAAGCTGACCATAG-1,pbmc3k,donor1,healthy,batch1,1274,3773.0,108.0,2.8624437,False,False,False,True,0.022508038585209007,False,True,True,retained
CAAGCTGATCTATC-1::pbmc3k,CAAGCTGATCTATC-1,pbmc3k,donor1,healthy,batch1,852,1960.0,17.0,0.86734694,False,False,False,True,0.05529522024367387,False,True,True,retained
CAAGGACTGTTCAG-1::pbmc3k,CAAGGACTGTTCAG-1,pbmc3k,donor1,healthy,batch1,1006,3133.0,74.0,2.3619535,False,False,False,True,0.05206463195691203,False,True,True,retained
CAAGGACTTCTTTG-1::pbmc3k,CAAGGACTTCTTTG-1,pbmc3k,donor1,healthy,batch1,719,1688.0,59.0,3.4952607,False,False,False,True,0.03534303534303534,False,True,True,retained
CAAGGTTGCTCCAC-1::pbmc3k,CAAGGTTGCTCCAC-1,pbmc3k,donor1,healthy,batch1,763,1896.0,33.0,1.7405063,False,False,False,True,0.03355704697986577,False,True,True,retained
CAAGGTTGTCATTC-1::pbmc3k,CAAGGTTGTCATTC-1,pbmc3k,donor1,healthy,batch1,683,1868.0,61.0,3.2655246,False,False,False,True,0.013008812421317668,False,True,True,retained
CAAGGTTGTCTGGA-1::pbmc3k,CAAGGTTGTCTGGA-1,pbmc3k,donor1,healthy,batch1,957,2040.0,39.0,1.9117647,False,False,False,True,0.015945330296127564,False,True,True,retained
CAAGTCGAAACAGA-1::pbmc3k,CAAGTCGAAACAGA-1,pbmc3k,donor1,healthy,batch1,831,2294.0,109.0,4.751526,False,False,False,True,0.05529522024367387,False,True,True,retained
CAAGTCGATAGCGT-1::pbmc3k,CAAGTCGATAGCGT-1,pbmc3k,donor1,healthy,batch1,724,1724.0,58.0,3.364269,False,False,False,True,0.013698630136986302,False,True,True,retained
CAATAAACGCCATA-1::pbmc3k,CAATAAACGCCATA-1,pbmc3k,donor1,healthy,batch1,354,829.0,29.0,3.4981906,False,False,False,True,0.022508038585209007,False,True,True,retained
CAATAATGAACTGC-1::pbmc3k,CAATAATGAACTGC-1,pbmc3k,donor1,healthy,batch1,763,2255.0,70.0,3.1042128,False,False,False,True,0.028816676885346417,False,True,True,retained
CAATATGACATGGT-1::pbmc3k,CAATATGACATGGT-1,pbmc3k,donor1,healthy,batch1,910,2766.0,75.0,2.7114966,False,False,False,True,0.07167235494880546,False,True,True,retained
CAATATGACCTTCG-1::pbmc3k,CAATATGACCTTCG-1,pbmc3k,donor1,healthy,batch1,749,1878.0,34.0,1.8104367,False,False,False,True,0.03534303534303534,False,True,True,retained
CAATATGACGTTAG-1::pbmc3k,CAATATGACGTTAG-1,pbmc3k,donor1,healthy,batch1,626,1691.0,55.0,3.2525134,False,False,False,True,0.020408163265306124,False,True,True,retained
CAATATGAGGAGCA-1::pbmc3k,CAATATGAGGAGCA-1,pbmc3k,donor1,healthy,batch1,870,3037.0,39.0,1.284162,False,False,False,True,0.027413587604290822,False,True,True,retained
CAATCGGAGAAACA-1::pbmc3k,CAATCGGAGAAACA-1,pbmc3k,donor1,healthy,batch1,795,2630.0,30.0,1.1406845,False,False,False,True,0.04635761589403972,False,True,True,retained
CAATCTACTGACTG-1::pbmc3k,CAATCTACTGACTG-1,pbmc3k,donor1,healthy,batch1,1078,2744.0,53.0,1.9314868,False,False,False,True,0.014416775884665795,False,True,True,retained
CAATTCACCCAACA-1::pbmc3k,CAATTCACCCAACA-1,pbmc3k,donor1,healthy,batch1,736,1845.0,56.0,3.0352304,False,False,False,True,0.041474654377880185,False,True,True,retained
CAATTCACGATAGA-1::pbmc3k,CAATTCACGATAGA-1,pbmc3k,donor1,healthy,batch1,835,2479.0,39.0,1.573215,False,False,False,True,0.058823529411764705,False,True,True,retained
CAATTCACTTGTGG-1::pbmc3k,CAATTCACTTGTGG-1,pbmc3k,donor1,healthy,batch1,402,1032.0,18.0,1.7441862,False,False,False,True,0.022508038585209007,False,True,True,retained
CAATTCTGCTTGTT-1::pbmc3k,CAATTCTGCTTGTT-1,pbmc3k,donor1,healthy,batch1,1203,3343.0,77.0,2.3033204,False,False,False,True,0.02608695652173913,False,True,True,retained
CAATTCTGGCGTAT-1::pbmc3k,CAATTCTGGCGTAT-1,pbmc3k,donor1,healthy,batch1,699,1684.0,63.0,3.7410927,False,False,False,True,0.03534303534303534,False,True,True,retained
CACAACGATACGAC-1::pbmc3k,CACAACGATACGAC-1,pbmc3k,donor1,healthy,batch1,755,2405.0,69.0,2.8690228,False,False,False,True,0.05529522024367387,False,True,True,retained
CACAATCTTGTTCT-1::pbmc3k,CACAATCTTGTTCT-1,pbmc3k,donor1,healthy,batch1,697,1547.0,30.0,1.9392374,False,False,False,True,0.09696092619392188,False,True,True,retained
CACAATCTTTCCAT-1::pbmc3k,CACAATCTTTCCAT-1,pbmc3k,donor1,healthy,batch1,1229,3853.0,98.0,2.5434728,False,False,False,True,0.14115308151093434,False,True,True,retained
CACACCTGCTTGAG-1::pbmc3k,CACACCTGCTTGAG-1,pbmc3k,donor1,healthy,batch1,637,1594.0,16.0,1.0037642,False,False,False,True,0.06269270298047275,False,True,True,retained
CACACCTGTATGGC-1::pbmc3k,CACACCTGTATGGC-1,pbmc3k,donor1,healthy,batch1,666,1875.0,89.0,4.7466664,False,False,False,True,0.037249283667621785,False,True,True,retained
CACAGAACCCTTGC-1::pbmc3k,CACAGAACCCTTGC-1,pbmc3k,donor1,healthy,batch1,846,2019.0,61.0,3.0212977,False,False,False,True,0.34841628959276005,True,True,False,predicted_doublet
CACAGAACCTGATG-1::pbmc3k,CACAGAACCTGATG-1,pbmc3k,donor1,healthy,batch1,1036,2838.0,110.0,3.875969,False,False,False,True,0.06269270298047275,False,True,True,retained
CACAGATGGGATTC-1::pbmc3k,CACAGATGGGATTC-1,pbmc3k,donor1,healthy,batch1,1027,3230.0,64.0,1.9814242,False,False,False,True,0.05529522024367387,False,True,True,retained
CACAGATGGTTTCT-1::pbmc3k,CACAGATGGTTTCT-1,pbmc3k,donor1,healthy,batch1,831,2090.0,32.0,1.5311005,False,False,False,True,0.014416775884665795,False,True,True,retained
CACAGCCTGATACC-1::pbmc3k,CACAGCCTGATACC-1,pbmc3k,donor1,healthy,batch1,999,2831.0,72.0,2.543271,False,False,False,True,0.06269270298047275,False,True,True,retained
CACAGCCTTGCCAA-1::pbmc3k,CACAGCCTTGCCAA-1,pbmc3k,donor1,healthy,batch1,942,2294.0,67.0,2.9206626,False,False,False,True,0.01109350237717908,False,True,True,retained
CACAGCCTTGTAGC-1::pbmc3k,CACAGCCTTGTAGC-1,pbmc3k,donor1,healthy,batch1,891,2555.0,37.0,1.448141,False,False,False,True,0.09696092619392188,False,True,True,retained
CACAGTGATGAAGA-1::pbmc3k,CACAGTGATGAAGA-1,pbmc3k,donor1,healthy,batch1,1007,3016.0,83.0,2.7519894,False,False,False,True,0.030303030303030304,False,True,True,retained
CACATACTACAGCT-1::pbmc3k,CACATACTACAGCT-1,pbmc3k,donor1,healthy,batch1,712,1854.0,29.0,1.5641855,False,False,False,True,0.06269270298047275,False,True,True,retained
CACATGGAACACGT-1::pbmc3k,CACATGGAACACGT-1,pbmc3k,donor1,healthy,batch1,990,2962.0,37.0,1.249156,False,False,False,True,0.037249283667621785,False,True,True,retained
CACATGGAAGTCGT-1::pbmc3k,CACATGGAAGTCGT-1,pbmc3k,donor1,healthy,batch1,725,2453.0,60.0,2.4459844,False,False,False,True,0.041474654377880185,False,True,True,retained
CACCACTGCCAACA-1::pbmc3k,CACCACTGCCAACA-1,pbmc3k,donor1,healthy,batch1,745,2259.0,47.0,2.0805666,False,False,False,True,0.043824701195219126,False,True,True,retained
CACCACTGGCGAAG-1::pbmc3k,CACCACTGGCGAAG-1,pbmc3k,donor1,healthy,batch1,921,2221.0,32.0,1.4407924,False,False,False,True,0.027413587604290822,False,True,True,retained
CACCCATGTTCTGT-1::pbmc3k,CACCCATGTTCTGT-1,pbmc3k,donor1,healthy,batch1,333,561.0,25.0,4.456328,False,False,False,True,0.03355704697986577,False,True,True,retained
CACCGGGAATCGAC-1::pbmc3k,CACCGGGAATCGAC-1,pbmc3k,donor1,healthy,batch1,1042,2879.0,32.0,1.111497,False,False,False,True,0.06695464362850971,False,True,True,retained
CACCGGGACGAGAG-1::pbmc3k,CACCGGGACGAGAG-1,pbmc3k,donor1,healthy,batch1,895,2588.0,53.0,2.0479136,False,False,False,True,0.028816676885346417,False,True,True,retained
CACCGGGACGTGTA-1::pbmc3k,CACCGGGACGTGTA-1,pbmc3k,donor1,healthy,batch1,873,3096.0,56.0,1.8087854,False,False,False,True,0.037249283667621785,False,True,True,retained
CACCGGGACTTCTA-1::pbmc3k,CACCGGGACTTCTA-1,pbmc3k,donor1,healthy,batch1,1612,4297.0,176.0,4.0958805,False,False,False,True,0.04635761589403972,False,True,True,retained
CACCGGGACTTGCC-1::pbmc3k,CACCGGGACTTGCC-1,pbmc3k,donor1,healthy,batch1,724,1792.0,89.0,4.966518,False,False,False,True,0.06695464362850971,False,True,True,retained
CACCGGGATTCGGA-1::pbmc3k,CACCGGGATTCGGA-1,pbmc3k,donor1,healthy,batch1,929,2329.0,84.0,3.6066983,False,False,False,True,0.12727272727272732,False,True,True,retained
CACCGTACTAAGGA-1::pbmc3k,CACCGTACTAAGGA-1,pbmc3k,donor1,healthy,batch1,601,1657.0,41.0,2.4743512,False,False,False,True,0.06269270298047275,False,True,True,retained
CACCGTACTAGCGT-1::pbmc3k,CACCGTACTAGCGT-1,pbmc3k,donor1,healthy,batch1,862,2715.0,57.0,2.0994475,False,False,False,True,0.041474654377880185,False,True,True,retained
CACCTGACACCCAA-1::pbmc3k,CACCTGACACCCAA-1,pbmc3k,donor1,healthy,batch1,908,2229.0,41.0,1.8393898,False,False,False,True,0.058823529411764705,False,True,True,retained
CACCTGACCAGAAA-1::pbmc3k,CACCTGACCAGAAA-1,pbmc3k,donor1,healthy,batch1,658,1695.0,37.0,2.182891,False,False,False,True,0.05529522024367387,False,True,True,retained
CACCTGACCTCAAG-1::pbmc3k,CACCTGACCTCAAG-1,pbmc3k,donor1,healthy,batch1,775,1929.0,41.0,2.1254535,False,False,False,True,0.02608695652173913,False,True,True,retained
CACCTGACGAAAGT-1::pbmc3k,CACCTGACGAAAGT-1,pbmc3k,donor1,healthy,batch1,724,1807.0,24.0,1.3281683,False,False,False,True,0.04909560723514212,False,True,True,retained
CACCTGACTCGTAG-1::pbmc3k,CACCTGACTCGTAG-1,pbmc3k,donor1,healthy,batch1,753,2118.0,56.0,2.6440036,False,False,False,True,0.05206463195691203,False,True,True,retained
CACGAAACTTCCGC-1::pbmc3k,CACGAAACTTCCGC-1,pbmc3k,donor1,healthy,batch1,741,2111.0,36.0,1.705353,False,False,False,True,0.02363936228697086,False,True,True,retained
CACGACCTCGATAC-1::pbmc3k,CACGACCTCGATAC-1,pbmc3k,donor1,healthy,batch1,690,1766.0,38.0,2.1517553,False,False,False,True,0.037249283667621785,False,True,True,retained
CACGCTACAGAAGT-1::pbmc3k,CACGCTACAGAAGT-1,pbmc3k,donor1,healthy,batch1,379,684.0,22.0,3.2163744,False,False,False,True,0.020408163265306124,False,True,True,retained
CACGCTACTGTTCT-1::pbmc3k,CACGCTACTGTTCT-1,pbmc3k,donor1,healthy,batch1,608,1448.0,34.0,2.3480663,False,False,False,True,0.015945330296127564,False,True,True,retained
CACGCTACTTGACG-1::pbmc3k,CACGCTACTTGACG-1,pbmc3k,donor1,healthy,batch1,476,1129.0,70.0,6.200177,False,False,True,False,,False,False,False,high_mito
CACGGGACAGAGTA-1::pbmc3k,CACGGGACAGAGTA-1,pbmc3k,donor1,healthy,batch1,927,2969.0,67.0,2.256652,False,False,False,True,0.037249283667621785,False,True,True,retained
CACGGGACATAAGG-1::pbmc3k,CACGGGACATAAGG-1,pbmc3k,donor1,healthy,batch1,777,2340.0,37.0,1.5811967,False,False,False,True,0.05206463195691203,False,True,True,retained
CACGGGACGTAGGG-1::pbmc3k,CACGGGACGTAGGG-1,pbmc3k,donor1,healthy,batch1,969,2653.0,18.0,0.6784772,False,False,False,True,0.03928836174944403,False,True,True,retained
CACGGGTGCTTCGC-1::pbmc3k,CACGGGTGCTTCGC-1,pbmc3k,donor1,healthy,batch1,827,1790.0,22.0,1.2290503,False,False,False,True,0.037249283667621785,False,True,True,retained
CACGGGTGGAGGAC-1::pbmc3k,CACGGGTGGAGGAC-1,pbmc3k,donor1,healthy,batch1,709,1595.0,39.0,2.445141,False,False,False,True,0.043824701195219126,False,True,True,retained
CACGGGTGTGTTTC-1::pbmc3k,CACGGGTGTGTTTC-1,pbmc3k,donor1,healthy,batch1,385,897.0,9.0,1.0033444,False,False,False,True,0.02483069977426637,False,True,True,retained
CACTAACTCCTAAG-1::pbmc3k,CACTAACTCCTAAG-1,pbmc3k,donor1,healthy,batch1,690,1605.0,29.0,1.8068535,False,False,False,True,0.04635761589403972,False,True,True,retained
CACTAACTGAAAGT-1::pbmc3k,CACTAACTGAAAGT-1,pbmc3k,donor1,healthy,batch1,769,2280.0,26.0,1.1403508,False,False,False,True,0.031880286271958366,False,True,True,retained
CACTAGGATGATGC-1::pbmc3k,CACTAGGATGATGC-1,pbmc3k,donor1,healthy,batch1,554,1219.0,25.0,2.0508614,False,False,False,True,0.04635761589403972,False,True,True,retained
CACTATACCCCGTT-1::pbmc3k,CACTATACCCCGTT-1,pbmc3k,donor1,healthy,batch1,892,2570.0,37.0,1.4396887,False,False,False,True,0.043824701195219126,False,True,True,retained
CACTATACGTTTGG-1::pbmc3k,CACTATACGTTTGG-1,pbmc3k,donor1,healthy,batch1,761,1840.0,51.0,2.771739,False,False,False,True,0.06269270298047275,False,True,True,retained
CACTGAGACAGTCA-1::pbmc3k,CACTGAGACAGTCA-1,pbmc3k,donor1,healthy,batch1,367,727.0,28.0,3.8514442,False,False,False,True,0.016759776536312852,False,True,True,retained
CACTGCACTTCATC-1::pbmc3k,CACTGCACTTCATC-1,pbmc3k,donor1,healthy,batch1,731,1917.0,47.0,2.4517474,False,False,False,True,0.07167235494880546,False,True,True,retained
CACTGCTGAGACTC-1::pbmc3k,CACTGCTGAGACTC-1,pbmc3k,donor1,healthy,batch1,1103,3139.0,73.0,2.3255813,False,False,False,True,0.016759776536312852,False,True,True,retained
CACTGCTGGAAAGT-1::pbmc3k,CACTGCTGGAAAGT-1,pbmc3k,donor1,healthy,batch1,944,3108.0,58.0,1.8661519,False,False,False,True,0.06695464362850971,False,True,True,retained
CACTTAACCGAATC-1::pbmc3k,CACTTAACCGAATC-1,pbmc3k,donor1,healthy,batch1,832,2253.0,109.0,4.837994,False,False,False,True,0.03534303534303534,False,True,True,retained
CACTTAACCGTACA-1::pbmc3k,CACTTAACCGTACA-1,pbmc3k,donor1,healthy,batch1,675,1522.0,41.0,2.6938238,False,False,False,True,0.019431988041853514,False,True,True,retained
CACTTTGACTCTAT-1::pbmc3k,CACTTTGACTCTAT-1,pbmc3k,donor1,healthy,batch1,652,1552.0,34.0,2.1907215,False,False,False,True,0.031880286271958366,False,True,True,retained
CACTTTGAGCTGTA-1::pbmc3k,CACTTTGAGCTGTA-1,pbmc3k,donor1,healthy,batch1,418,802.0,12.0,1.4962593,False,False,False,True,0.03928836174944403,False,True,True,retained
CAGAAGCTCTCAAG-1::pbmc3k,CAGAAGCTCTCAAG-1,pbmc3k,donor1,healthy,batch1,727,2256.0,40.0,1.7730497,False,False,False,True,0.027413587604290822,False,True,True,retained
CAGACATGAACGGG-1::pbmc3k,CAGACATGAACGGG-1,pbmc3k,donor1,healthy,batch1,745,2327.0,30.0,1.2892135,False,False,False,True,0.019431988041853514,False,True,True,retained
CAGACATGTCGACA-1::pbmc3k,CAGACATGTCGACA-1,pbmc3k,donor1,healthy,batch1,872,2519.0,48.0,1.905518,False,False,False,True,0.09696092619392188,False,True,True,retained
CAGACCCTAAGGTA-1::pbmc3k,CAGACCCTAAGGTA-1,pbmc3k,donor1,healthy,batch1,1336,4166.0,124.0,2.9764762,False,False,False,True,0.08280254777070062,False,True,True,retained
CAGACCCTAATGCC-1::pbmc3k,CAGACCCTAATGCC-1,pbmc3k,donor1,healthy,batch1,863,2292.0,112.0,4.886562,False,False,False,True,0.043824701195219126,False,True,True,retained
CAGACCCTAGGAGC-1::pbmc3k,CAGACCCTAGGAGC-1,pbmc3k,donor1,healthy,batch1,934,2716.0,59.0,2.1723123,False,False,False,True,0.031880286271958366,False,True,True,retained
CAGACTGAGTATGC-1::pbmc3k,CAGACTGAGTATGC-1,pbmc3k,donor1,healthy,batch1,844,2712.0,55.0,2.0280237,False,False,False,True,0.07167235494880546,False,True,True,retained
CAGATCGAATGTCG-1::pbmc3k,CAGATCGAATGTCG-1,pbmc3k,donor1,healthy,batch1,721,2192.0,96.0,4.379562,False,False,False,True,0.016759776536312852,False,True,True,retained
CAGATCGACCTGAA-1::pbmc3k,CAGATCGACCTGAA-1,pbmc3k,donor1,healthy,batch1,432,921.0,32.0,3.4744844,False,False,False,True,0.043824701195219126,False,True,True,retained
CAGATCGATATGGC-1::pbmc3k,CAGATCGATATGGC-1,pbmc3k,donor1,healthy,batch1,782,2546.0,25.0,0.9819324,False,False,False,True,0.02608695652173913,False,True,True,retained
CAGATGACATTCTC-1::pbmc3k,CAGATGACATTCTC-1,pbmc3k,donor1,healthy,batch1,1006,2047.0,54.0,2.6380067,False,False,False,True,0.017610661589719183,False,True,True,retained
CAGCAATGCCTTCG-1::pbmc3k,CAGCAATGCCTTCG-1,pbmc3k,donor1,healthy,batch1,834,2564.0,38.0,1.4820592,False,False,False,True,0.015165031222123105,False,True,True,retained
CAGCAATGGAGGGT-1::pbmc3k,CAGCAATGGAGGGT-1,pbmc3k,donor1,healthy,batch1,840,1698.0,31.0,1.8256773,False,False,False,True,0.02483069977426637,False,True,True,retained
CAGCAATGGTGCTA-1::pbmc3k,CAGCAATGGTGCTA-1,pbmc3k,donor1,healthy,batch1,840,2290.0,36.0,1.5720524,False,False,False,True,0.028816676885346417,False,True,True,retained
CAGCAATGTCTACT-1::pbmc3k,CAGCAATGTCTACT-1,pbmc3k,donor1,healthy,batch1,819,2374.0,63.0,2.653749,False,False,False,True,0.009931245225362874,False,True,True,retained
CAGCAATGTGACCA-1::pbmc3k,CAGCAATGTGACCA-1,pbmc3k,donor1,healthy,batch1,699,1911.0,22.0,1.1512297,False,False,False,True,0.05529522024367387,False,True,True,retained
CAGCAATGTGAGGG-1::pbmc3k,CAGCAATGTGAGGG-1,pbmc3k,donor1,healthy,batch1,489,1078.0,26.0,2.4118738,False,False,False,True,0.01850048685491723,False,True,True,retained
CAGCACCTAAGCCT-1::pbmc3k,CAGCACCTAAGCCT-1,pbmc3k,donor1,healthy,batch1,665,1808.0,43.0,2.3783185,False,False,False,True,0.05206463195691203,False,True,True,retained
CAGCACCTAGGCGA-1::pbmc3k,CAGCACCTAGGCGA-1,pbmc3k,donor1,healthy,batch1,576,1447.0,34.0,2.349689,False,False,False,True,0.04635761589403972,False,True,True,retained
CAGCACCTGTAGGG-1::pbmc3k,CAGCACCTGTAGGG-1,pbmc3k,donor1,healthy,batch1,1291,3872.0,113.0,2.9183886,False,False,False,True,0.02608695652173913,False,True,True,retained
CAGCATGACAACCA-1::pbmc3k,CAGCATGACAACCA-1,pbmc3k,donor1,healthy,batch1,1102,3218.0,102.0,3.1696706,False,False,False,True,0.017610661589719183,False,True,True,retained
CAGCATGAGACGTT-1::pbmc3k,CAGCATGAGACGTT-1,pbmc3k,donor1,healthy,batch1,826,2157.0,88.0,4.0797405,False,False,False,True,0.08280254777070062,False,True,True,retained
CAGCCTACCCAACA-1::pbmc3k,CAGCCTACCCAACA-1,pbmc3k,donor1,healthy,batch1,880,2802.0,25.0,0.8922199,False,False,False,True,0.06695464362850971,False,True,True,retained
CAGCCTTGCTACCC-1::pbmc3k,CAGCCTTGCTACCC-1,pbmc3k,donor1,healthy,batch1,738,1842.0,48.0,2.605863,False,False,False,True,0.022508038585209007,False,True,True,retained
CAGCCTTGGGGACA-1::pbmc3k,CAGCCTTGGGGACA-1,pbmc3k,donor1,healthy,batch1,904,2662.0,26.0,0.97670925,False,False,False,True,0.03534303534303534,False,True,True,retained
CAGCGGACACCCTC-1::pbmc3k,CAGCGGACACCCTC-1,pbmc3k,donor1,healthy,batch1,686,1885.0,44.0,2.3342175,False,False,False,True,0.05206463195691203,False,True,True,retained
CAGCGGACCTTTAC-1::pbmc3k,CAGCGGACCTTTAC-1,pbmc3k,donor1,healthy,batch1,874,2174.0,55.0,2.529899,False,False,False,True,0.015165031222123105,False,True,True,retained
CAGCGTCTAAAGCA-1::pbmc3k,CAGCGTCTAAAGCA-1,pbmc3k,donor1,healthy,batch1,887,2929.0,76.0,2.5947423,False,False,False,True,0.06695464362850971,False,True,True,retained
CAGCGTCTTATCGG-1::pbmc3k,CAGCGTCTTATCGG-1,pbmc3k,donor1,healthy,batch1,873,2532.0,98.0,3.8704581,False,False,False,True,0.09696092619392188,False,True,True,retained
CAGCTAGATGTGAC-1::pbmc3k,CAGCTAGATGTGAC-1,pbmc3k,donor1,healthy,batch1,560,1263.0,53.0,4.1963577,False,False,False,True,0.03928836174944403,False,True,True,retained
CAGCTCTGAGGCGA-1::pbmc3k,CAGCTCTGAGGCGA-1,pbmc3k,donor1,healthy,batch1,766,1959.0,22.0,1.123022,False,False,False,True,0.04909560723514212,False,True,True,retained
CAGCTCTGCAAGCT-1::pbmc3k,CAGCTCTGCAAGCT-1,pbmc3k,donor1,healthy,batch1,710,1570.0,18.0,1.1464968,False,False,False,True,0.02483069977426637,False,True,True,retained
CAGCTCTGTCGTAG-1::pbmc3k,CAGCTCTGTCGTAG-1,pbmc3k,donor1,healthy,batch1,1135,3302.0,75.0,2.2713506,False,False,False,True,0.02483069977426637,False,True,True,retained
CAGCTCTGTGTGGT-1::pbmc3k,CAGCTCTGTGTGGT-1,pbmc3k,donor1,healthy,batch1,1054,2170.0,40.0,1.843318,False,False,False,True,0.015165031222123105,False,True,True,retained
CAGGAACTAACTGC-1::pbmc3k,CAGGAACTAACTGC-1,pbmc3k,donor1,healthy,batch1,805,2077.0,50.0,2.407318,False,False,False,True,0.02363936228697086,False,True,True,retained
CAGGAACTCTCAGA-1::pbmc3k,CAGGAACTCTCAGA-1,pbmc3k,donor1,healthy,batch1,724,1752.0,28.0,1.5981736,False,False,False,True,0.016759776536312852,False,True,True,retained
CAGGCCGAACACCA-1::pbmc3k,CAGGCCGAACACCA-1,pbmc3k,donor1,healthy,batch1,973,2694.0,57.0,2.1158128,False,False,False,True,0.06695464362850971,False,True,True,retained
CAGGCCGAACACGT-1::pbmc3k,CAGGCCGAACACGT-1,pbmc3k,donor1,healthy,batch1,1201,3917.0,43.0,1.0977789,False,False,False,True,0.022508038585209007,False,True,True,retained
CAGGCCGAACGACT-1::pbmc3k,CAGGCCGAACGACT-1,pbmc3k,donor1,healthy,batch1,575,1194.0,33.0,2.7638192,False,False,False,True,0.02483069977426637,False,True,True,retained
CAGGCCGAATCTCT-1::pbmc3k,CAGGCCGAATCTCT-1,pbmc3k,donor1,healthy,batch1,838,2444.0,31.0,1.2684125,False,False,False,True,0.028816676885346417,False,True,True,retained
CAGGCCGACTAGCA-1::pbmc3k,CAGGCCGACTAGCA-1,pbmc3k,donor1,healthy,batch1,865,2346.0,57.0,2.4296675,False,False,False,True,0.016759776536312852,False,True,True,retained
CAGGGCACCATACG-1::pbmc3k,CAGGGCACCATACG-1,pbmc3k,donor1,healthy,batch1,546,1318.0,37.0,2.8072839,False,False,False,True,0.010501750291715288,False,True,True,retained
CAGGGCACCCAACA-1::pbmc3k,CAGGGCACCCAACA-1,pbmc3k,donor1,healthy,batch1,811,2241.0,51.0,2.2757697,False,False,False,True,0.03928836174944403,False,True,True,retained
CAGGGCACTCCCGT-1::pbmc3k,CAGGGCACTCCCGT-1,pbmc3k,donor1,healthy,batch1,884,2293.0,28.0,1.2211077,False,False,False,True,0.016759776536312852,False,True,True,retained
CAGGTAACAGACTC-1::pbmc3k,CAGGTAACAGACTC-1,pbmc3k,donor1,healthy,batch1,886,2472.0,52.0,2.10356,False,False,False,True,0.05529522024367387,False,True,True,retained
CAGGTATGAGTCGT-1::pbmc3k,CAGGTATGAGTCGT-1,pbmc3k,donor1,healthy,batch1,791,2135.0,29.0,1.3583138,False,False,False,True,0.058823529411764705,False,True,True,retained
CAGGTATGTGCTTT-1::pbmc3k,CAGGTATGTGCTTT-1,pbmc3k,donor1,healthy,batch1,1026,2710.0,50.0,1.8450184,False,False,False,True,0.05529522024367387,False,True,True,retained
CAGGTTGAGGATCT-1::pbmc3k,CAGGTTGAGGATCT-1,pbmc3k,donor1,healthy,batch1,2000,8015.0,216.0,2.694947,False,False,False,True,0.021432305279665442,False,True,True,retained
CAGTGATGGACGGA-1::pbmc3k,CAGTGATGGACGGA-1,pbmc3k,donor1,healthy,batch1,644,1530.0,19.0,1.2418301,False,False,False,True,0.01109350237717908,False,True,True,retained
CAGTGATGGCTAAC-1::pbmc3k,CAGTGATGGCTAAC-1,pbmc3k,donor1,healthy,batch1,763,1549.0,47.0,3.0342157,False,False,False,True,0.02608695652173913,False,True,True,retained
CAGTGATGGGACAG-1::pbmc3k,CAGTGATGGGACAG-1,pbmc3k,donor1,healthy,batch1,969,3339.0,88.0,2.6355195,False,False,False,True,0.01850048685491723,False,True,True,retained
CAGTGATGTAAGGA-1::pbmc3k,CAGTGATGTAAGGA-1,pbmc3k,donor1,healthy,batch1,800,2269.0,39.0,1.7188189,False,False,False,True,0.019431988041853514,False,True,True,retained
CAGTGATGTACGCA-1::pbmc3k,CAGTGATGTACGCA-1,pbmc3k,donor1,healthy,batch1,359,1015.0,32.0,3.1527095,False,False,False,True,0.15789473684210528,False,True,True,retained
CAGTGTGAACACGT-1::pbmc3k,CAGTGTGAACACGT-1,pbmc3k,donor1,healthy,batch1,307,548.0,36.0,6.569343,False,False,True,False,,False,False,False,high_mito
CAGTGTGATGTCAG-1::pbmc3k,CAGTGTGATGTCAG-1,pbmc3k,donor1,healthy,batch1,624,2050.0,30.0,1.4634147,False,False,False,True,0.028816676885346417,False,True,True,retained
CAGTTACTAAGGTA-1::pbmc3k,CAGTTACTAAGGTA-1,pbmc3k,donor1,healthy,batch1,993,2856.0,80.0,2.8011205,False,False,False,True,0.020408163265306124,False,True,True,retained
CAGTTACTGATAGA-1::pbmc3k,CAGTTACTGATAGA-1,pbmc3k,donor1,healthy,batch1,800,2192.0,34.0,1.5510949,False,False,False,True,0.07692307692307694,False,True,True,retained
CAGTTGGAAAGAGT-1::pbmc3k,CAGTTGGAAAGAGT-1,pbmc3k,donor1,healthy,batch1,1167,3688.0,59.0,1.5997831,False,False,False,True,0.05529522024367387,False,True,True,retained
CAGTTGGACATACG-1::pbmc3k,CAGTTGGACATACG-1,pbmc3k,donor1,healthy,batch1,833,2445.0,44.0,1.7995911,False,False,False,True,0.037249283667621785,False,True,True,retained
CAGTTTACACACGT-1::pbmc3k,CAGTTTACACACGT-1,pbmc3k,donor1,healthy,batch1,1871,5346.0,70.0,1.3093902,False,False,False,True,0.15789473684210528,False,True,True,retained
CAGTTTACCCCAAA-1::pbmc3k,CAGTTTACCCCAAA-1,pbmc3k,donor1,healthy,batch1,616,1940.0,39.0,2.0103092,False,False,False,True,0.021432305279665442,False,True,True,retained
CATAAAACGGAGCA-1::pbmc3k,CATAAAACGGAGCA-1,pbmc3k,donor1,healthy,batch1,822,2351.0,79.0,3.3602722,False,False,False,True,0.009931245225362874,False,True,True,retained
CATAAATGAACTGC-1::pbmc3k,CATAAATGAACTGC-1,pbmc3k,donor1,healthy,batch1,647,2063.0,56.0,2.7144935,False,False,False,True,0.05529522024367387,False,True,True,retained
CATAACCTTCTCCG-1::pbmc3k,CATAACCTTCTCCG-1,pbmc3k,donor1,healthy,batch1,1000,3062.0,33.0,1.077727,False,False,False,True,0.05206463195691203,False,True,True,retained
CATACTACCTCGAA-1::pbmc3k,CATACTACCTCGAA-1,pbmc3k,donor1,healthy,batch1,618,1778.0,31.0,1.743532,False,False,False,True,0.021432305279665442,False,True,True,retained
CATACTACCTGAAC-1::pbmc3k,CATACTACCTGAAC-1,pbmc3k,donor1,healthy,batch1,734,2431.0,17.0,0.6993007,False,False,False,True,0.03928836174944403,False,True,True,retained
CATACTACGTACCA-1::pbmc3k,CATACTACGTACCA-1,pbmc3k,donor1,healthy,batch1,618,1618.0,16.0,0.98887515,False,False,False,True,0.031880286271958366,False,True,True,retained
CATACTTGGGTTAC-1::pbmc3k,CATACTTGGGTTAC-1,pbmc3k,donor1,healthy,batch1,1938,7171.0,169.0,2.3567145,False,False,False,True,0.34841628959276005,True,True,False,predicted_doublet
CATAGTCTAATCGC-1::pbmc3k,CATAGTCTAATCGC-1,pbmc3k,donor1,healthy,batch1,861,2913.0,53.0,1.8194301,False,False,False,True,0.05206463195691203,False,True,True,retained
CATAGTCTCACTTT-1::pbmc3k,CATAGTCTCACTTT-1,pbmc3k,donor1,healthy,batch1,945,2713.0,99.0,3.649097,False,False,False,True,0.08280254777070062,False,True,True,retained
CATATAGACTAAGC-1::pbmc3k,CATATAGACTAAGC-1,pbmc3k,donor1,healthy,batch1,1032,2929.0,48.0,1.6387846,False,False,False,True,0.07692307692307694,False,True,True,retained
CATATAGATCAGGT-1::pbmc3k,CATATAGATCAGGT-1,pbmc3k,donor1,healthy,batch1,723,1871.0,46.0,2.4585783,False,False,False,True,0.02483069977426637,False,True,True,retained
CATCAACTAGAAGT-1::pbmc3k,CATCAACTAGAAGT-1,pbmc3k,donor1,healthy,batch1,984,3378.0,64.0,1.8946122,False,False,False,True,0.04909560723514212,False,True,True,retained
CATCAACTCCCTCA-1::pbmc3k,CATCAACTCCCTCA-1,pbmc3k,donor1,healthy,batch1,994,3673.0,27.0,0.73509395,False,False,False,True,0.04909560723514212,False,True,True,retained
CATCAGGACTTCCG-1::pbmc3k,CATCAGGACTTCCG-1,pbmc3k,donor1,healthy,batch1,771,1528.0,39.0,2.552356,False,False,False,True,0.01234567901234568,False,True,True,retained
CATCAGGATAGCCA-1::pbmc3k,CATCAGGATAGCCA-1,pbmc3k,donor1,healthy,batch1,738,1501.0,28.0,1.8654231,False,False,False,True,0.014416775884665795,False,True,True,retained
CATCAGGATCCTAT-1::pbmc3k,CATCAGGATCCTAT-1,pbmc3k,donor1,healthy,batch1,1583,5282.0,128.0,2.4233243,False,False,False,True,0.011707710940654016,False,True,True,retained
CATCAGGATGCACA-1::pbmc3k,CATCAGGATGCACA-1,pbmc3k,donor1,healthy,batch1,1113,3139.0,93.0,2.9627268,False,False,False,True,0.028816676885346417,False,True,True,retained
CATCAGGATTTCGT-1::pbmc3k,CATCAGGATTTCGT-1,pbmc3k,donor1,healthy,batch1,614,1400.0,58.0,4.142857,False,False,False,True,0.006447234475738038,False,True,True,retained
CATCATACCGCATA-1::pbmc3k,CATCATACCGCATA-1,pbmc3k,donor1,healthy,batch1,1146,3302.0,54.0,1.6353724,False,False,False,True,0.021432305279665442,False,True,True,retained
CATCATACGGAGCA-1::pbmc3k,CATCATACGGAGCA-1,pbmc3k,donor1,healthy,batch1,615,1486.0,48.0,3.230148,False,False,False,True,0.1155778894472362,False,True,True,retained
CATCATACTCAAGC-1::pbmc3k,CATCATACTCAAGC-1,pbmc3k,donor1,healthy,batch1,848,2456.0,39.0,1.5879478,False,False,False,True,0.043824701195219126,False,True,True,retained
CATCGCTGGGATCT-1::pbmc3k,CATCGCTGGGATCT-1,pbmc3k,donor1,healthy,batch1,983,2801.0,55.0,1.9635845,False,False,False,True,0.06695464362850971,False,True,True,retained
CATCGCTGTGGCAT-1::pbmc3k,CATCGCTGTGGCAT-1,pbmc3k,donor1,healthy,batch1,677,1963.0,22.0,1.1207336,False,False,False,True,0.013698630136986302,False,True,True,retained
CATCGGCTATGCTG-1::pbmc3k,CATCGGCTATGCTG-1,pbmc3k,donor1,healthy,batch1,972,3317.0,36.0,1.0853181,False,False,False,True,0.06269270298047275,False,True,True,retained
CATCGGCTTTGGCA-1::pbmc3k,CATCGGCTTTGGCA-1,pbmc3k,donor1,healthy,batch1,791,2501.0,57.0,2.2790883,False,False,False,True,0.06269270298047275,False,True,True,retained
CATCTCCTATGTGC-1::pbmc3k,CATCTCCTATGTGC-1,pbmc3k,donor1,healthy,batch1,827,2009.0,53.0,2.6381283,False,False,False,True,0.006447234475738038,False,True,True,retained
CATCTCCTCGAACT-1::pbmc3k,CATCTCCTCGAACT-1,pbmc3k,donor1,healthy,batch1,804,1858.0,45.0,2.4219592,False,False,False,True,0.04635761589403972,False,True,True,retained
CATGAGACACGGGA-1::pbmc3k,CATGAGACACGGGA-1,pbmc3k,donor1,healthy,batch1,395,748.0,28.0,3.7433155,False,False,False,True,0.009380863039399626,False,True,True,retained
CATGAGACGTTGAC-1::pbmc3k,CATGAGACGTTGAC-1,pbmc3k,donor1,healthy,batch1,843,1760.0,61.0,3.4659092,False,False,False,True,0.013008812421317668,False,True,True,retained
CATGAGACTCGCCT-1::pbmc3k,CATGAGACTCGCCT-1,pbmc3k,donor1,healthy,batch1,493,1155.0,5.0,0.43290043,False,False,False,True,0.02608695652173913,False,True,True,retained
CATGCCACGGGTGA-1::pbmc3k,CATGCCACGGGTGA-1,pbmc3k,donor1,healthy,batch1,741,2421.0,91.0,3.7587774,False,False,False,True,0.06695464362850971,False,True,True,retained
CATGCCACTGCCAA-1::pbmc3k,CATGCCACTGCCAA-1,pbmc3k,donor1,healthy,batch1,941,2396.0,61.0,2.54591,False,False,False,True,0.03534303534303534,False,True,True,retained
CATGCGCTAGTCAC-1::pbmc3k,CATGCGCTAGTCAC-1,pbmc3k,donor1,healthy,batch1,1659,5344.0,128.0,2.3952098,False,False,False,True,0.04909560723514212,False,True,True,retained
CATGCGCTCAGATC-1::pbmc3k,CATGCGCTCAGATC-1,pbmc3k,donor1,healthy,batch1,742,2056.0,58.0,2.8210115,False,False,False,True,0.05206463195691203,False,True,True,retained
CATGCGCTTTGCAG-1::pbmc3k,CATGCGCTTTGCAG-1,pbmc3k,donor1,healthy,batch1,1517,4792.0,86.0,1.7946577,False,False,False,True,0.016759776536312852,False,True,True,retained
CATGGCCTAGGGTG-1::pbmc3k,CATGGCCTAGGGTG-1,pbmc3k,donor1,healthy,batch1,559,1347.0,34.0,2.5241277,False,False,False,True,0.12727272727272732,False,True,True,retained
CATGGCCTGTGCAT-1::pbmc3k,CATGGCCTGTGCAT-1,pbmc3k,donor1,healthy,batch1,937,2839.0,64.0,2.254315,False,False,False,True,0.10559006211180123,False,True,True,retained
CATGTACTATCGTG-1::pbmc3k,CATGTACTATCGTG-1,pbmc3k,donor1,healthy,batch1,740,1619.0,32.0,1.9765288,False,False,False,True,0.04909560723514212,False,True,True,retained
CATGTTACAGTCGT-1::pbmc3k,CATGTTACAGTCGT-1,pbmc3k,donor1,healthy,batch1,781,2188.0,42.0,1.9195613,False,False,False,True,0.02483069977426637,False,True,True,retained
CATGTTACCTGAGT-1::pbmc3k,CATGTTACCTGAGT-1,pbmc3k,donor1,healthy,batch1,819,2259.0,40.0,1.770695,False,False,False,True,0.05529522024367387,False,True,True,retained
CATGTTTGGGGATG-1::pbmc3k,CATGTTTGGGGATG-1,pbmc3k,donor1,healthy,batch1,813,2193.0,46.0,2.0975833,False,False,False,True,0.015945330296127564,False,True,True,retained
CATTACACACGGAG-1::pbmc3k,CATTACACACGGAG-1,pbmc3k,donor1,healthy,batch1,578,1480.0,59.0,3.9864864,False,False,False,True,0.06695464362850971,False,True,True,retained
CATTACACCAACTG-1::pbmc3k,CATTACACCAACTG-1,pbmc3k,donor1,healthy,batch1,1022,2360.0,82.0,3.4745765,False,False,False,True,0.022508038585209007,False,True,True,retained
CATTACACGGAGTG-1::pbmc3k,CATTACACGGAGTG-1,pbmc3k,donor1,healthy,batch1,1191,3904.0,59.0,1.5112704,False,False,False,True,0.03355704697986577,False,True,True,retained
CATTACACTACTCT-1::pbmc3k,CATTACACTACTCT-1,pbmc3k,donor1,healthy,batch1,824,2440.0,46.0,1.8852459,False,False,False,True,0.028816676885346417,False,True,True,retained
CATTAGCTCCACAA-1::pbmc3k,CATTAGCTCCACAA-1,pbmc3k,donor1,healthy,batch1,1146,3497.0,129.0,3.6888764,False,False,False,True,0.022508038585209007,False,True,True,retained
CATTGACTAGCGGA-1::pbmc3k,CATTGACTAGCGGA-1,pbmc3k,donor1,healthy,batch1,757,1915.0,54.0,2.8198433,False,False,False,True,0.017610661589719183,False,True,True,retained
CATTGGGACTCGAA-1::pbmc3k,CATTGGGACTCGAA-1,pbmc3k,donor1,healthy,batch1,638,1397.0,44.0,3.1496062,False,False,False,True,0.04635761589403972,False,True,True,retained
CATTGTACAGCGTT-1::pbmc3k,CATTGTACAGCGTT-1,pbmc3k,donor1,healthy,batch1,830,2233.0,50.0,2.23914,False,False,False,True,0.058823529411764705,False,True,True,retained
CATTGTACTCGATG-1::pbmc3k,CATTGTACTCGATG-1,pbmc3k,donor1,healthy,batch1,713,1857.0,30.0,1.6155088,False,False,False,True,0.01109350237717908,False,True,True,retained
CATTGTACTTATCC-1::pbmc3k,CATTGTACTTATCC-1,pbmc3k,donor1,healthy,batch1,609,1617.0,47.0,2.9066172,False,False,False,True,0.08280254777070062,False,True,True,retained
CATTGTACTTTGCT-1::pbmc3k,CATTGTACTTTGCT-1,pbmc3k,donor1,healthy,batch1,1271,4202.0,125.0,2.974774,False,False,False,True,0.03928836174944403,False,True,True,retained
CATTGTTGCTAGTG-1::pbmc3k,CATTGTTGCTAGTG-1,pbmc3k,donor1,healthy,batch1,680,2170.0,32.0,1.4746544,False,False,False,True,0.030303030303030304,False,True,True,retained
CATTTCGACTCTAT-1::pbmc3k,CATTTCGACTCTAT-1,pbmc3k,donor1,healthy,batch1,769,1792.0,52.0,2.9017856,False,False,False,True,0.05206463195691203,False,True,True,retained
CATTTCGAGATACC-1::pbmc3k,CATTTCGAGATACC-1,pbmc3k,donor1,healthy,batch1,1119,2657.0,29.0,1.0914565,False,False,False,True,0.02363936228697086,False,True,True,retained
CATTTGACCACACA-1::pbmc3k,CATTTGACCACACA-1,pbmc3k,donor1,healthy,batch1,731,1688.0,49.0,2.9028437,False,False,False,True,0.017610661589719183,False,True,True,retained
CATTTGACCCTGAA-1::pbmc3k,CATTTGACCCTGAA-1,pbmc3k,donor1,healthy,batch1,804,1729.0,24.0,1.3880856,False,False,False,True,0.06695464362850971,False,True,True,retained
CATTTGTGACGACT-1::pbmc3k,CATTTGTGACGACT-1,pbmc3k,donor1,healthy,batch1,781,2456.0,42.0,1.7100977,False,False,False,True,0.030303030303030304,False,True,True,retained
CATTTGTGCATTGG-1::pbmc3k,CATTTGTGCATTGG-1,pbmc3k,donor1,healthy,batch1,916,2636.0,61.0,2.3141124,False,False,False,True,0.028816676885346417,False,True,True,retained
CATTTGTGCGGAGA-1::pbmc3k,CATTTGTGCGGAGA-1,pbmc3k,donor1,healthy,batch1,735,2444.0,92.0,3.7643209,False,False,False,True,0.03355704697986577,False,True,True,retained
CATTTGTGGGATCT-1::pbmc3k,CATTTGTGGGATCT-1,pbmc3k,donor1,healthy,batch1,835,2461.0,40.0,1.6253555,False,False,False,True,0.015165031222123105,False,True,True,retained
CCAAAGTGCTACGA-1::pbmc3k,CCAAAGTGCTACGA-1,pbmc3k,donor1,healthy,batch1,1257,3442.0,90.0,2.614759,False,False,False,True,0.017610661589719183,False,True,True,retained
CCAAAGTGTGAGAA-1::pbmc3k,CCAAAGTGTGAGAA-1,pbmc3k,donor1,healthy,batch1,472,1051.0,22.0,2.0932446,False,False,False,True,0.02608695652173913,False,True,True,retained
CCAACCTGAAGTAG-1::pbmc3k,CCAACCTGAAGTAG-1,pbmc3k,donor1,healthy,batch1,879,2140.0,16.0,0.74766356,False,False,False,True,0.02608695652173913,False,True,True,retained
CCAACCTGACGTAC-1::pbmc3k,CCAACCTGACGTAC-1,pbmc3k,donor1,healthy,batch1,851,2608.0,48.0,1.8404908,False,False,False,True,0.019431988041853514,False,True,True,retained
CCAACCTGTTCGCC-1::pbmc3k,CCAACCTGTTCGCC-1,pbmc3k,donor1,healthy,batch1,1023,3214.0,61.0,1.8979466,False,False,False,True,0.34841628959276005,True,True,False,predicted_doublet
CCAAGAACCCAATG-1::pbmc3k,CCAAGAACCCAATG-1,pbmc3k,donor1,healthy,batch1,661,1742.0,29.0,1.6647531,False,False,False,True,0.058823529411764705,False,True,True,retained
CCAAGAACGTAGCT-1::pbmc3k,CCAAGAACGTAGCT-1,pbmc3k,donor1,healthy,batch1,1008,3230.0,41.0,1.2693498,False,False,False,True,0.06695464362850971,False,True,True,retained
CCAAGAACGTGTCA-1::pbmc3k,CCAAGAACGTGTCA-1,pbmc3k,donor1,healthy,batch1,748,2333.0,30.0,1.285898,False,False,False,True,0.058823529411764705,False,True,True,retained
CCAAGAACTACTGG-1::pbmc3k,CCAAGAACTACTGG-1,pbmc3k,donor1,healthy,batch1,845,1767.0,41.0,2.320317,False,False,False,True,0.020408163265306124,False,True,True,retained
CCAAGAACTCCTAT-1::pbmc3k,CCAAGAACTCCTAT-1,pbmc3k,donor1,healthy,batch1,393,840.0,6.0,0.71428573,False,False,False,True,0.02483069977426637,False,True,True,retained
CCAAGATGTCATTC-1::pbmc3k,CCAAGATGTCATTC-1,pbmc3k,donor1,healthy,batch1,675,1718.0,17.0,0.9895227,False,False,False,True,0.037249283667621785,False,True,True,retained
CCAAGATGTTTCAC-1::pbmc3k,CCAAGATGTTTCAC-1,pbmc3k,donor1,healthy,batch1,843,2099.0,41.0,1.9533111,False,False,False,True,0.01850048685491723,False,True,True,retained
CCAAGTGAGGAACG-1::pbmc3k,CCAAGTGAGGAACG-1,pbmc3k,donor1,healthy,batch1,876,3006.0,74.0,2.461743,False,False,False,True,0.013008812421317668,False,True,True,retained
CCAAGTGATCAAGC-1::pbmc3k,CCAAGTGATCAAGC-1,pbmc3k,donor1,healthy,batch1,939,2712.0,47.0,1.7330384,False,False,False,True,0.027413587604290822,False,True,True,retained
CCAATGGAACAGCT-1::pbmc3k,CCAATGGAACAGCT-1,pbmc3k,donor1,healthy,batch1,653,1422.0,76.0,5.344585,False,False,True,False,,False,False,False,high_mito
CCAATTTGAACGTC-1::pbmc3k,CCAATTTGAACGTC-1,pbmc3k,donor1,healthy,batch1,932,2671.0,28.0,1.0482965,False,False,False,True,0.05529522024367387,False,True,True,retained
CCACCATGAACGTC-1::pbmc3k,CCACCATGAACGTC-1,pbmc3k,donor1,healthy,batch1,760,2186.0,42.0,1.9213176,False,False,False,True,0.04635761589403972,False,True,True,retained
CCACCATGATCGGT-1::pbmc3k,CCACCATGATCGGT-1,pbmc3k,donor1,healthy,batch1,735,2497.0,37.0,1.4817781,False,False,False,True,0.04909560723514212,False,True,True,retained
CCACCATGGACGAG-1::pbmc3k,CCACCATGGACGAG-1,pbmc3k,donor1,healthy,batch1,1561,4782.0,131.0,2.7394395,False,False,False,True,0.02608695652173913,False,True,True,retained
CCACCATGGGGAGT-1::pbmc3k,CCACCATGGGGAGT-1,pbmc3k,donor1,healthy,batch1,752,2050.0,24.0,1.1707317,False,False,False,True,0.05529522024367387,False,True,True,retained
CCACCATGTCCTGC-1::pbmc3k,CCACCATGTCCTGC-1,pbmc3k,donor1,healthy,batch1,940,2158.0,37.0,1.7145505,False,False,False,True,0.04909560723514212,False,True,True,retained
CCACTGACCCGCTT-1::pbmc3k,CCACTGACCCGCTT-1,pbmc3k,donor1,healthy,batch1,705,1953.0,36.0,1.843318,False,False,False,True,0.020408163265306124,False,True,True,retained
CCACTGTGGGAAGC-1::pbmc3k,CCACTGTGGGAAGC-1,pbmc3k,donor1,healthy,batch1,405,866.0,37.0,4.272517,False,False,False,True,0.008336353751359188,False,True,True,retained
CCACTGTGTGTAGC-1::pbmc3k,CCACTGTGTGTAGC-1,pbmc3k,donor1,healthy,batch1,690,2306.0,62.0,2.6886382,False,False,False,True,0.03534303534303534,False,True,True,retained
CCACTTCTCGGGAA-1::pbmc3k,CCACTTCTCGGGAA-1,pbmc3k,donor1,healthy,batch1,1071,3466.0,126.0,3.6353145,False,False,False,True,0.027413587604290822,False,True,True,retained
CCAGAAACCCTGTC-1::pbmc3k,CCAGAAACCCTGTC-1,pbmc3k,donor1,healthy,batch1,544,1200.0,14.0,1.1666666,False,False,False,True,0.013008812421317668,False,True,True,retained
CCAGAAACGAACTC-1::pbmc3k,CCAGAAACGAACTC-1,pbmc3k,donor1,healthy,batch1,927,2588.0,36.0,1.3910356,False,False,False,True,0.08943089430894309,False,True,True,retained
CCAGAAACGGTCTA-1::pbmc3k,CCAGAAACGGTCTA-1,pbmc3k,donor1,healthy,batch1,817,2791.0,33.0,1.182372,False,False,False,True,0.03534303534303534,False,True,True,retained
CCAGACCTCTGAGT-1::pbmc3k,CCAGACCTCTGAGT-1,pbmc3k,donor1,healthy,batch1,388,795.0,19.0,2.3899372,False,False,False,True,0.14115308151093434,False,True,True,retained
CCAGACCTTGTGGT-1::pbmc3k,CCAGACCTTGTGGT-1,pbmc3k,donor1,healthy,batch1,560,1460.0,30.0,2.0547945,False,False,False,True,0.058823529411764705,False,True,True,retained
CCAGCACTGCGATT-1::pbmc3k,CCAGCACTGCGATT-1,pbmc3k,donor1,healthy,batch1,1322,4090.0,99.0,2.420538,False,False,False,True,0.01109350237717908,False,True,True,retained
CCAGCGGAAAGGCG-1::pbmc3k,CCAGCGGAAAGGCG-1,pbmc3k,donor1,healthy,batch1,640,1572.0,35.0,2.226463,False,False,False,True,0.02608695652173913,False,True,True,retained
CCAGCGGACGACTA-1::pbmc3k,CCAGCGGACGACTA-1,pbmc3k,donor1,healthy,batch1,886,2454.0,51.0,2.0782397,False,False,False,True,0.020408163265306124,False,True,True,retained
CCAGCGGATGGGAG-1::pbmc3k,CCAGCGGATGGGAG-1,pbmc3k,donor1,healthy,batch1,1075,3218.0,36.0,1.1187073,False,False,False,True,0.03534303534303534,False,True,True,retained
CCAGCTACACAGTC-1::pbmc3k,CCAGCTACACAGTC-1,pbmc3k,donor1,healthy,batch1,689,1758.0,28.0,1.592719,False,False,False,True,0.05206463195691203,False,True,True,retained
CCAGCTACCAGCTA-1::pbmc3k,CCAGCTACCAGCTA-1,pbmc3k,donor1,healthy,batch1,524,1099.0,21.0,1.9108281,False,False,False,True,0.008336353751359188,False,True,True,retained
CCAGGTCTACACCA-1::pbmc3k,CCAGGTCTACACCA-1,pbmc3k,donor1,healthy,batch1,606,1369.0,40.0,2.9218407,False,False,False,True,0.01234567901234568,False,True,True,retained
CCAGGTCTAGCATC-1::pbmc3k,CCAGGTCTAGCATC-1,pbmc3k,donor1,healthy,batch1,802,1805.0,31.0,1.7174516,False,False,False,True,0.022508038585209007,False,True,True,retained
CCAGGTCTATGGTC-1::pbmc3k,CCAGGTCTATGGTC-1,pbmc3k,donor1,healthy,batch1,868,2849.0,53.0,1.860302,False,False,False,True,0.07167235494880546,False,True,True,retained
CCAGTCACACTGGT-1::pbmc3k,CCAGTCACACTGGT-1,pbmc3k,donor1,healthy,batch1,939,3251.0,120.0,3.691172,False,False,False,True,0.015165031222123105,False,True,True,retained
CCAGTCACACTGTG-1::pbmc3k,CCAGTCACACTGTG-1,pbmc3k,donor1,healthy,batch1,753,1762.0,23.0,1.3053348,False,False,False,True,0.009380863039399626,False,True,True,retained
CCAGTCACGTTGTG-1::pbmc3k,CCAGTCACGTTGTG-1,pbmc3k,donor1,healthy,batch1,770,2152.0,25.0,1.16171,False,False,False,True,0.06695464362850971,False,True,True,retained
CCAGTCTGCGGAGA-1::pbmc3k,CCAGTCTGCGGAGA-1,pbmc3k,donor1,healthy,batch1,3422,15844.0,284.0,1.7924767,False,True,False,False,,False,False,False,high_genes
CCAGTGCTAACCAC-1::pbmc3k,CCAGTGCTAACCAC-1,pbmc3k,donor1,healthy,batch1,1105,3400.0,51.0,1.5,False,False,False,True,0.05206463195691203,False,True,True,retained
CCAGTGCTCGTAGT-1::pbmc3k,CCAGTGCTCGTAGT-1,pbmc3k,donor1,healthy,batch1,841,2562.0,55.0,2.1467605,False,False,False,True,0.03534303534303534,False,True,True,retained
CCATCCGAAAGCAA-1::pbmc3k,CCATCCGAAAGCAA-1,pbmc3k,donor1,healthy,batch1,786,2457.0,90.0,3.663004,False,False,False,True,0.037249283667621785,False,True,True,retained
CCATCCGAACGACT-1::pbmc3k,CCATCCGAACGACT-1,pbmc3k,donor1,healthy,batch1,445,930.0,24.0,2.580645,False,False,False,True,0.04635761589403972,False,True,True,retained
CCATCCGAAGGTTC-1::pbmc3k,CCATCCGAAGGTTC-1,pbmc3k,donor1,healthy,batch1,703,1806.0,23.0,1.2735326,False,False,False,True,0.014416775884665795,False,True,True,retained
CCATCCGATTCGCC-1::pbmc3k,CCATCCGATTCGCC-1,pbmc3k,donor1,healthy,batch1,593,1314.0,41.0,3.1202435,False,False,False,True,0.009931245225362874,False,True,True,retained
CCATCGTGAACGGG-1::pbmc3k,CCATCGTGAACGGG-1,pbmc3k,donor1,healthy,batch1,875,2207.0,37.0,1.6764839,False,False,False,True,0.04635761589403972,False,True,True,retained
CCATCGTGCTAGAC-1::pbmc3k,CCATCGTGCTAGAC-1,pbmc3k,donor1,healthy,batch1,901,2559.0,56.0,2.188355,False,False,False,True,0.028816676885346417,False,True,True,retained
CCCAACACCTCGCT-1::pbmc3k,CCCAACACCTCGCT-1,pbmc3k,donor1,healthy,batch1,927,2866.0,47.0,1.6399162,False,False,False,True,0.03928836174944403,False,True,True,retained
CCCAACACGCATCA-1::pbmc3k,CCCAACACGCATCA-1,pbmc3k,donor1,healthy,batch1,798,2201.0,31.0,1.4084507,False,False,False,True,0.058823529411764705,False,True,True,retained
CCCAACACTTTGTC-1::pbmc3k,CCCAACACTTTGTC-1,pbmc3k,donor1,healthy,batch1,1221,3442.0,71.0,2.0627542,False,False,False,True,0.027413587604290822,False,True,True,retained
CCCAACTGCAATCG-1::pbmc3k,CCCAACTGCAATCG-1,pbmc3k,donor1,healthy,batch1,415,853.0,14.0,1.6412661,False,False,False,True,0.03928836174944403,False,True,True,retained
CCCAGACTGCCTTC-1::pbmc3k,CCCAGACTGCCTTC-1,pbmc3k,donor1,healthy,batch1,1381,4757.0,93.0,1.9550138,False,False,False,True,0.019431988041853514,False,True,True,retained
CCCAGACTGGTTTG-1::pbmc3k,CCCAGACTGGTTTG-1,pbmc3k,donor1,healthy,batch1,949,2559.0,39.0,1.5240328,False,False,False,True,0.04909560723514212,False,True,True,retained
CCCAGACTTTCGCC-1::pbmc3k,CCCAGACTTTCGCC-1,pbmc3k,donor1,healthy,batch1,1322,4412.0,115.0,2.6065278,False,False,False,True,0.015945330296127564,False,True,True,retained
CCCAGTTGCAGTTG-1::pbmc3k,CCCAGTTGCAGTTG-1,pbmc3k,donor1,healthy,batch1,1169,3416.0,64.0,1.8735362,False,False,False,True,0.02483069977426637,False,True,True,retained
CCCAGTTGGGTACT-1::pbmc3k,CCCAGTTGGGTACT-1,pbmc3k,donor1,healthy,batch1,745,1757.0,45.0,2.561184,False,False,False,True,0.09696092619392188,False,True,True,retained
CCCAGTTGTCTATC-1::pbmc3k,CCCAGTTGTCTATC-1,pbmc3k,donor1,healthy,batch1,727,1925.0,32.0,1.6623375,False,False,False,True,0.011707710940654016,False,True,True,retained
CCCGATTGTGTTTC-1::pbmc3k,CCCGATTGTGTTTC-1,pbmc3k,donor1,healthy,batch1,799,2273.0,73.0,3.2116146,False,False,False,True,0.12727272727272732,False,True,True,retained
CCCGGAGAAGGGTG-1::pbmc3k,CCCGGAGAAGGGTG-1,pbmc3k,donor1,healthy,batch1,490,1019.0,17.0,1.6683023,False,False,False,True,0.013698630136986302,False,True,True,retained
CCCTACGAATTGGC-1::pbmc3k,CCCTACGAATTGGC-1,pbmc3k,donor1,healthy,batch1,767,1865.0,25.0,1.3404826,False,False,False,True,0.015945330296127564,False,True,True,retained
CCCTAGTGCAAAGA-1::pbmc3k,CCCTAGTGCAAAGA-1,pbmc3k,donor1,healthy,batch1,943,2448.0,52.0,2.1241832,False,False,False,True,0.04909560723514212,False,True,True,retained
CCCTCAGACACTTT-1::pbmc3k,CCCTCAGACACTTT-1,pbmc3k,donor1,healthy,batch1,808,2070.0,36.0,1.7391304,False,False,False,True,0.021432305279665442,False,True,True,retained
CCCTCAGACGAGAG-1::pbmc3k,CCCTCAGACGAGAG-1,pbmc3k,donor1,healthy,batch1,926,2926.0,51.0,1.7429938,False,False,False,True,0.058823529411764705,False,True,True,retained
CCCTCAGAGGTCAT-1::pbmc3k,CCCTCAGAGGTCAT-1,pbmc3k,donor1,healthy,batch1,664,2024.0,33.0,1.6304348,False,False,False,True,0.028816676885346417,False,True,True,retained
CCCTGAACTAAAGG-1::pbmc3k,CCCTGAACTAAAGG-1,pbmc3k,donor1,healthy,batch1,569,1533.0,30.0,1.9569471,False,False,False,True,0.01850048685491723,False,True,True,retained
CCCTGATGCAACCA-1::pbmc3k,CCCTGATGCAACCA-1,pbmc3k,donor1,healthy,batch1,843,2914.0,51.0,1.7501715,False,False,False,True,0.08280254777070062,False,True,True,retained
CCCTGATGCAAGCT-1::pbmc3k,CCCTGATGCAAGCT-1,pbmc3k,donor1,healthy,batch1,727,1846.0,35.0,1.8959913,False,False,False,True,0.02608695652173913,False,True,True,retained
CCCTTACTAACCAC-1::pbmc3k,CCCTTACTAACCAC-1,pbmc3k,donor1,healthy,batch1,1222,3561.0,90.0,2.52738,False,False,False,True,0.04909560723514212,False,True,True,retained
CCCTTACTGCAGTT-1::pbmc3k,CCCTTACTGCAGTT-1,pbmc3k,donor1,healthy,batch1,457,973.0,18.0,1.8499486,False,False,False,True,0.04909560723514212,False,True,True,retained
CCGAAAACCTTGTT-1::pbmc3k,CCGAAAACCTTGTT-1,pbmc3k,donor1,healthy,batch1,1515,5147.0,132.0,2.5646007,False,False,False,True,0.03355704697986577,False,True,True,retained
CCGACACTGGTTTG-1::pbmc3k,CCGACACTGGTTTG-1,pbmc3k,donor1,healthy,batch1,1138,3326.0,56.0,1.6837041,False,False,False,True,0.06695464362850971,False,True,True,retained
CCGACTACCCAGTA-1::pbmc3k,CCGACTACCCAGTA-1,pbmc3k,donor1,healthy,batch1,1174,3186.0,68.0,2.1343377,False,False,False,True,0.03928836174944403,False,True,True,retained
CCGACTACCGTGTA-1::pbmc3k,CCGACTACCGTGTA-1,pbmc3k,donor1,healthy,batch1,525,1456.0,28.0,1.923077,False,False,False,True,0.02363936228697086,False,True,True,retained
CCGACTACTGAGGG-1::pbmc3k,CCGACTACTGAGGG-1,pbmc3k,donor1,healthy,batch1,878,2372.0,41.0,1.7284992,False,False,False,True,0.019431988041853514,False,True,True,retained
CCGATAGACCTAAG-1::pbmc3k,CCGATAGACCTAAG-1,pbmc3k,donor1,healthy,batch1,525,1638.0,41.0,2.5030525,False,False,False,True,0.022508038585209007,False,True,True,retained
CCGATAGAGTTGGT-1::pbmc3k,CCGATAGAGTTGGT-1,pbmc3k,donor1,healthy,batch1,999,2958.0,61.0,2.0622041,False,False,False,True,0.037249283667621785,False,True,True,retained
CCGCGAGACACACA-1::pbmc3k,CCGCGAGACACACA-1,pbmc3k,donor1,healthy,batch1,778,2109.0,72.0,3.4139402,False,False,False,True,0.021432305279665442,False,True,True,retained
CCGCGAGAGGTTCA-1::pbmc3k,CCGCGAGAGGTTCA-1,pbmc3k,donor1,healthy,batch1,772,1965.0,39.0,1.9847327,False,False,False,True,0.022508038585209007,False,True,True,retained
CCGCTATGGGACGA-1::pbmc3k,CCGCTATGGGACGA-1,pbmc3k,donor1,healthy,batch1,819,2000.0,50.0,2.5,False,False,False,True,0.01234567901234568,False,True,True,retained
CCGCTATGTGCAAC-1::pbmc3k,CCGCTATGTGCAAC-1,pbmc3k,donor1,healthy,batch1,1015,2523.0,61.0,2.4177566,False,False,False,True,0.02608695652173913,False,True,True,retained
CCGCTATGTGCACA-1::pbmc3k,CCGCTATGTGCACA-1,pbmc3k,donor1,healthy,batch1,939,2854.0,62.0,2.1723895,False,False,False,True,0.017610661589719183,False,True,True,retained
CCGGTACTGTCCTC-1::pbmc3k,CCGGTACTGTCCTC-1,pbmc3k,donor1,healthy,batch1,856,2496.0,60.0,2.4038463,False,False,False,True,0.05206463195691203,False,True,True,retained
CCGTACACAAGCAA-1::pbmc3k,CCGTACACAAGCAA-1,pbmc3k,donor1,healthy,batch1,715,1745.0,27.0,1.5472779,False,False,False,True,0.04635761589403972,False,True,True,retained
CCGTACACAGCGTT-1::pbmc3k,CCGTACACAGCGTT-1,pbmc3k,donor1,healthy,batch1,793,2007.0,26.0,1.2954658,False,False,False,True,0.022508038585209007,False,True,True,retained
CCGTACACGTCATG-1::pbmc3k,CCGTACACGTCATG-1,pbmc3k,donor1,healthy,batch1,837,2076.0,61.0,2.938343,False,False,False,True,0.02608695652173913,False,True,True,retained
CCGTACACGTTGGT-1::pbmc3k,CCGTACACGTTGGT-1,pbmc3k,donor1,healthy,batch1,1193,3297.0,72.0,2.1838036,False,False,False,True,0.022508038585209007,False,True,True,retained
CCGTACACTAACGC-1::pbmc3k,CCGTACACTAACGC-1,pbmc3k,donor1,healthy,batch1,764,2042.0,80.0,3.9177277,False,False,False,True,0.03928836174944403,False,True,True,retained
CCTAAACTTTCGTT-1::pbmc3k,CCTAAACTTTCGTT-1,pbmc3k,donor1,healthy,batch1,834,2353.0,22.0,0.93497664,False,False,False,True,0.05529522024367387,False,True,True,retained
CCTAAGGACCCAAA-1::pbmc3k,CCTAAGGACCCAAA-1,pbmc3k,donor1,healthy,batch1,677,2056.0,36.0,1.7509726,False,False,False,True,0.02483069977426637,False,True,True,retained
CCTAAGGACTAGCA-1::pbmc3k,CCTAAGGACTAGCA-1,pbmc3k,donor1,healthy,batch1,625,1516.0,56.0,3.6939316,False,False,False,True,0.01850048685491723,False,True,True,retained
CCTAAGGAGGGCAA-1::pbmc3k,CCTAAGGAGGGCAA-1,pbmc3k,donor1,healthy,batch1,420,796.0,20.0,2.5125628,False,False,False,True,0.03928836174944403,False,True,True,retained
CCTAAGGATGATGC-1::pbmc3k,CCTAAGGATGATGC-1,pbmc3k,donor1,healthy,batch1,837,2520.0,32.0,1.2698413,False,False,False,True,0.08943089430894309,False,True,True,retained
CCTAAGGATGTCAG-1::pbmc3k,CCTAAGGATGTCAG-1,pbmc3k,donor1,healthy,batch1,874,2882.0,50.0,1.7349062,False,False,False,True,0.02483069977426637,False,True,True,retained
CCTACCGACTCTTA-1::pbmc3k,CCTACCGACTCTTA-1,pbmc3k,donor1,healthy,batch1,679,1893.0,30.0,1.5847859,False,False,False,True,0.058823529411764705,False,True,True,retained
CCTACCGAGGGATG-1::pbmc3k,CCTACCGAGGGATG-1,pbmc3k,donor1,healthy,batch1,811,2344.0,39.0,1.6638225,False,False,False,True,0.12727272727272732,False,True,True,retained
CCTAGAGAGGTGAG-1::pbmc3k,CCTAGAGAGGTGAG-1,pbmc3k,donor1,healthy,batch1,546,1388.0,20.0,1.4409221,False,False,False,True,0.01109350237717908,False,True,True,retained
CCTATAACCAAAGA-1::pbmc3k,CCTATAACCAAAGA-1,pbmc3k,donor1,healthy,batch1,787,2562.0,60.0,2.3419204,False,False,False,True,0.031880286271958366,False,True,True,retained
CCTATAACGAGACG-1::pbmc3k,CCTATAACGAGACG-1,pbmc3k,donor1,healthy,batch1,587,1506.0,36.0,2.3904383,False,False,False,True,0.01234567901234568,False,True,True,retained
CCTATAACTCAGAC-1::pbmc3k,CCTATAACTCAGAC-1,pbmc3k,donor1,healthy,batch1,821,2663.0,33.0,1.2392039,False,False,False,True,0.028816676885346417,False,True,True,retained
CCTATAACTGCATG-1::pbmc3k,CCTATAACTGCATG-1,pbmc3k,donor1,healthy,batch1,669,1721.0,36.0,2.0918071,False,False,False,True,0.03928836174944403,False,True,True,retained
CCTCGAACACTTTC-1::pbmc3k,CCTCGAACACTTTC-1,pbmc3k,donor1,healthy,batch1,813,1644.0,32.0,1.946472,False,False,False,True,0.020408163265306124,False,True,True,retained
CCTCGAACCCGTAA-1::pbmc3k,CCTCGAACCCGTAA-1,pbmc3k,donor1,healthy,batch1,780,2060.0,45.0,2.1844661,False,False,False,True,0.04635761589403972,False,True,True,retained
CCTCGAACGTATCG-1::pbmc3k,CCTCGAACGTATCG-1,pbmc3k,donor1,healthy,batch1,649,1619.0,42.0,2.594194,False,False,False,True,0.041474654377880185,False,True,True,retained
CCTCGAACTTACTC-1::pbmc3k,CCTCGAACTTACTC-1,pbmc3k,donor1,healthy,batch1,924,3184.0,63.0,1.9786432,False,False,False,True,0.03928836174944403,False,True,True,retained
CCTCTACTCTTCGC-1::pbmc3k,CCTCTACTCTTCGC-1,pbmc3k,donor1,healthy,batch1,1322,4464.0,101.0,2.2625449,False,False,False,True,0.037249283667621785,False,True,True,retained
CCTCTACTGGCATT-1::pbmc3k,CCTCTACTGGCATT-1,pbmc3k,donor1,healthy,batch1,701,2176.0,33.0,1.5165441,False,False,False,True,0.02483069977426637,False,True,True,retained
CCTGACTGAAGTAG-1::pbmc3k,CCTGACTGAAGTAG-1,pbmc3k,donor1,healthy,batch1,792,2128.0,69.0,3.2424812,False,False,False,True,0.043824701195219126,False,True,True,retained
CCTGACTGGGGAGT-1::pbmc3k,CCTGACTGGGGAGT-1,pbmc3k,donor1,healthy,batch1,817,2543.0,35.0,1.3763272,False,False,False,True,0.03355704697986577,False,True,True,retained
CCTGACTGTGTCTT-1::pbmc3k,CCTGACTGTGTCTT-1,pbmc3k,donor1,healthy,batch1,667,1619.0,63.0,3.8912911,False,False,False,True,0.008849557522123895,False,True,True,retained
CCTGCAACACGTTG-1::pbmc3k,CCTGCAACACGTTG-1,pbmc3k,donor1,healthy,batch1,804,2096.0,48.0,2.2900765,False,False,False,True,0.03928836174944403,False,True,True,retained
CCTGGACTCGTGAT-1::pbmc3k,CCTGGACTCGTGAT-1,pbmc3k,donor1,healthy,batch1,593,1354.0,19.0,1.4032496,False,False,False,True,0.05529522024367387,False,True,True,retained
CCTTAATGCCCAAA-1::pbmc3k,CCTTAATGCCCAAA-1,pbmc3k,donor1,healthy,batch1,740,1853.0,37.0,1.9967619,False,False,False,True,0.01850048685491723,False,True,True,retained
CCTTAATGTTCTAC-1::pbmc3k,CCTTAATGTTCTAC-1,pbmc3k,donor1,healthy,batch1,1243,3834.0,145.0,3.781951,False,False,False,True,0.28358208955223857,True,True,False,predicted_doublet
CCTTCACTACGACT-1::pbmc3k,CCTTCACTACGACT-1,pbmc3k,donor1,healthy,batch1,859,2168.0,30.0,1.3837638,False,False,False,True,0.07692307692307694,False,True,True,retained
CCTTCACTCAGTCA-1::pbmc3k,CCTTCACTCAGTCA-1,pbmc3k,donor1,healthy,batch1,685,1420.0,40.0,2.8169014,False,False,False,True,0.030303030303030304,False,True,True,retained
CCTTCACTGGAGTG-1::pbmc3k,CCTTCACTGGAGTG-1,pbmc3k,donor1,healthy,batch1,596,1657.0,34.0,2.051901,False,False,False,True,0.007360672975814933,False,True,True,retained
CCTTTAGATTCATC-1::pbmc3k,CCTTTAGATTCATC-1,pbmc3k,donor1,healthy,batch1,1193,3507.0,77.0,2.1956089,False,False,False,True,0.020408163265306124,False,True,True,retained
CGAACATGCCCTAC-1::pbmc3k,CGAACATGCCCTAC-1,pbmc3k,donor1,healthy,batch1,859,2322.0,58.0,2.4978466,False,False,False,True,0.05206463195691203,False,True,True,retained
CGAACATGTCAGAC-1::pbmc3k,CGAACATGTCAGAC-1,pbmc3k,donor1,healthy,batch1,775,2211.0,32.0,1.4473089,False,False,False,True,0.03534303534303534,False,True,True,retained
CGAAGACTGGAACG-1::pbmc3k,CGAAGACTGGAACG-1,pbmc3k,donor1,healthy,batch1,947,2444.0,68.0,2.782324,False,False,False,True,0.04909560723514212,False,True,True,retained
CGAAGACTGTTACG-1::pbmc3k,CGAAGACTGTTACG-1,pbmc3k,donor1,healthy,batch1,689,1737.0,49.0,2.8209555,False,False,False,True,0.058823529411764705,False,True,True,retained
CGAAGGGAAACCTG-1::pbmc3k,CGAAGGGAAACCTG-1,pbmc3k,donor1,healthy,batch1,907,2158.0,26.0,1.2048192,False,False,False,True,0.03355704697986577,False,True,True,retained
CGAAGGGATCCGAA-1::pbmc3k,CGAAGGGATCCGAA-1,pbmc3k,donor1,healthy,batch1,734,1837.0,36.0,1.9597169,False,False,False,True,0.10559006211180123,False,True,True,retained
CGAAGTACCAACTG-1::pbmc3k,CGAAGTACCAACTG-1,pbmc3k,donor1,healthy,batch1,621,1565.0,39.0,2.4920127,False,False,False,True,0.02483069977426637,False,True,True,retained
CGAATCGAGGAGCA-1::pbmc3k,CGAATCGAGGAGCA-1,pbmc3k,donor1,healthy,batch1,336,581.0,19.0,3.2702236,False,False,False,True,0.02483069977426637,False,True,True,retained
CGAATCGAGGAGGT-1::pbmc3k,CGAATCGAGGAGGT-1,pbmc3k,donor1,healthy,batch1,922,2512.0,48.0,1.9108281,False,False,False,True,0.03928836174944403,False,True,True,retained
CGACAAACCCATAG-1::pbmc3k,CGACAAACCCATAG-1,pbmc3k,donor1,healthy,batch1,802,2871.0,46.0,1.6022291,False,False,False,True,0.037249283667621785,False,True,True,retained
CGACAAACCGACAT-1::pbmc3k,CGACAAACCGACAT-1,pbmc3k,donor1,healthy,batch1,812,2098.0,27.0,1.2869399,False,False,False,True,0.037249283667621785,False,True,True,retained
CGACCACTAAAGTG-1::pbmc3k,CGACCACTAAAGTG-1,pbmc3k,donor1,healthy,batch1,941,1934.0,39.0,2.016546,False,False,False,True,0.028816676885346417,False,True,True,retained
CGACCACTGCCAAT-1::pbmc3k,CGACCACTGCCAAT-1,pbmc3k,donor1,healthy,batch1,943,1850.0,55.0,2.9729729,False,False,False,True,0.013008812421317668,False,True,True,retained
CGACCGGAAGGTCT-1::pbmc3k,CGACCGGAAGGTCT-1,pbmc3k,donor1,healthy,batch1,868,2728.0,55.0,2.016129,False,False,False,True,0.030303030303030304,False,True,True,retained
CGACCGGATGGAAA-1::pbmc3k,CGACCGGATGGAAA-1,pbmc3k,donor1,healthy,batch1,947,2698.0,64.0,2.3721275,False,False,False,True,0.09696092619392188,False,True,True,retained
CGACCTTGCTAGTG-1::pbmc3k,CGACCTTGCTAGTG-1,pbmc3k,donor1,healthy,batch1,767,1977.0,18.0,0.9104704,False,False,False,True,0.021432305279665442,False,True,True,retained
CGACCTTGGCAAGG-1::pbmc3k,CGACCTTGGCAAGG-1,pbmc3k,donor1,healthy,batch1,341,865.0,88.0,10.17341,False,False,True,False,,False,False,False,high_mito
CGACGTCTATCGTG-1::pbmc3k,CGACGTCTATCGTG-1,pbmc3k,donor1,healthy,batch1,701,2043.0,48.0,2.349486,False,False,False,True,0.07167235494880546,False,True,True,retained
CGACGTCTCGTGTA-1::pbmc3k,CGACGTCTCGTGTA-1,pbmc3k,donor1,healthy,batch1,692,1954.0,44.0,2.2517912,False,False,False,True,0.031880286271958366,False,True,True,retained
CGACGTCTGAGGCA-1::pbmc3k,CGACGTCTGAGGCA-1,pbmc3k,donor1,healthy,batch1,423,1057.0,14.0,1.3245033,False,False,False,True,0.02363936228697086,False,True,True,retained
CGACTCACGTCGTA-1::pbmc3k,CGACTCACGTCGTA-1,pbmc3k,donor1,healthy,batch1,775,2160.0,50.0,2.3148148,False,False,False,True,0.04635761589403972,False,True,True,retained
CGACTCACGTTGCA-1::pbmc3k,CGACTCACGTTGCA-1,pbmc3k,donor1,healthy,batch1,500,1093.0,34.0,3.1107047,False,False,False,True,0.05206463195691203,False,True,True,retained
CGACTCTGTGTGAC-1::pbmc3k,CGACTCTGTGTGAC-1,pbmc3k,donor1,healthy,batch1,1100,3131.0,47.0,1.5011178,False,False,False,True,0.06695464362850971,False,True,True,retained
CGACTGCTTCCTCG-1::pbmc3k,CGACTGCTTCCTCG-1,pbmc3k,donor1,healthy,batch1,812,2015.0,32.0,1.5880893,False,False,False,True,0.03355704697986577,False,True,True,retained
CGAGAACTAAGGCG-1::pbmc3k,CGAGAACTAAGGCG-1,pbmc3k,donor1,healthy,batch1,728,1913.0,51.0,2.6659698,False,False,False,True,0.03534303534303534,False,True,True,retained
CGAGAACTACGTTG-1::pbmc3k,CGAGAACTACGTTG-1,pbmc3k,donor1,healthy,batch1,616,1842.0,52.0,2.8230186,False,False,False,True,0.03928836174944403,False,True,True,retained
CGAGAACTTGTTCT-1::pbmc3k,CGAGAACTTGTTCT-1,pbmc3k,donor1,healthy,batch1,928,2551.0,38.0,1.4896119,False,False,False,True,0.016759776536312852,False,True,True,retained
CGAGATTGGACACT-1::pbmc3k,CGAGATTGGACACT-1,pbmc3k,donor1,healthy,batch1,835,1943.0,29.0,1.4925373,False,False,False,True,0.01850048685491723,False,True,True,retained
CGAGATTGGCCATA-1::pbmc3k,CGAGATTGGCCATA-1,pbmc3k,donor1,healthy,batch1,454,1042.0,28.0,2.6871402,False,False,False,True,0.028816676885346417,False,True,True,retained
CGAGCCGAACACCA-1::pbmc3k,CGAGCCGAACACCA-1,pbmc3k,donor1,healthy,batch1,812,2385.0,74.0,3.1027253,False,False,False,True,0.07167235494880546,False,True,True,retained
CGAGCCGACGACAT-1::pbmc3k,CGAGCCGACGACAT-1,pbmc3k,donor1,healthy,batch1,566,1354.0,89.0,6.573117,False,False,True,False,,False,False,False,high_mito
CGAGCCGAGGCGAA-1::pbmc3k,CGAGCCGAGGCGAA-1,pbmc3k,donor1,healthy,batch1,769,2447.0,80.0,3.2693093,False,False,False,True,0.08280254777070062,False,True,True,retained
CGAGCGTGCTCCAC-1::pbmc3k,CGAGCGTGCTCCAC-1,pbmc3k,donor1,healthy,batch1,1058,3303.0,69.0,2.08901,False,False,False,True,0.07167235494880546,False,True,True,retained
CGAGCGTGGATACC-1::pbmc3k,CGAGCGTGGATACC-1,pbmc3k,donor1,healthy,batch1,914,3360.0,48.0,1.4285715,False,False,False,True,0.07167235494880546,False,True,True,retained
CGAGCGTGTATGCG-1::pbmc3k,CGAGCGTGTATGCG-1,pbmc3k,donor1,healthy,batch1,628,1530.0,56.0,3.660131,False,False,False,True,0.013698630136986302,False,True,True,retained
CGAGGAGACCTCCA-1::pbmc3k,CGAGGAGACCTCCA-1,pbmc3k,donor1,healthy,batch1,649,1531.0,35.0,2.2860875,False,False,False,True,0.007360672975814933,False,True,True,retained
CGAGGAGATGTCGA-1::pbmc3k,CGAGGAGATGTCGA-1,pbmc3k,donor1,healthy,batch1,452,1069.0,36.0,3.3676333,False,False,False,True,0.05206463195691203,False,True,True,retained
CGAGGCACCTATGG-1::pbmc3k,CGAGGCACCTATGG-1,pbmc3k,donor1,healthy,batch1,754,1975.0,37.0,1.8734177,False,False,False,True,0.02608695652173913,False,True,True,retained
CGAGGCACTATGCG-1::pbmc3k,CGAGGCACTATGCG-1,pbmc3k,donor1,healthy,batch1,1327,4177.0,121.0,2.896816,False,False,False,True,0.022508038585209007,False,True,True,retained
CGAGGCACTCTTCA-1::pbmc3k,CGAGGCACTCTTCA-1,pbmc3k,donor1,healthy,batch1,776,1827.0,35.0,1.9157088,False,False,False,True,0.08943089430894309,False,True,True,retained
CGAGGCTGACGCTA-1::pbmc3k,CGAGGCTGACGCTA-1,pbmc3k,donor1,healthy,batch1,670,1373.0,27.0,1.9664967,False,False,False,True,0.02608695652173913,False,True,True,retained
CGAGGCTGGCAGTT-1::pbmc3k,CGAGGCTGGCAGTT-1,pbmc3k,donor1,healthy,batch1,1017,2940.0,65.0,2.2108843,False,False,False,True,0.03534303534303534,False,True,True,retained
CGAGGGCTACGACT-1::pbmc3k,CGAGGGCTACGACT-1,pbmc3k,donor1,healthy,batch1,599,1663.0,35.0,2.1046302,False,False,False,True,0.030303030303030304,False,True,True,retained
CGAGGGCTCGAATC-1::pbmc3k,CGAGGGCTCGAATC-1,pbmc3k,donor1,healthy,batch1,431,905.0,26.0,2.8729281,False,False,False,True,0.05206463195691203,False,True,True,retained
CGAGTATGTCACCC-1::pbmc3k,CGAGTATGTCACCC-1,pbmc3k,donor1,healthy,batch1,967,2745.0,92.0,3.3515482,False,False,False,True,0.030303030303030304,False,True,True,retained
CGATACGAACAGTC-1::pbmc3k,CGATACGAACAGTC-1,pbmc3k,donor1,healthy,batch1,1077,3047.0,55.0,1.8050542,False,False,False,True,0.041474654377880185,False,True,True,retained
CGATACGACAGGAG-1::pbmc3k,CGATACGACAGGAG-1,pbmc3k,donor1,healthy,batch1,2033,6733.0,149.0,2.2129807,False,False,False,True,0.08280254777070062,False,True,True,retained
CGATACGATTCACT-1::pbmc3k,CGATACGATTCACT-1,pbmc3k,donor1,healthy,batch1,731,2023.0,29.0,1.4335146,False,False,False,True,0.015945330296127564,False,True,True,retained
CGATAGACCCGTAA-1::pbmc3k,CGATAGACCCGTAA-1,pbmc3k,donor1,healthy,batch1,533,1222.0,45.0,3.6824877,False,False,False,True,0.02608695652173913,False,True,True,retained
CGATAGACCGTACA-1::pbmc3k,CGATAGACCGTACA-1,pbmc3k,donor1,healthy,batch1,926,2090.0,16.0,0.76555026,False,False,False,True,0.07167235494880546,False,True,True,retained
CGATAGACGTAGGG-1::pbmc3k,CGATAGACGTAGGG-1,pbmc3k,donor1,healthy,batch1,725,1830.0,55.0,3.0054646,False,False,False,True,0.04635761589403972,False,True,True,retained
CGATAGACTGTTCT-1::pbmc3k,CGATAGACTGTTCT-1,pbmc3k,donor1,healthy,batch1,559,1299.0,30.0,2.3094687,False,False,False,True,0.04635761589403972,False,True,True,retained
CGATCAGAAGAACA-1::pbmc3k,CGATCAGAAGAACA-1,pbmc3k,donor1,healthy,batch1,870,2199.0,48.0,2.1828103,False,False,False,True,0.04635761589403972,False,True,True,retained
CGATCAGAGAGGGT-1::pbmc3k,CGATCAGAGAGGGT-1,pbmc3k,donor1,healthy,batch1,964,2723.0,55.0,2.019831,False,False,False,True,0.06269270298047275,False,True,True,retained
CGATCAGAGGTACT-1::pbmc3k,CGATCAGAGGTACT-1,pbmc3k,donor1,healthy,batch1,1341,5142.0,59.0,1.1474135,False,False,False,True,0.03928836174944403,False,True,True,retained
CGATCAGATGTGAC-1::pbmc3k,CGATCAGATGTGAC-1,pbmc3k,donor1,healthy,batch1,1981,6916.0,68.0,0.9832273,False,False,False,True,0.12727272727272732,False,True,True,retained
CGATCCACCGGGAA-1::pbmc3k,CGATCCACCGGGAA-1,pbmc3k,donor1,healthy,batch1,1103,3231.0,72.0,2.2284122,False,False,False,True,0.05529522024367387,False,True,True,retained
CGATCCACTTCCAT-1::pbmc3k,CGATCCACTTCCAT-1,pbmc3k,donor1,healthy,batch1,326,591.0,12.0,2.0304568,False,False,False,True,0.021432305279665442,False,True,True,retained
CGCAAATGCTCGAA-1::pbmc3k,CGCAAATGCTCGAA-1,pbmc3k,donor1,healthy,batch1,428,1012.0,47.0,4.644269,False,False,False,True,0.05529522024367387,False,True,True,retained
CGCAACCTCCTTGC-1::pbmc3k,CGCAACCTCCTTGC-1,pbmc3k,donor1,healthy,batch1,808,2312.0,35.0,1.5138408,False,False,False,True,0.027413587604290822,False,True,True,retained
CGCAACCTGGACGA-1::pbmc3k,CGCAACCTGGACGA-1,pbmc3k,donor1,healthy,batch1,821,2322.0,46.0,1.9810508,False,False,False,True,0.03355704697986577,False,True,True,retained
CGCACGGAGGACGA-1::pbmc3k,CGCACGGAGGACGA-1,pbmc3k,donor1,healthy,batch1,554,1171.0,29.0,2.4765158,False,False,False,True,0.007840342124019958,False,True,True,retained
CGCACGGATCTTTG-1::pbmc3k,CGCACGGATCTTTG-1,pbmc3k,donor1,healthy,batch1,596,1932.0,62.0,3.2091095,False,False,False,True,0.014416775884665795,False,True,True,retained
CGCACTACAGAATG-1::pbmc3k,CGCACTACAGAATG-1,pbmc3k,donor1,healthy,batch1,680,1864.0,23.0,1.2339056,False,False,False,True,0.02608695652173913,False,True,True,retained
CGCACTACAGCCAT-1::pbmc3k,CGCACTACAGCCAT-1,pbmc3k,donor1,healthy,batch1,1034,3379.0,35.0,1.0358094,False,False,False,True,0.07692307692307694,False,True,True,retained
CGCACTACATTGGC-1::pbmc3k,CGCACTACATTGGC-1,pbmc3k,donor1,healthy,batch1,849,2816.0,51.0,1.8110795,False,False,False,True,0.06269270298047275,False,True,True,retained
CGCACTACTCGCCT-1::pbmc3k,CGCACTACTCGCCT-1,pbmc3k,donor1,healthy,batch1,566,1284.0,26.0,2.0249221,False,False,False,True,0.019431988041853514,False,True,True,retained
CGCACTACTCGTGA-1::pbmc3k,CGCACTACTCGTGA-1,pbmc3k,donor1,healthy,batch1,879,2071.0,49.0,2.3660069,False,False,False,True,0.04909560723514212,False,True,True,retained
CGCACTTGTCACGA-1::pbmc3k,CGCACTTGTCACGA-1,pbmc3k,donor1,healthy,batch1,1091,3086.0,54.0,1.749838,False,False,False,True,0.02363936228697086,False,True,True,retained
CGCAGGACAGATCC-1::pbmc3k,CGCAGGACAGATCC-1,pbmc3k,donor1,healthy,batch1,823,2213.0,75.0,3.3890646,False,False,False,True,0.07167235494880546,False,True,True,retained
CGCAGGACCTACTT-1::pbmc3k,CGCAGGACCTACTT-1,pbmc3k,donor1,healthy,batch1,447,1067.0,20.0,1.8744143,False,False,False,True,0.03355704697986577,False,True,True,retained
CGCAGGACTTGTCT-1::pbmc3k,CGCAGGACTTGTCT-1,pbmc3k,donor1,healthy,batch1,1688,5163.0,114.0,2.2080188,False,False,False,True,0.02363936228697086,False,True,True,retained
CGCAGGTGCACTGA-1::pbmc3k,CGCAGGTGCACTGA-1,pbmc3k,donor1,healthy,batch1,868,2754.0,82.0,2.9774873,False,False,False,True,0.08943089430894309,False,True,True,retained
CGCAGGTGCCATAG-1::pbmc3k,CGCAGGTGCCATAG-1,pbmc3k,donor1,healthy,batch1,1254,4316.0,127.0,2.9425395,False,False,False,True,0.037249283667621785,False,True,True,retained
CGCAGGTGGGAACG-1::pbmc3k,CGCAGGTGGGAACG-1,pbmc3k,donor1,healthy,batch1,942,2280.0,64.0,2.8070176,False,False,False,True,0.04909560723514212,False,True,True,retained
CGCATAGATCACGA-1::pbmc3k,CGCATAGATCACGA-1,pbmc3k,donor1,healthy,batch1,462,955.0,11.0,1.1518325,False,False,False,True,0.006012024048096193,False,True,True,retained
CGCCATACTGCAAC-1::pbmc3k,CGCCATACTGCAAC-1,pbmc3k,donor1,healthy,batch1,1055,3448.0,53.0,1.537123,False,False,False,True,0.07692307692307694,False,True,True,retained
CGCCATTGAGAGGC-1::pbmc3k,CGCCATTGAGAGGC-1,pbmc3k,donor1,healthy,batch1,852,2763.0,61.0,2.2077453,False,False,False,True,0.03928836174944403,False,True,True,retained
CGCCATTGCTATGG-1::pbmc3k,CGCCATTGCTATGG-1,pbmc3k,donor1,healthy,batch1,738,1794.0,32.0,1.7837236,False,False,False,True,0.06695464362850971,False,True,True,retained
CGCCATTGGAGACG-1::pbmc3k,CGCCATTGGAGACG-1,pbmc3k,donor1,healthy,batch1,804,2288.0,38.0,1.6608391,False,False,False,True,0.04635761589403972,False,True,True,retained
CGCCATTGGAGCAG-1::pbmc3k,CGCCATTGGAGCAG-1,pbmc3k,donor1,healthy,batch1,775,2024.0,93.0,4.5948615,False,False,False,True,0.015165031222123105,False,True,True,retained
CGCCATTGTACTGG-1::pbmc3k,CGCCATTGTACTGG-1,pbmc3k,donor1,healthy,batch1,726,1687.0,32.0,1.8968585,False,False,False,True,0.028816676885346417,False,True,True,retained
CGCCGAGAGCTTAG-1::pbmc3k,CGCCGAGAGCTTAG-1,pbmc3k,donor1,healthy,batch1,993,2047.0,33.0,1.6121153,False,False,False,True,0.04635761589403972,False,True,True,retained
CGCCTAACGAATGA-1::pbmc3k,CGCCTAACGAATGA-1,pbmc3k,donor1,healthy,batch1,1462,4604.0,84.0,1.8245004,False,False,False,True,0.23809523809523814,True,True,False,predicted_doublet
CGCCTAACTGCTCC-1::pbmc3k,CGCCTAACTGCTCC-1,pbmc3k,donor1,healthy,batch1,1007,3490.0,55.0,1.5759312,False,False,False,True,0.09696092619392188,False,True,True,retained
CGCGAGACACAGCT-1::pbmc3k,CGCGAGACACAGCT-1,pbmc3k,donor1,healthy,batch1,798,2246.0,73.0,3.2502227,False,False,False,True,0.05529522024367387,False,True,True,retained
CGCGAGACAGGTCT-1::pbmc3k,CGCGAGACAGGTCT-1,pbmc3k,donor1,healthy,batch1,1036,3174.0,100.0,3.1505988,False,False,False,True,0.08943089430894309,False,True,True,retained
CGCGAGACGCTACA-1::pbmc3k,CGCGAGACGCTACA-1,pbmc3k,donor1,healthy,batch1,786,1969.0,33.0,1.6759777,False,False,False,True,0.05206463195691203,False,True,True,retained
CGCGATCTCAGTCA-1::pbmc3k,CGCGATCTCAGTCA-1,pbmc3k,donor1,healthy,batch1,948,2556.0,34.0,1.3302034,False,False,False,True,0.06695464362850971,False,True,True,retained
CGCGATCTGTTGAC-1::pbmc3k,CGCGATCTGTTGAC-1,pbmc3k,donor1,healthy,batch1,743,2110.0,55.0,2.606635,False,False,False,True,0.015945330296127564,False,True,True,retained
CGCGATCTTTCTTG-1::pbmc3k,CGCGATCTTTCTTG-1,pbmc3k,donor1,healthy,batch1,761,2394.0,56.0,2.3391814,False,False,False,True,0.08280254777070062,False,True,True,retained
CGCGGATGGCCAAT-1::pbmc3k,CGCGGATGGCCAAT-1,pbmc3k,donor1,healthy,batch1,838,2266.0,29.0,1.2797881,False,False,False,True,0.031880286271958366,False,True,True,retained
CGCTAAGAATGTCG-1::pbmc3k,CGCTAAGAATGTCG-1,pbmc3k,donor1,healthy,batch1,1040,2703.0,15.0,0.5549389,False,False,False,True,0.030303030303030304,False,True,True,retained
CGCTAAGACAACTG-1::pbmc3k,CGCTAAGACAACTG-1,pbmc3k,donor1,healthy,batch1,859,2772.0,58.0,2.0923522,False,False,False,True,0.05529522024367387,False,True,True,retained
CGCTAAGACCCTTG-1::pbmc3k,CGCTAAGACCCTTG-1,pbmc3k,donor1,healthy,batch1,867,2620.0,53.0,2.0229008,False,False,False,True,0.019431988041853514,False,True,True,retained
CGCTACTGAACAGA-1::pbmc3k,CGCTACTGAACAGA-1,pbmc3k,donor1,healthy,batch1,1188,3808.0,107.0,2.809874,False,False,False,True,0.022508038585209007,False,True,True,retained
CGCTACTGAGAACA-1::pbmc3k,CGCTACTGAGAACA-1,pbmc3k,donor1,healthy,batch1,846,2461.0,25.0,1.0158472,False,False,False,True,0.04635761589403972,False,True,True,retained
CGCTACTGTGAGCT-1::pbmc3k,CGCTACTGTGAGCT-1,pbmc3k,donor1,healthy,batch1,687,1926.0,16.0,0.8307373,False,False,False,True,0.058823529411764705,False,True,True,retained
CGCTACTGTTCCCG-1::pbmc3k,CGCTACTGTTCCCG-1,pbmc3k,donor1,healthy,batch1,672,1368.0,43.0,3.1432748,False,False,False,True,0.07167235494880546,False,True,True,retained
CGCTCATGCATTTC-1::pbmc3k,CGCTCATGCATTTC-1,pbmc3k,donor1,healthy,batch1,629,1469.0,33.0,2.2464263,False,False,False,True,0.02608695652173913,False,True,True,retained
CGGAATTGCACTAG-1::pbmc3k,CGGAATTGCACTAG-1,pbmc3k,donor1,healthy,batch1,426,902.0,53.0,5.8758316,False,False,True,False,,False,False,False,high_mito
CGGAATTGGTTTGG-1::pbmc3k,CGGAATTGGTTTGG-1,pbmc3k,donor1,healthy,batch1,725,1897.0,43.0,2.266737,False,False,False,True,0.07167235494880546,False,True,True,retained
CGGAATTGTGGAGG-1::pbmc3k,CGGAATTGTGGAGG-1,pbmc3k,donor1,healthy,batch1,660,1544.0,11.0,0.71243525,False,False,False,True,0.02608695652173913,False,True,True,retained
CGGACCGATGCGTA-1::pbmc3k,CGGACCGATGCGTA-1,pbmc3k,donor1,healthy,batch1,809,1835.0,24.0,1.307902,False,False,False,True,0.03928836174944403,False,True,True,retained
CGGACCGATGGGAG-1::pbmc3k,CGGACCGATGGGAG-1,pbmc3k,donor1,healthy,batch1,469,985.0,26.0,2.6395938,False,False,False,True,0.027413587604290822,False,True,True,retained
CGGACTCTAAACAG-1::pbmc3k,CGGACTCTAAACAG-1,pbmc3k,donor1,healthy,batch1,600,1659.0,33.0,1.98915,False,False,False,True,0.01109350237717908,False,True,True,retained
CGGACTCTCCAATG-1::pbmc3k,CGGACTCTCCAATG-1,pbmc3k,donor1,healthy,batch1,812,2003.0,44.0,2.1967049,False,False,False,True,0.041474654377880185,False,True,True,retained
CGGACTCTCCTCGT-1::pbmc3k,CGGACTCTCCTCGT-1,pbmc3k,donor1,healthy,batch1,856,1875.0,34.0,1.8133333,False,False,False,True,0.03355704697986577,False,True,True,retained
CGGAGGCTATTCCT-1::pbmc3k,CGGAGGCTATTCCT-1,pbmc3k,donor1,healthy,batch1,397,848.0,41.0,4.8349056,False,False,False,True,0.019431988041853514,False,True,True,retained
CGGAGGCTTGGATC-1::pbmc3k,CGGAGGCTTGGATC-1,pbmc3k,donor1,healthy,batch1,786,2836.0,34.0,1.1988716,False,False,False,True,0.037249283667621785,False,True,True,retained
CGGATAACAACGAA-1::pbmc3k,CGGATAACAACGAA-1,pbmc3k,donor1,healthy,batch1,895,2578.0,26.0,1.0085338,False,False,False,True,0.027413587604290822,False,True,True,retained
CGGATAACAGCTCA-1::pbmc3k,CGGATAACAGCTCA-1,pbmc3k,donor1,healthy,batch1,882,2432.0,32.0,1.3157895,False,False,False,True,0.07692307692307694,False,True,True,retained
CGGATAACTCAGTG-1::pbmc3k,CGGATAACTCAGTG-1,pbmc3k,donor1,healthy,batch1,449,959.0,23.0,2.3983316,False,False,False,True,0.01109350237717908,False,True,True,retained
CGGCACGAACTCAG-1::pbmc3k,CGGCACGAACTCAG-1,pbmc3k,donor1,healthy,batch1,890,2271.0,83.0,3.6547775,False,False,False,True,0.05206463195691203,False,True,True,retained
CGGCACGAAGGGTG-1::pbmc3k,CGGCACGAAGGGTG-1,pbmc3k,donor1,healthy,batch1,823,2437.0,74.0,3.0365202,False,False,False,True,0.037249283667621785,False,True,True,retained
CGGCACGACTACGA-1::pbmc3k,CGGCACGACTACGA-1,pbmc3k,donor1,healthy,batch1,1051,2839.0,99.0,3.4871433,False,False,False,True,0.010501750291715288,False,True,True,retained
CGGCATCTTAGAAG-1::pbmc3k,CGGCATCTTAGAAG-1,pbmc3k,donor1,healthy,batch1,823,1982.0,46.0,2.320888,False,False,False,True,0.058823529411764705,False,True,True,retained
CGGCATCTTCGTAG-1::pbmc3k,CGGCATCTTCGTAG-1,pbmc3k,donor1,healthy,batch1,1055,3312.0,66.0,1.9927537,False,False,False,True,0.02363936228697086,False,True,True,retained
CGGCCAGAAAGGTA-1::pbmc3k,CGGCCAGAAAGGTA-1,pbmc3k,donor1,healthy,batch1,741,2077.0,50.0,2.407318,False,False,False,True,0.04635761589403972,False,True,True,retained
CGGCCAGAGAGGCA-1::pbmc3k,CGGCCAGAGAGGCA-1,pbmc3k,donor1,healthy,batch1,999,2410.0,56.0,2.3236516,False,False,False,True,0.043824701195219126,False,True,True,retained
CGGCGAACCAGTCA-1::pbmc3k,CGGCGAACCAGTCA-1,pbmc3k,donor1,healthy,batch1,1241,3765.0,79.0,2.0982735,False,False,False,True,0.08943089430894309,False,True,True,retained
CGGCGAACGACAAA-1::pbmc3k,CGGCGAACGACAAA-1,pbmc3k,donor1,healthy,batch1,790,1589.0,14.0,0.88105726,False,False,False,True,0.04635761589403972,False,True,True,retained
CGGCGAACGGTCTA-1::pbmc3k,CGGCGAACGGTCTA-1,pbmc3k,donor1,healthy,batch1,878,2498.0,39.0,1.5612489,False,False,False,True,0.06695464362850971,False,True,True,retained
CGGCGAACTACTTC-1::pbmc3k,CGGCGAACTACTTC-1,pbmc3k,donor1,healthy,batch1,778,1729.0,35.0,2.0242915,False,False,False,True,0.020408163265306124,False,True,True,retained
CGGGACTGCGTGTA-1::pbmc3k,CGGGACTGCGTGTA-1,pbmc3k,donor1,healthy,batch1,1066,4278.0,107.0,2.5011687,False,False,False,True,0.08943089430894309,False,True,True,retained
CGGGACTGGAATAG-1::pbmc3k,CGGGACTGGAATAG-1,pbmc3k,donor1,healthy,batch1,815,2013.0,68.0,3.3780427,False,False,False,True,0.05206463195691203,False,True,True,retained
CGGGCATGACCCAA-1::pbmc3k,CGGGCATGACCCAA-1,pbmc3k,donor1,healthy,batch1,465,1032.0,48.0,4.6511626,False,False,False,True,0.037249283667621785,False,True,True,retained
CGGGCATGTCTCTA-1::pbmc3k,CGGGCATGTCTCTA-1,pbmc3k,donor1,healthy,batch1,1079,2865.0,59.0,2.0593367,False,False,False,True,0.03355704697986577,False,True,True,retained
CGGGCATGTTGTGG-1::pbmc3k,CGGGCATGTTGTGG-1,pbmc3k,donor1,healthy,batch1,743,2197.0,36.0,1.6385982,False,False,False,True,0.03534303534303534,False,True,True,retained
CGGTAAACTCGCAA-1::pbmc3k,CGGTAAACTCGCAA-1,pbmc3k,donor1,healthy,batch1,1098,3145.0,43.0,1.3672496,False,False,False,True,0.14115308151093434,False,True,True,retained
CGGTCACTGTTTGG-1::pbmc3k,CGGTCACTGTTTGG-1,pbmc3k,donor1,healthy,batch1,807,2140.0,39.0,1.8224299,False,False,False,True,0.06269270298047275,False,True,True,retained
CGGTCACTTACTTC-1::pbmc3k,CGGTCACTTACTTC-1,pbmc3k,donor1,healthy,batch1,1120,3248.0,43.0,1.3238916,False,False,False,True,0.1155778894472362,False,True,True,retained
CGTAACGAATCAGC-1::pbmc3k,CGTAACGAATCAGC-1,pbmc3k,donor1,healthy,batch1,462,1220.0,65.0,5.327869,False,False,True,False,,False,False,False,high_mito
CGTAACGATCGCCT-1::pbmc3k,CGTAACGATCGCCT-1,pbmc3k,donor1,healthy,batch1,1025,3416.0,53.0,1.5515223,False,False,False,True,0.05206463195691203,False,True,True,retained
CGTACCACACACAC-1::pbmc3k,CGTACCACACACAC-1,pbmc3k,donor1,healthy,batch1,805,2085.0,36.0,1.7266188,False,False,False,True,0.07167235494880546,False,True,True,retained
CGTACCACACGTTG-1::pbmc3k,CGTACCACACGTTG-1,pbmc3k,donor1,healthy,batch1,676,2159.0,32.0,1.4821676,False,False,False,True,0.027413587604290822,False,True,True,retained
CGTACCACCTCATT-1::pbmc3k,CGTACCACCTCATT-1,pbmc3k,donor1,healthy,batch1,828,2382.0,53.0,2.225021,False,False,False,True,0.04909560723514212,False,True,True,retained
CGTACCACGCTACA-1::pbmc3k,CGTACCACGCTACA-1,pbmc3k,donor1,healthy,batch1,418,893.0,61.0,6.830907,False,False,True,False,,False,False,False,high_mito
CGTACCACGGAGCA-1::pbmc3k,CGTACCACGGAGCA-1,pbmc3k,donor1,healthy,batch1,763,2132.0,42.0,1.9699812,False,False,False,True,0.04635761589403972,False,True,True,retained
CGTACCTGGACGAG-1::pbmc3k,CGTACCTGGACGAG-1,pbmc3k,donor1,healthy,batch1,407,833.0,188.0,22.569027,False,False,True,False,,False,False,False,high_mito
CGTACCTGGCATCA-1::pbmc3k,CGTACCTGGCATCA-1,pbmc3k,donor1,healthy,batch1,997,2473.0,62.0,2.5070765,False,False,False,True,0.037249283667621785,False,True,True,retained
CGTAGCCTCTCTCG-1::pbmc3k,CGTAGCCTCTCTCG-1,pbmc3k,donor1,healthy,batch1,852,2311.0,47.0,2.0337517,False,False,False,True,0.07692307692307694,False,True,True,retained
CGTAGCCTGCGAAG-1::pbmc3k,CGTAGCCTGCGAAG-1,pbmc3k,donor1,healthy,batch1,866,2242.0,27.0,1.2042818,False,False,False,True,0.027413587604290822,False,True,True,retained
CGTAGCCTGTATGC-1::pbmc3k,CGTAGCCTGTATGC-1,pbmc3k,donor1,healthy,batch1,1118,3499.0,144.0,4.1154613,False,False,False,True,0.043824701195219126,False,True,True,retained
CGTCAAGAAAGGTA-1::pbmc3k,CGTCAAGAAAGGTA-1,pbmc3k,donor1,healthy,batch1,508,1114.0,27.0,2.4236984,False,False,False,True,0.017610661589719183,False,True,True,retained
CGTCAAGAACGTGT-1::pbmc3k,CGTCAAGAACGTGT-1,pbmc3k,donor1,healthy,batch1,928,2816.0,44.0,1.5625,False,False,False,True,0.041474654377880185,False,True,True,retained
CGTCAAGACAGAGG-1::pbmc3k,CGTCAAGACAGAGG-1,pbmc3k,donor1,healthy,batch1,958,2750.0,53.0,1.9272728,False,False,False,True,0.041474654377880185,False,True,True,retained
CGTCAAGACAGGAG-1::pbmc3k,CGTCAAGACAGGAG-1,pbmc3k,donor1,healthy,batch1,932,2163.0,43.0,1.9879798,False,False,False,True,0.09696092619392188,False,True,True,retained
CGTCCATGCTCTTA-1::pbmc3k,CGTCCATGCTCTTA-1,pbmc3k,donor1,healthy,batch1,892,2746.0,36.0,1.3109978,False,False,False,True,0.06695464362850971,False,True,True,retained
CGTCGACTTTCCGC-1::pbmc3k,CGTCGACTTTCCGC-1,pbmc3k,donor1,healthy,batch1,905,2190.0,36.0,1.6438355,False,False,False,True,0.06695464362850971,False,True,True,retained
CGTGATGACGCTAA-1::pbmc3k,CGTGATGACGCTAA-1,pbmc3k,donor1,healthy,batch1,494,909.0,17.0,1.870187,False,False,False,True,0.03355704697986577,False,True,True,retained
CGTGATGAGGTTCA-1::pbmc3k,CGTGATGAGGTTCA-1,pbmc3k,donor1,healthy,batch1,710,1749.0,56.0,3.2018297,False,False,False,True,0.04909560723514212,False,True,True,retained
CGTGCACTTATGGC-1::pbmc3k,CGTGCACTTATGGC-1,pbmc3k,donor1,healthy,batch1,1068,3071.0,47.0,1.530446,False,False,False,True,0.058823529411764705,False,True,True,retained
CGTGTAGAAAAACG-1::pbmc3k,CGTGTAGAAAAACG-1,pbmc3k,donor1,healthy,batch1,795,2028.0,44.0,2.1696253,False,False,False,True,0.06695464362850971,False,True,True,retained
CGTGTAGACGATAC-1::pbmc3k,CGTGTAGACGATAC-1,pbmc3k,donor1,healthy,batch1,787,1654.0,24.0,1.4510278,False,False,False,True,0.05529522024367387,False,True,True,retained
CGTGTAGAGTTACG-1::pbmc3k,CGTGTAGAGTTACG-1,pbmc3k,donor1,healthy,batch1,951,2075.0,37.0,1.7831326,False,False,False,True,0.015165031222123105,False,True,True,retained
CGTGTAGAGTTCAG-1::pbmc3k,CGTGTAGAGTTCAG-1,pbmc3k,donor1,healthy,batch1,720,1890.0,33.0,1.7460319,False,False,False,True,0.01109350237717908,False,True,True,retained
CGTGTAGATTCGGA-1::pbmc3k,CGTGTAGATTCGGA-1,pbmc3k,donor1,healthy,batch1,842,1674.0,27.0,1.6129031,False,False,False,True,0.011707710940654016,False,True,True,retained
CGTTAGGAAACCAC-1::pbmc3k,CGTTAGGAAACCAC-1,pbmc3k,donor1,healthy,batch1,890,2243.0,45.0,2.0062418,False,False,False,True,0.07167235494880546,False,True,True,retained
CGTTAGGATCATTC-1::pbmc3k,CGTTAGGATCATTC-1,pbmc3k,donor1,healthy,batch1,1355,4084.0,50.0,1.2242899,False,False,False,True,0.021432305279665442,False,True,True,retained
CGTTATACCCTGAA-1::pbmc3k,CGTTATACCCTGAA-1,pbmc3k,donor1,healthy,batch1,1005,2389.0,78.0,3.2649643,False,False,False,True,0.03928836174944403,False,True,True,retained
CGTTTAACTGGTCA-1::pbmc3k,CGTTTAACTGGTCA-1,pbmc3k,donor1,healthy,batch1,872,2767.0,39.0,1.4094687,False,False,False,True,0.043824701195219126,False,True,True,retained
CTAAACCTCTGACA-1::pbmc3k,CTAAACCTCTGACA-1,pbmc3k,donor1,healthy,batch1,1185,2533.0,92.0,3.6320567,False,False,False,True,0.01234567901234568,False,True,True,retained
CTAAACCTGTGCAT-1::pbmc3k,CTAAACCTGTGCAT-1,pbmc3k,donor1,healthy,batch1,912,2520.0,36.0,1.4285715,False,False,False,True,0.013008812421317668,False,True,True,retained
CTAACACTAACGTC-1::pbmc3k,CTAACACTAACGTC-1,pbmc3k,donor1,healthy,batch1,869,2764.0,104.0,3.762663,False,False,False,True,0.06269270298047275,False,True,True,retained
CTAACACTAGTGCT-1::pbmc3k,CTAACACTAGTGCT-1,pbmc3k,donor1,healthy,batch1,894,2355.0,54.0,2.2929935,False,False,False,True,0.030303030303030304,False,True,True,retained
CTAACGGAACCGAT-1::pbmc3k,CTAACGGAACCGAT-1,pbmc3k,donor1,healthy,batch1,997,1999.0,31.0,1.5507754,False,False,False,True,0.021432305279665442,False,True,True,retained
CTAACGGATTTCTG-1::pbmc3k,CTAACGGATTTCTG-1,pbmc3k,donor1,healthy,batch1,770,2257.0,31.0,1.3735046,False,False,False,True,0.07692307692307694,False,True,True,retained
CTAACTACGGCAAG-1::pbmc3k,CTAACTACGGCAAG-1,pbmc3k,donor1,healthy,batch1,554,1287.0,16.0,1.2432013,False,False,False,True,0.10559006211180123,False,True,True,retained
CTAAGGACACCATG-1::pbmc3k,CTAAGGACACCATG-1,pbmc3k,donor1,healthy,batch1,806,2135.0,57.0,2.6697893,False,False,False,True,0.04635761589403972,False,True,True,retained
CTAAGGACCGTTAG-1::pbmc3k,CTAAGGACCGTTAG-1,pbmc3k,donor1,healthy,batch1,1426,5485.0,96.0,1.7502278,False,False,False,True,0.05206463195691203,False,True,True,retained
CTAAGGACGCCATA-1::pbmc3k,CTAAGGACGCCATA-1,pbmc3k,donor1,healthy,batch1,1012,2879.0,57.0,1.9798541,False,False,False,True,0.019431988041853514,False,True,True,retained
CTAAGGTGCCTAAG-1::pbmc3k,CTAAGGTGCCTAAG-1,pbmc3k,donor1,healthy,batch1,452,1111.0,20.0,1.8001801,False,False,False,True,0.03534303534303534,False,True,True,retained
CTAAGGTGTTGCAG-1::pbmc3k,CTAAGGTGTTGCAG-1,pbmc3k,donor1,healthy,batch1,896,2959.0,113.0,3.8188577,False,False,False,True,0.03928836174944403,False,True,True,retained
CTAAGGTGTTTCTG-1::pbmc3k,CTAAGGTGTTTCTG-1,pbmc3k,donor1,healthy,batch1,426,1009.0,9.0,0.89197224,False,False,False,True,0.05206463195691203,False,True,True,retained
CTAATAGAGCTATG-1::pbmc3k,CTAATAGAGCTATG-1,pbmc3k,donor1,healthy,batch1,239,600.0,1.0,0.16666667,False,False,False,True,0.01850048685491723,False,True,True,retained
CTAATGCTTGTGGT-1::pbmc3k,CTAATGCTTGTGGT-1,pbmc3k,donor1,healthy,batch1,829,2067.0,59.0,2.8543782,False,False,False,True,0.013008812421317668,False,True,True,retained
CTACAACTCCCGTT-1::pbmc3k,CTACAACTCCCGTT-1,pbmc3k,donor1,healthy,batch1,895,2194.0,45.0,2.0510483,False,False,False,True,0.04635761589403972,False,True,True,retained
CTACCTCTCAACCA-1::pbmc3k,CTACCTCTCAACCA-1,pbmc3k,donor1,healthy,batch1,787,2334.0,19.0,0.8140531,False,False,False,True,0.05529522024367387,False,True,True,retained
CTACGCACACCTAG-1::pbmc3k,CTACGCACACCTAG-1,pbmc3k,donor1,healthy,batch1,1139,3713.0,93.0,2.504713,False,False,False,True,0.03928836174944403,False,True,True,retained
CTACGCACTCTCCG-1::pbmc3k,CTACGCACTCTCCG-1,pbmc3k,donor1,healthy,batch1,925,2639.0,35.0,1.32626,False,False,False,True,0.04635761589403972,False,True,True,retained
CTACGCACTGGTCA-1::pbmc3k,CTACGCACTGGTCA-1,pbmc3k,donor1,healthy,batch1,1015,2471.0,51.0,2.0639417,False,False,False,True,0.04909560723514212,False,True,True,retained
CTACGGCTTTCTTG-1::pbmc3k,CTACGGCTTTCTTG-1,pbmc3k,donor1,healthy,batch1,1360,3914.0,65.0,1.6607052,False,False,False,True,0.04635761589403972,False,True,True,retained
CTACTATGAACCAC-1::pbmc3k,CTACTATGAACCAC-1,pbmc3k,donor1,healthy,batch1,1097,3188.0,77.0,2.4153075,False,False,False,True,0.03928836174944403,False,True,True,retained
CTACTATGATGTGC-1::pbmc3k,CTACTATGATGTGC-1,pbmc3k,donor1,healthy,batch1,650,1663.0,39.0,2.3451593,False,False,False,True,0.022508038585209007,False,True,True,retained
CTACTATGCTAAGC-1::pbmc3k,CTACTATGCTAAGC-1,pbmc3k,donor1,healthy,batch1,853,2706.0,65.0,2.4020693,False,False,False,True,0.030303030303030304,False,True,True,retained
CTACTATGTAAAGG-1::pbmc3k,CTACTATGTAAAGG-1,pbmc3k,donor1,healthy,batch1,549,1265.0,32.0,2.5296443,False,False,False,True,0.04635761589403972,False,True,True,retained
CTACTCCTATGTCG-1::pbmc3k,CTACTCCTATGTCG-1,pbmc3k,donor1,healthy,batch1,1052,2181.0,40.0,1.8340211,False,False,False,True,0.016759776536312852,False,True,True,retained
CTACTCCTGCCATA-1::pbmc3k,CTACTCCTGCCATA-1,pbmc3k,donor1,healthy,batch1,307,586.0,22.0,3.7542663,False,False,False,True,0.07692307692307694,False,True,True,retained
CTAGAGACACTTTC-1::pbmc3k,CTAGAGACACTTTC-1,pbmc3k,donor1,healthy,batch1,1152,3201.0,61.0,1.9056545,False,False,False,True,0.04909560723514212,False,True,True,retained
CTAGAGACAGCATC-1::pbmc3k,CTAGAGACAGCATC-1,pbmc3k,donor1,healthy,batch1,907,2206.0,18.0,0.8159565,False,False,False,True,0.09696092619392188,False,True,True,retained
CTAGAGACTTTGGG-1::pbmc3k,CTAGAGACTTTGGG-1,pbmc3k,donor1,healthy,batch1,1628,5522.0,185.0,3.3502355,False,False,False,True,0.05206463195691203,False,True,True,retained
CTAGATCTCTCTAT-1::pbmc3k,CTAGATCTCTCTAT-1,pbmc3k,donor1,healthy,batch1,731,1822.0,33.0,1.8111964,False,False,False,True,0.021432305279665442,False,True,True,retained
CTAGATCTTCGACA-1::pbmc3k,CTAGATCTTCGACA-1,pbmc3k,donor1,healthy,batch1,897,2392.0,34.0,1.4214047,False,False,False,True,0.07692307692307694,False,True,True,retained
CTAGGATGAGCCTA-1::pbmc3k,CTAGGATGAGCCTA-1,pbmc3k,donor1,healthy,batch1,1749,5878.0,92.0,1.5651581,False,False,False,True,0.07692307692307694,False,True,True,retained
CTAGGATGATCGTG-1::pbmc3k,CTAGGATGATCGTG-1,pbmc3k,donor1,healthy,batch1,762,2159.0,37.0,1.7137563,False,False,False,True,0.2044198895027624,False,True,True,retained
CTAGGCCTCTCAGA-1::pbmc3k,CTAGGCCTCTCAGA-1,pbmc3k,donor1,healthy,batch1,712,1998.0,4.0,0.2002002,False,False,False,True,0.03534303534303534,False,True,True,retained
CTAGGTGATGGTTG-1::pbmc3k,CTAGGTGATGGTTG-1,pbmc3k,donor1,healthy,batch1,1195,3254.0,63.0,1.9360787,False,False,False,True,0.027413587604290822,False,True,True,retained
CTAGTTACCAGAGG-1::pbmc3k,CTAGTTACCAGAGG-1,pbmc3k,donor1,healthy,batch1,851,2741.0,53.0,1.9336009,False,False,False,True,0.037249283667621785,False,True,True,retained
CTAGTTACCGCATA-1::pbmc3k,CTAGTTACCGCATA-1,pbmc3k,donor1,healthy,batch1,864,2360.0,52.0,2.20339,False,False,False,True,0.07692307692307694,False,True,True,retained
CTAGTTACGAAACA-1::pbmc3k,CTAGTTACGAAACA-1,pbmc3k,donor1,healthy,batch1,968,2247.0,51.0,2.269693,False,False,False,True,0.027413587604290822,False,True,True,retained
CTAGTTTGAGTACC-1::pbmc3k,CTAGTTTGAGTACC-1,pbmc3k,donor1,healthy,batch1,742,1601.0,90.0,5.6214867,False,False,True,False,,False,False,False,high_mito
CTATAAGATCGTTT-1::pbmc3k,CTATAAGATCGTTT-1,pbmc3k,donor1,healthy,batch1,845,2736.0,29.0,1.0599415,False,False,False,True,0.04909560723514212,False,True,True,retained
CTATACTGAGGTTC-1::pbmc3k,CTATACTGAGGTTC-1,pbmc3k,donor1,healthy,batch1,331,732.0,3.0,0.40983605,False,False,False,True,0.015165031222123105,False,True,True,retained
CTATACTGCCAGTA-1::pbmc3k,CTATACTGCCAGTA-1,pbmc3k,donor1,healthy,batch1,840,2692.0,57.0,2.1173847,False,False,False,True,0.043824701195219126,False,True,True,retained
CTATACTGCGCTAA-1::pbmc3k,CTATACTGCGCTAA-1,pbmc3k,donor1,healthy,batch1,734,1857.0,30.0,1.6155088,False,False,False,True,0.01109350237717908,False,True,True,retained
CTATACTGCTACGA-1::pbmc3k,CTATACTGCTACGA-1,pbmc3k,donor1,healthy,batch1,948,2130.0,40.0,1.8779343,False,False,False,True,0.02608695652173913,False,True,True,retained
CTATACTGTCTCAT-1::pbmc3k,CTATACTGTCTCAT-1,pbmc3k,donor1,healthy,batch1,842,1774.0,71.0,4.002255,False,False,False,True,0.014416775884665795,False,True,True,retained
CTATACTGTTCGTT-1::pbmc3k,CTATACTGTTCGTT-1,pbmc3k,donor1,healthy,batch1,1543,4789.0,59.0,1.23199,False,False,False,True,0.08943089430894309,False,True,True,retained
CTATAGCTGTCACA-1::pbmc3k,CTATAGCTGTCACA-1,pbmc3k,donor1,healthy,batch1,661,2124.0,42.0,1.977401,False,False,False,True,0.03534303534303534,False,True,True,retained
CTATAGCTTCGCTC-1::pbmc3k,CTATAGCTTCGCTC-1,pbmc3k,donor1,healthy,batch1,981,2543.0,70.0,2.7526543,False,False,False,True,0.03355704697986577,False,True,True,retained
CTATAGCTTGCCTC-1::pbmc3k,CTATAGCTTGCCTC-1,pbmc3k,donor1,healthy,batch1,912,2498.0,85.0,3.4027224,False,False,False,True,0.06695464362850971,False,True,True,retained
CTATCAACGAACTC-1::pbmc3k,CTATCAACGAACTC-1,pbmc3k,donor1,healthy,batch1,912,2522.0,54.0,2.1411576,False,False,False,True,0.07692307692307694,False,True,True,retained
CTATCAACGCAGAG-1::pbmc3k,CTATCAACGCAGAG-1,pbmc3k,donor1,healthy,batch1,1063,3163.0,71.0,2.2447045,False,False,False,True,0.07692307692307694,False,True,True,retained
CTATCAACTTTGGG-1::pbmc3k,CTATCAACTTTGGG-1,pbmc3k,donor1,healthy,batch1,683,2057.0,69.0,3.3543997,False,False,False,True,0.030303030303030304,False,True,True,retained
CTATCCCTCCACCT-1::pbmc3k,CTATCCCTCCACCT-1,pbmc3k,donor1,healthy,batch1,823,2173.0,48.0,2.2089279,False,False,False,True,0.01234567901234568,False,True,True,retained
CTATGTACGAGAGC-1::pbmc3k,CTATGTACGAGAGC-1,pbmc3k,donor1,healthy,batch1,996,3145.0,37.0,1.1764706,False,False,False,True,0.058823529411764705,False,True,True,retained
CTATGTACGCTTAG-1::pbmc3k,CTATGTACGCTTAG-1,pbmc3k,donor1,healthy,batch1,695,2074.0,40.0,1.9286404,False,False,False,True,0.07167235494880546,False,True,True,retained
CTATGTACTGTTTC-1::pbmc3k,CTATGTACTGTTTC-1,pbmc3k,donor1,healthy,batch1,1483,4826.0,58.0,1.2018235,False,False,False,True,0.4482758620689657,True,True,False,predicted_doublet
CTATGTTGAAAGCA-1::pbmc3k,CTATGTTGAAAGCA-1,pbmc3k,donor1,healthy,batch1,927,3168.0,62.0,1.9570706,False,False,False,True,0.03534303534303534,False,True,True,retained
CTATGTTGTCCTCG-1::pbmc3k,CTATGTTGTCCTCG-1,pbmc3k,donor1,healthy,batch1,574,1635.0,23.0,1.4067278,False,False,False,True,0.031880286271958366,False,True,True,retained
CTATGTTGTCTCGC-1::pbmc3k,CTATGTTGTCTCGC-1,pbmc3k,donor1,healthy,batch1,1052,3494.0,85.0,2.4327419,False,False,False,True,0.058823529411764705,False,True,True,retained
CTATTGACAAACGA-1::pbmc3k,CTATTGACAAACGA-1,pbmc3k,donor1,healthy,batch1,571,1289.0,55.0,4.2668734,False,False,False,True,0.01234567901234568,False,True,True,retained
CTATTGACACTGGT-1::pbmc3k,CTATTGACACTGGT-1,pbmc3k,donor1,healthy,batch1,1028,2940.0,65.0,2.2108843,False,False,False,True,0.030303030303030304,False,True,True,retained
CTATTGACGGTGAG-1::pbmc3k,CTATTGACGGTGAG-1,pbmc3k,donor1,healthy,batch1,1263,3968.0,64.0,1.6129031,False,False,False,True,0.02363936228697086,False,True,True,retained
CTATTGTGGCAAGG-1::pbmc3k,CTATTGTGGCAAGG-1,pbmc3k,donor1,healthy,batch1,671,1939.0,70.0,3.6101084,False,False,False,True,0.028816676885346417,False,True,True,retained
CTCAATTGGTTCAG-1::pbmc3k,CTCAATTGGTTCAG-1,pbmc3k,donor1,healthy,batch1,958,3237.0,44.0,1.3592833,False,False,False,True,0.058823529411764705,False,True,True,retained
CTCAATTGGTTGCA-1::pbmc3k,CTCAATTGGTTGCA-1,pbmc3k,donor1,healthy,batch1,747,1908.0,60.0,3.1446543,False,False,False,True,0.016759776536312852,False,True,True,retained
CTCAGAGATAGAAG-1::pbmc3k,CTCAGAGATAGAAG-1,pbmc3k,donor1,healthy,batch1,866,2568.0,35.0,1.3629284,False,False,False,True,0.03928836174944403,False,True,True,retained
CTCAGCACTCTAGG-1::pbmc3k,CTCAGCACTCTAGG-1,pbmc3k,donor1,healthy,batch1,896,2344.0,47.0,2.0051193,False,False,False,True,0.09696092619392188,False,True,True,retained
CTCAGCACTGAACC-1::pbmc3k,CTCAGCACTGAACC-1,pbmc3k,donor1,healthy,batch1,489,1153.0,17.0,1.4744146,False,False,False,True,0.03928836174944403,False,True,True,retained
CTCAGCACTTGCAG-1::pbmc3k,CTCAGCACTTGCAG-1,pbmc3k,donor1,healthy,batch1,643,1860.0,29.0,1.5591397,False,False,False,True,0.04635761589403972,False,True,True,retained
CTCAGCTGAACCTG-1::pbmc3k,CTCAGCTGAACCTG-1,pbmc3k,donor1,healthy,batch1,923,2928.0,75.0,2.5614753,False,False,False,True,0.17848410757946198,False,True,True,retained
CTCAGCTGCAGTTG-1::pbmc3k,CTCAGCTGCAGTTG-1,pbmc3k,donor1,healthy,batch1,820,2342.0,58.0,2.4765158,False,False,False,True,0.08943089430894309,False,True,True,retained
CTCAGCTGTTTCTG-1::pbmc3k,CTCAGCTGTTTCTG-1,pbmc3k,donor1,healthy,batch1,646,1857.0,96.0,5.1696286,False,False,True,False,,False,False,False,high_mito
CTCAGGCTCGTTGA-1::pbmc3k,CTCAGGCTCGTTGA-1,pbmc3k,donor1,healthy,batch1,1466,4505.0,111.0,2.463929,False,False,False,True,0.021432305279665442,False,True,True,retained
CTCAGGCTGCTAAC-1::pbmc3k,CTCAGGCTGCTAAC-1,pbmc3k,donor1,healthy,batch1,550,1198.0,20.0,1.6694492,False,False,False,True,0.037249283667621785,False,True,True,retained
CTCATTGACCTTAT-1::pbmc3k,CTCATTGACCTTAT-1,pbmc3k,donor1,healthy,batch1,1112,3103.0,21.0,0.6767644,False,False,False,True,0.058823529411764705,False,True,True,retained
CTCATTGATGCTTT-1::pbmc3k,CTCATTGATGCTTT-1,pbmc3k,donor1,healthy,batch1,1006,3007.0,64.0,2.1283672,False,False,False,True,0.04635761589403972,False,True,True,retained
CTCATTGATTGCTT-1::pbmc3k,CTCATTGATTGCTT-1,pbmc3k,donor1,healthy,batch1,303,595.0,119.0,20.0,False,False,True,False,,False,False,False,high_mito
CTCCACGAGAGATA-1::pbmc3k,CTCCACGAGAGATA-1,pbmc3k,donor1,healthy,batch1,1448,4639.0,94.0,2.0262988,False,False,False,True,0.06269270298047275,False,True,True,retained
CTCCATCTCTTAGG-1::pbmc3k,CTCCATCTCTTAGG-1,pbmc3k,donor1,healthy,batch1,727,2109.0,25.0,1.185396,False,False,False,True,0.08280254777070062,False,True,True,retained
CTCCATCTGACGAG-1::pbmc3k,CTCCATCTGACGAG-1,pbmc3k,donor1,healthy,batch1,899,2887.0,44.0,1.5240735,False,False,False,True,0.058823529411764705,False,True,True,retained
CTCCGAACAAGTGA-1::pbmc3k,CTCCGAACAAGTGA-1,pbmc3k,donor1,healthy,batch1,998,2446.0,55.0,2.248569,False,False,False,True,0.009931245225362874,False,True,True,retained
CTCCTACTGCCTTC-1::pbmc3k,CTCCTACTGCCTTC-1,pbmc3k,donor1,healthy,batch1,563,1292.0,48.0,3.7151701,False,False,False,True,0.021432305279665442,False,True,True,retained
CTCGAAGATGTGGT-1::pbmc3k,CTCGAAGATGTGGT-1,pbmc3k,donor1,healthy,batch1,870,2952.0,68.0,2.303523,False,False,False,True,0.04909560723514212,False,True,True,retained
CTCGAAGATTAGGC-1::pbmc3k,CTCGAAGATTAGGC-1,pbmc3k,donor1,healthy,batch1,903,2373.0,23.0,0.96923727,False,False,False,True,0.019431988041853514,False,True,True,retained
CTCGACTGCTCTAT-1::pbmc3k,CTCGACTGCTCTAT-1,pbmc3k,donor1,healthy,batch1,516,1144.0,12.0,1.048951,False,False,False,True,0.06269270298047275,False,True,True,retained
CTCGACTGGGTGAG-1::pbmc3k,CTCGACTGGGTGAG-1,pbmc3k,donor1,healthy,batch1,754,2023.0,35.0,1.7301037,False,False,False,True,0.022508038585209007,False,True,True,retained
CTCGACTGGTTGAC-1::pbmc3k,CTCGACTGGTTGAC-1,pbmc3k,donor1,healthy,batch1,879,1814.0,41.0,2.2601984,False,False,False,True,0.01850048685491723,False,True,True,retained
CTCGAGCTCTGGAT-1::pbmc3k,CTCGAGCTCTGGAT-1,pbmc3k,donor1,healthy,batch1,588,1157.0,11.0,0.9507347,False,False,False,True,0.028816676885346417,False,True,True,retained
CTCGCATGACTTTC-1::pbmc3k,CTCGCATGACTTTC-1,pbmc3k,donor1,healthy,batch1,740,1839.0,79.0,4.295813,False,False,False,True,0.02363936228697086,False,True,True,retained
CTCGCATGCTTAGG-1::pbmc3k,CTCGCATGCTTAGG-1,pbmc3k,donor1,healthy,batch1,798,2190.0,78.0,3.5616438,False,False,False,True,0.05206463195691203,False,True,True,retained
CTCTAAACCTCGAA-1::pbmc3k,CTCTAAACCTCGAA-1,pbmc3k,donor1,healthy,batch1,798,2272.0,24.0,1.056338,False,False,False,True,0.07167235494880546,False,True,True,retained
CTCTAAACGGCGAA-1::pbmc3k,CTCTAAACGGCGAA-1,pbmc3k,donor1,healthy,batch1,653,2003.0,35.0,1.747379,False,False,False,True,0.021432305279665442,False,True,True,retained
CTCTAATGTCCAAG-1::pbmc3k,CTCTAATGTCCAAG-1,pbmc3k,donor1,healthy,batch1,902,2339.0,70.0,2.9927318,False,False,False,True,0.017610661589719183,False,True,True,retained
CTGAACGACAGTCA-1::pbmc3k,CTGAACGACAGTCA-1,pbmc3k,donor1,healthy,batch1,990,2732.0,24.0,0.8784773,False,False,False,True,0.041474654377880185,False,True,True,retained
CTGAACGATGAGGG-1::pbmc3k,CTGAACGATGAGGG-1,pbmc3k,donor1,healthy,batch1,724,1538.0,36.0,2.340702,False,False,False,True,0.043824701195219126,False,True,True,retained
CTGAAGACCCAACA-1::pbmc3k,CTGAAGACCCAACA-1,pbmc3k,donor1,healthy,batch1,953,2753.0,74.0,2.6879766,False,False,False,True,0.08280254777070062,False,True,True,retained
CTGAAGACGTGCAT-1::pbmc3k,CTGAAGACGTGCAT-1,pbmc3k,donor1,healthy,batch1,891,2300.0,59.0,2.5652175,False,False,False,True,0.008849557522123895,False,True,True,retained
CTGAAGTGAAGCCT-1::pbmc3k,CTGAAGTGAAGCCT-1,pbmc3k,donor1,healthy,batch1,1437,4073.0,122.0,2.995335,False,False,False,True,0.014416775884665795,False,True,True,retained
CTGAAGTGCAGCTA-1::pbmc3k,CTGAAGTGCAGCTA-1,pbmc3k,donor1,healthy,batch1,653,1717.0,23.0,1.3395457,False,False,False,True,0.007840342124019958,False,True,True,retained
CTGAAGTGGCTATG-1::pbmc3k,CTGAAGTGGCTATG-1,pbmc3k,donor1,healthy,batch1,714,1891.0,16.0,0.84611315,False,False,False,True,0.043824701195219126,False,True,True,retained
CTGAAGTGTCCAGA-1::pbmc3k,CTGAAGTGTCCAGA-1,pbmc3k,donor1,healthy,batch1,956,3300.0,20.0,0.60606056,False,False,False,True,0.05529522024367387,False,True,True,retained
CTGAATCTGAATAG-1::pbmc3k,CTGAATCTGAATAG-1,pbmc3k,donor1,healthy,batch1,877,2023.0,38.0,1.8783984,False,False,False,True,0.04909560723514212,False,True,True,retained
CTGACAGAATCGTG-1::pbmc3k,CTGACAGAATCGTG-1,pbmc3k,donor1,healthy,batch1,1012,2700.0,28.0,1.037037,False,False,False,True,0.011707710940654016,False,True,True,retained
CTGACCACAGCAAA-1::pbmc3k,CTGACCACAGCAAA-1,pbmc3k,donor1,healthy,batch1,824,2478.0,20.0,0.8071025,False,False,False,True,0.08280254777070062,False,True,True,retained
CTGAGAACCGGGAA-1::pbmc3k,CTGAGAACCGGGAA-1,pbmc3k,donor1,healthy,batch1,1077,3916.0,81.0,2.0684373,False,False,False,True,0.05206463195691203,False,True,True,retained
CTGAGAACGTAAAG-1::pbmc3k,CTGAGAACGTAAAG-1,pbmc3k,donor1,healthy,batch1,740,1420.0,25.0,1.7605635,False,False,False,True,0.05206463195691203,False,True,True,retained
CTGATACTAGTAGA-1::pbmc3k,CTGATACTAGTAGA-1,pbmc3k,donor1,healthy,batch1,692,2229.0,36.0,1.615074,False,False,False,True,0.03355704697986577,False,True,True,retained
CTGATTTGGTGTTG-1::pbmc3k,CTGATTTGGTGTTG-1,pbmc3k,donor1,healthy,batch1,1063,2994.0,35.0,1.1690047,False,False,False,True,0.03355704697986577,False,True,True,retained
CTGCAGCTAACCGT-1::pbmc3k,CTGCAGCTAACCGT-1,pbmc3k,donor1,healthy,batch1,771,2674.0,91.0,3.4031413,False,False,False,True,0.030303030303030304,False,True,True,retained
CTGCAGCTGACACT-1::pbmc3k,CTGCAGCTGACACT-1,pbmc3k,donor1,healthy,batch1,808,3102.0,22.0,0.7092198,False,False,False,True,0.058823529411764705,False,True,True,retained
CTGCAGCTGGATTC-1::pbmc3k,CTGCAGCTGGATTC-1,pbmc3k,donor1,healthy,batch1,1389,4046.0,63.0,1.5570934,False,False,False,True,0.058823529411764705,False,True,True,retained
CTGCAGCTTGGCAT-1::pbmc3k,CTGCAGCTTGGCAT-1,pbmc3k,donor1,healthy,batch1,1264,3900.0,90.0,2.3076923,False,False,False,True,0.04909560723514212,False,True,True,retained
CTGCCAACAGGAGC-1::pbmc3k,CTGCCAACAGGAGC-1,pbmc3k,donor1,healthy,batch1,952,2857.0,85.0,2.9751487,False,False,False,True,0.03534303534303534,False,True,True,retained
CTGCCAACCAGCTA-1::pbmc3k,CTGCCAACCAGCTA-1,pbmc3k,donor1,healthy,batch1,816,2211.0,28.0,1.2663953,False,False,False,True,0.05206463195691203,False,True,True,retained
CTGCCAACTAACCG-1::pbmc3k,CTGCCAACTAACCG-1,pbmc3k,donor1,healthy,batch1,795,2264.0,46.0,2.0318022,False,False,False,True,0.021432305279665442,False,True,True,retained
CTGCCAACTGCTCC-1::pbmc3k,CTGCCAACTGCTCC-1,pbmc3k,donor1,healthy,batch1,795,1870.0,51.0,2.7272727,False,False,False,True,0.05206463195691203,False,True,True,retained
CTGCCAACTTGCAG-1::pbmc3k,CTGCCAACTTGCAG-1,pbmc3k,donor1,healthy,batch1,760,2344.0,76.0,3.242321,False,False,False,True,0.021432305279665442,False,True,True,retained
CTGCCAACTTGCTT-1::pbmc3k,CTGCCAACTTGCTT-1,pbmc3k,donor1,healthy,batch1,886,2332.0,53.0,2.2727273,False,False,False,True,0.1155778894472362,False,True,True,retained
CTGCGACTCCACCT-1::pbmc3k,CTGCGACTCCACCT-1,pbmc3k,donor1,healthy,batch1,349,688.0,24.0,3.4883723,False,False,False,True,0.04909560723514212,False,True,True,retained
CTGGAAACAAACGA-1::pbmc3k,CTGGAAACAAACGA-1,pbmc3k,donor1,healthy,batch1,868,2367.0,68.0,2.8728347,False,False,False,True,0.021432305279665442,False,True,True,retained
CTGGAAACATCGAC-1::pbmc3k,CTGGAAACATCGAC-1,pbmc3k,donor1,healthy,batch1,842,2151.0,30.0,1.3947002,False,False,False,True,0.041474654377880185,False,True,True,retained
CTGGATGACTGGAT-1::pbmc3k,CTGGATGACTGGAT-1,pbmc3k,donor1,healthy,batch1,819,2037.0,57.0,2.7982326,False,False,False,True,0.03928836174944403,False,True,True,retained
CTGGATGACTTGTT-1::pbmc3k,CTGGATGACTTGTT-1,pbmc3k,donor1,healthy,batch1,626,1457.0,60.0,4.1180506,False,False,False,True,0.030303030303030304,False,True,True,retained
CTGGATGATGTGAC-1::pbmc3k,CTGGATGATGTGAC-1,pbmc3k,donor1,healthy,batch1,418,869.0,14.0,1.6110473,False,False,False,True,0.019431988041853514,False,True,True,retained
CTGGCACTCAAGCT-1::pbmc3k,CTGGCACTCAAGCT-1,pbmc3k,donor1,healthy,batch1,903,2565.0,50.0,1.9493177,False,False,False,True,0.03534303534303534,False,True,True,retained
CTGGCACTGGACAG-1::pbmc3k,CTGGCACTGGACAG-1,pbmc3k,donor1,healthy,batch1,626,1555.0,96.0,6.1736336,False,False,True,False,,False,False,False,high_mito
CTGTAACTAACCAC-1::pbmc3k,CTGTAACTAACCAC-1,pbmc3k,donor1,healthy,batch1,838,2167.0,64.0,2.9533918,False,False,False,True,0.04909560723514212,False,True,True,retained
CTGTAACTAGCGTT-1::pbmc3k,CTGTAACTAGCGTT-1,pbmc3k,donor1,healthy,batch1,723,1983.0,19.0,0.9581442,False,False,False,True,0.05206463195691203,False,True,True,retained
CTGTATACGTAAAG-1::pbmc3k,CTGTATACGTAAAG-1,pbmc3k,donor1,healthy,batch1,436,979.0,20.0,2.042901,False,False,False,True,0.04909560723514212,False,True,True,retained
CTGTATACGTACGT-1::pbmc3k,CTGTATACGTACGT-1,pbmc3k,donor1,healthy,batch1,1112,3504.0,121.0,3.4531963,False,False,False,True,0.10559006211180123,False,True,True,retained
CTGTATACGTTGGT-1::pbmc3k,CTGTATACGTTGGT-1,pbmc3k,donor1,healthy,batch1,724,1828.0,16.0,0.8752735,False,False,False,True,0.09696092619392188,False,True,True,retained
CTGTGAGACAACCA-1::pbmc3k,CTGTGAGACAACCA-1,pbmc3k,donor1,healthy,batch1,1299,4059.0,93.0,2.2912047,False,False,False,True,0.020408163265306124,False,True,True,retained
CTGTGAGACCTTGC-1::pbmc3k,CTGTGAGACCTTGC-1,pbmc3k,donor1,healthy,batch1,719,1662.0,70.0,4.211793,False,False,False,True,0.03928836174944403,False,True,True,retained
CTGTGAGACGAACT-1::pbmc3k,CTGTGAGACGAACT-1,pbmc3k,donor1,healthy,batch1,843,2277.0,31.0,1.3614405,False,False,False,True,0.01850048685491723,False,True,True,retained
CTGTGAGACTGTAG-1::pbmc3k,CTGTGAGACTGTAG-1,pbmc3k,donor1,healthy,batch1,1090,3256.0,77.0,2.3648648,False,False,False,True,0.016759776536312852,False,True,True,retained
CTTAAAGAACCTGA-1::pbmc3k,CTTAAAGAACCTGA-1,pbmc3k,donor1,healthy,batch1,696,2297.0,36.0,1.5672617,False,False,False,True,0.058823529411764705,False,True,True,retained
CTTAACACCTGTAG-1::pbmc3k,CTTAACACCTGTAG-1,pbmc3k,donor1,healthy,batch1,885,2068.0,35.0,1.6924566,False,False,False,True,0.031880286271958366,False,True,True,retained
CTTAACACGAGCTT-1::pbmc3k,CTTAACACGAGCTT-1,pbmc3k,donor1,healthy,batch1,1144,3211.0,171.0,5.3254437,False,False,True,False,,False,False,False,high_mito
CTTAACACTATCGG-1::pbmc3k,CTTAACACTATCGG-1,pbmc3k,donor1,healthy,batch1,627,1748.0,40.0,2.2883296,False,False,False,True,0.015945330296127564,False,True,True,retained
CTTAAGCTACCTAG-1::pbmc3k,CTTAAGCTACCTAG-1,pbmc3k,donor1,healthy,batch1,809,2362.0,49.0,2.0745132,False,False,False,True,0.02608695652173913,False,True,True,retained
CTTAAGCTAGTACC-1::pbmc3k,CTTAAGCTAGTACC-1,pbmc3k,donor1,healthy,batch1,423,920.0,16.0,1.7391304,False,False,False,True,0.02608695652173913,False,True,True,retained
CTTAAGCTCATCAG-1::pbmc3k,CTTAAGCTCATCAG-1,pbmc3k,donor1,healthy,batch1,729,1860.0,57.0,3.064516,False,False,False,True,0.031880286271958366,False,True,True,retained
CTTAAGCTCCGCTT-1::pbmc3k,CTTAAGCTCCGCTT-1,pbmc3k,donor1,healthy,batch1,853,2374.0,71.0,2.990733,False,False,False,True,0.013008812421317668,False,True,True,retained
CTTAAGCTTCCTCG-1::pbmc3k,CTTAAGCTTCCTCG-1,pbmc3k,donor1,healthy,batch1,713,1724.0,90.0,5.2204175,False,False,True,False,,False,False,False,high_mito
CTTACAACTAACGC-1::pbmc3k,CTTACAACTAACGC-1,pbmc3k,donor1,healthy,batch1,855,2369.0,41.0,1.7306881,False,False,False,True,0.07692307692307694,False,True,True,retained
CTTACAACTCCCGT-1::pbmc3k,CTTACAACTCCCGT-1,pbmc3k,donor1,healthy,batch1,608,1505.0,18.0,1.1960133,False,False,False,True,0.01109350237717908,False,True,True,retained
CTTACTGACGTACA-1::pbmc3k,CTTACTGACGTACA-1,pbmc3k,donor1,healthy,batch1,627,1857.0,41.0,2.2078621,False,False,False,True,0.01109350237717908,False,True,True,retained
CTTAGACTAAACGA-1::pbmc3k,CTTAGACTAAACGA-1,pbmc3k,donor1,healthy,batch1,823,2396.0,31.0,1.293823,False,False,False,True,0.05529522024367387,False,True,True,retained
CTTAGGGACTTGCC-1::pbmc3k,CTTAGGGACTTGCC-1,pbmc3k,donor1,healthy,batch1,1063,2991.0,20.0,0.6686727,False,False,False,True,0.027413587604290822,False,True,True,retained
CTTAGGGAGAATCC-1::pbmc3k,CTTAGGGAGAATCC-1,pbmc3k,donor1,healthy,batch1,575,1638.0,38.0,2.3199024,False,False,False,True,0.030303030303030304,False,True,True,retained
CTTATCGACTCATT-1::pbmc3k,CTTATCGACTCATT-1,pbmc3k,donor1,healthy,batch1,743,1966.0,38.0,1.9328587,False,False,False,True,0.037249283667621785,False,True,True,retained
CTTCACCTACCTGA-1::pbmc3k,CTTCACCTACCTGA-1,pbmc3k,donor1,healthy,batch1,1528,4888.0,117.0,2.3936172,False,False,False,True,0.02363936228697086,False,True,True,retained
CTTCATGAAGCATC-1::pbmc3k,CTTCATGAAGCATC-1,pbmc3k,donor1,healthy,batch1,681,1927.0,34.0,1.7644007,False,False,False,True,0.015165031222123105,False,True,True,retained
CTTCATGAAGTACC-1::pbmc3k,CTTCATGAAGTACC-1,pbmc3k,donor1,healthy,batch1,544,1324.0,25.0,1.8882176,False,False,False,True,0.043824701195219126,False,True,True,retained
CTTCATGACCGAAT-1::pbmc3k,CTTCATGACCGAAT-1,pbmc3k,donor1,healthy,batch1,422,937.0,33.0,3.5218782,False,False,False,True,0.09696092619392188,False,True,True,retained
CTTGAACTACGCAT-1::pbmc3k,CTTGAACTACGCAT-1,pbmc3k,donor1,healthy,batch1,731,2077.0,34.0,1.6369764,False,False,False,True,0.02608695652173913,False,True,True,retained
CTTGATTGAGGTTC-1::pbmc3k,CTTGATTGAGGTTC-1,pbmc3k,donor1,healthy,batch1,920,2005.0,34.0,1.6957605,False,False,False,True,0.01850048685491723,False,True,True,retained
CTTGATTGATCTTC-1::pbmc3k,CTTGATTGATCTTC-1,pbmc3k,donor1,healthy,batch1,761,2094.0,53.0,2.531041,False,False,False,True,0.022508038585209007,False,True,True,retained
CTTGATTGCATTCT-1::pbmc3k,CTTGATTGCATTCT-1,pbmc3k,donor1,healthy,batch1,884,2276.0,67.0,2.9437609,False,False,False,True,0.04635761589403972,False,True,True,retained
CTTGATTGTTTCGT-1::pbmc3k,CTTGATTGTTTCGT-1,pbmc3k,donor1,healthy,batch1,982,3235.0,36.0,1.1128284,False,False,False,True,0.14115308151093434,False,True,True,retained
CTTGTATGACACCA-1::pbmc3k,CTTGTATGACACCA-1,pbmc3k,donor1,healthy,batch1,784,2020.0,26.0,1.2871287,False,False,False,True,0.013698630136986302,False,True,True,retained
CTTGTATGCGCAAT-1::pbmc3k,CTTGTATGCGCAAT-1,pbmc3k,donor1,healthy,batch1,496,1035.0,20.0,1.9323671,False,False,False,True,0.016759776536312852,False,True,True,retained
CTTTACGAGCGAAG-1::pbmc3k,CTTTACGAGCGAAG-1,pbmc3k,donor1,healthy,batch1,573,1483.0,60.0,4.045853,False,False,False,True,0.028816676885346417,False,True,True,retained
CTTTAGACCGTGAT-1::pbmc3k,CTTTAGACCGTGAT-1,pbmc3k,donor1,healthy,batch1,521,1507.0,38.0,2.5215662,False,False,False,True,0.028816676885346417,False,True,True,retained
CTTTAGACGAGACG-1::pbmc3k,CTTTAGACGAGACG-1,pbmc3k,donor1,healthy,batch1,663,2251.0,47.0,2.087961,False,False,False,True,0.04909560723514212,False,True,True,retained
CTTTAGACGATACC-1::pbmc3k,CTTTAGACGATACC-1,pbmc3k,donor1,healthy,batch1,794,2500.0,29.0,1.16,False,False,False,True,0.05206463195691203,False,True,True,retained
CTTTAGACGTTGGT-1::pbmc3k,CTTTAGACGTTGGT-1,pbmc3k,donor1,healthy,batch1,975,2937.0,97.0,3.3026896,False,False,False,True,0.2044198895027624,False,True,True,retained
CTTTAGACTCATTC-1::pbmc3k,CTTTAGACTCATTC-1,pbmc3k,donor1,healthy,batch1,856,2511.0,81.0,3.2258062,False,False,False,True,0.08280254777070062,False,True,True,retained
CTTTAGTGACGGGA-1::pbmc3k,CTTTAGTGACGGGA-1,pbmc3k,donor1,healthy,batch1,978,2214.0,45.0,2.0325203,False,False,False,True,0.043824701195219126,False,True,True,retained
CTTTAGTGGGTGGA-1::pbmc3k,CTTTAGTGGGTGGA-1,pbmc3k,donor1,healthy,batch1,590,1648.0,26.0,1.57767,False,False,False,True,0.058823529411764705,False,True,True,retained
CTTTCAGAGAAACA-1::pbmc3k,CTTTCAGAGAAACA-1,pbmc3k,donor1,healthy,batch1,905,2496.0,34.0,1.3621795,False,False,False,True,0.041474654377880185,False,True,True,retained
CTTTGATGAGCACT-1::pbmc3k,CTTTGATGAGCACT-1,pbmc3k,donor1,healthy,batch1,695,2020.0,28.0,1.3861386,False,False,False,True,0.027413587604290822,False,True,True,retained
CTTTGATGTCTAGG-1::pbmc3k,CTTTGATGTCTAGG-1,pbmc3k,donor1,healthy,batch1,816,1935.0,57.0,2.9457364,False,False,False,True,0.04635761589403972,False,True,True,retained
CTTTGATGTGTCCC-1::pbmc3k,CTTTGATGTGTCCC-1,pbmc3k,donor1,healthy,batch1,976,3462.0,83.0,2.397458,False,False,False,True,0.09696092619392188,False,True,True,retained
CTTTGATGTGTGGT-1::pbmc3k,CTTTGATGTGTGGT-1,pbmc3k,donor1,healthy,batch1,816,2490.0,41.0,1.6465863,False,False,False,True,0.028816676885346417,False,True,True,retained
GAAACAGAACTACG-1::pbmc3k,GAAACAGAACTACG-1,pbmc3k,donor1,healthy,batch1,753,1960.0,27.0,1.377551,False,False,False,True,0.05206463195691203,False,True,True,retained
GAAACAGAATCACG-1::pbmc3k,GAAACAGAATCACG-1,pbmc3k,donor1,healthy,batch1,791,2180.0,44.0,2.0183487,False,False,False,True,0.06695464362850971,False,True,True,retained
GAAACAGACATTCT-1::pbmc3k,GAAACAGACATTCT-1,pbmc3k,donor1,healthy,batch1,858,2572.0,40.0,1.55521,False,False,False,True,0.06695464362850971,False,True,True,retained
GAAACCTGATCGTG-1::pbmc3k,GAAACCTGATCGTG-1,pbmc3k,donor1,healthy,batch1,813,2487.0,34.0,1.367109,False,False,False,True,0.041474654377880185,False,True,True,retained
GAAACCTGATGCCA-1::pbmc3k,GAAACCTGATGCCA-1,pbmc3k,donor1,healthy,batch1,841,2390.0,53.0,2.2175734,False,False,False,True,0.022508038585209007,False,True,True,retained
GAAACCTGCTTATC-1::pbmc3k,GAAACCTGCTTATC-1,pbmc3k,donor1,healthy,batch1,1085,3639.0,37.0,1.0167629,False,False,False,True,0.07692307692307694,False,True,True,retained
GAAACCTGGACTAC-1::pbmc3k,GAAACCTGGACTAC-1,pbmc3k,donor1,healthy,batch1,1692,5328.0,138.0,2.59009,False,False,False,True,0.015945330296127564,False,True,True,retained
GAAACCTGTGCTAG-1::pbmc3k,GAAACCTGTGCTAG-1,pbmc3k,donor1,healthy,batch1,716,1723.0,29.0,1.683111,False,False,False,True,0.027413587604290822,False,True,True,retained
GAAAGATGATTTCC-1::pbmc3k,GAAAGATGATTTCC-1,pbmc3k,donor1,healthy,batch1,955,2501.0,31.0,1.2395042,False,False,False,True,0.03534303534303534,False,True,True,retained
GAAAGATGCTGATG-1::pbmc3k,GAAAGATGCTGATG-1,pbmc3k,donor1,healthy,batch1,1467,4691.0,109.0,2.3235984,False,False,False,True,0.011707710940654016,False,True,True,retained
GAAAGATGCTTCGC-1::pbmc3k,GAAAGATGCTTCGC-1,pbmc3k,donor1,healthy,batch1,741,2316.0,23.0,0.9930915,False,False,False,True,0.08943089430894309,False,True,True,retained
GAAAGATGTAAGGA-1::pbmc3k,GAAAGATGTAAGGA-1,pbmc3k,donor1,healthy,batch1,296,651.0,27.0,4.1474657,False,False,False,True,0.03355704697986577,False,True,True,retained
GAAAGATGTTTGCT-1::pbmc3k,GAAAGATGTTTGCT-1,pbmc3k,donor1,healthy,batch1,540,1291.0,73.0,5.6545315,False,False,True,False,,False,False,False,high_mito
GAAAGCCTACGTTG-1::pbmc3k,GAAAGCCTACGTTG-1,pbmc3k,donor1,healthy,batch1,738,2282.0,42.0,1.8404908,False,False,False,True,0.015945330296127564,False,True,True,retained
GAAAGTGAAAGTGA-1::pbmc3k,GAAAGTGAAAGTGA-1,pbmc3k,donor1,healthy,batch1,1573,6177.0,160.0,2.590254,False,False,False,True,0.09696092619392188,False,True,True,retained
GAAAGTGACCACAA-1::pbmc3k,GAAAGTGACCACAA-1,pbmc3k,donor1,healthy,batch1,1119,3255.0,86.0,2.6420891,False,False,False,True,0.016759776536312852,False,True,True,retained
GAAAGTGACTCAAG-1::pbmc3k,GAAAGTGACTCAAG-1,pbmc3k,donor1,healthy,batch1,918,3359.0,85.0,2.530515,False,False,False,True,0.06695464362850971,False,True,True,retained
GAAATACTACCAAC-1::pbmc3k,GAAATACTACCAAC-1,pbmc3k,donor1,healthy,batch1,283,561.0,9.0,1.604278,False,False,False,True,0.17848410757946198,False,True,True,retained
GAAATACTCTTAGG-1::pbmc3k,GAAATACTCTTAGG-1,pbmc3k,donor1,healthy,batch1,703,2039.0,48.0,2.3540952,False,False,False,True,0.015165031222123105,False,True,True,retained
GAAATACTTCCTCG-1::pbmc3k,GAAATACTTCCTCG-1,pbmc3k,donor1,healthy,batch1,842,2036.0,34.0,1.6699411,False,False,False,True,0.022508038585209007,False,True,True,retained
GAACACACGTGCAT-1::pbmc3k,GAACACACGTGCAT-1,pbmc3k,donor1,healthy,batch1,1253,3828.0,93.0,2.429467,False,False,False,True,0.013008812421317668,False,True,True,retained
GAACACACTGCCTC-1::pbmc3k,GAACACACTGCCTC-1,pbmc3k,donor1,healthy,batch1,676,2168.0,88.0,4.0590405,False,False,False,True,0.04909560723514212,False,True,True,retained
GAACAGCTAACTGC-1::pbmc3k,GAACAGCTAACTGC-1,pbmc3k,donor1,healthy,batch1,1636,5494.0,128.0,2.3298144,False,False,False,True,0.037249283667621785,False,True,True,retained
GAACAGCTCTCAGA-1::pbmc3k,GAACAGCTCTCAGA-1,pbmc3k,donor1,healthy,batch1,1273,4199.0,124.0,2.953084,False,False,False,True,0.022508038585209007,False,True,True,retained
GAACCAACCACAAC-1::pbmc3k,GAACCAACCACAAC-1,pbmc3k,donor1,healthy,batch1,380,863.0,13.0,1.506373,False,False,False,True,0.031880286271958366,False,True,True,retained
GAACCAACTTCCGC-1::pbmc3k,GAACCAACTTCCGC-1,pbmc3k,donor1,healthy,batch1,799,1610.0,33.0,2.0496893,False,False,False,True,0.013698630136986302,False,True,True,retained
GAACCTGAACGTGT-1::pbmc3k,GAACCTGAACGTGT-1,pbmc3k,donor1,healthy,batch1,1491,4756.0,152.0,3.1959631,False,False,False,True,0.08280254777070062,False,True,True,retained
GAACCTGAGAGACG-1::pbmc3k,GAACCTGAGAGACG-1,pbmc3k,donor1,healthy,batch1,878,2490.0,20.0,0.8032128,False,False,False,True,0.04909560723514212,False,True,True,retained
GAACCTGATGAACC-1::pbmc3k,GAACCTGATGAACC-1,pbmc3k,donor1,healthy,batch1,939,2871.0,37.0,1.2887496,False,False,False,True,0.041474654377880185,False,True,True,retained
GAACGGGATACTTC-1::pbmc3k,GAACGGGATACTTC-1,pbmc3k,donor1,healthy,batch1,725,2033.0,30.0,1.4756517,False,False,False,True,0.02363936228697086,False,True,True,retained
GAACGTTGACGGAG-1::pbmc3k,GAACGTTGACGGAG-1,pbmc3k,donor1,healthy,batch1,563,1209.0,65.0,5.376344,False,False,True,False,,False,False,False,high_mito
GAACTGTGACCTGA-1::pbmc3k,GAACTGTGACCTGA-1,pbmc3k,donor1,healthy,batch1,1365,4027.0,81.0,2.0114229,False,False,False,True,0.017610661589719183,False,True,True,retained
GAACTGTGCCAGTA-1::pbmc3k,GAACTGTGCCAGTA-1,pbmc3k,donor1,healthy,batch1,818,2040.0,37.0,1.8137256,False,False,False,True,0.006896551724137932,False,True,True,retained
GAAGAATGCAATCG-1::pbmc3k,GAAGAATGCAATCG-1,pbmc3k,donor1,healthy,batch1,719,2090.0,47.0,2.2488039,False,False,False,True,0.027413587604290822,False,True,True,retained
GAAGCGGACCTATT-1::pbmc3k,GAAGCGGACCTATT-1,pbmc3k,donor1,healthy,batch1,1343,4008.0,92.0,2.2954092,False,False,False,True,0.04635761589403972,False,True,True,retained
GAAGCTACGAATGA-1::pbmc3k,GAAGCTACGAATGA-1,pbmc3k,donor1,healthy,batch1,905,2610.0,57.0,2.183908,False,False,False,True,0.015945330296127564,False,True,True,retained
GAAGCTACGGTTTG-1::pbmc3k,GAAGCTACGGTTTG-1,pbmc3k,donor1,healthy,batch1,837,1763.0,32.0,1.8150879,False,False,False,True,0.058823529411764705,False,True,True,retained
GAAGGGTGAAAGTG-1::pbmc3k,GAAGGGTGAAAGTG-1,pbmc3k,donor1,healthy,batch1,803,2473.0,20.0,0.80873436,False,False,False,True,0.03534303534303534,False,True,True,retained
GAAGGGTGCTTAGG-1::pbmc3k,GAAGGGTGCTTAGG-1,pbmc3k,donor1,healthy,batch1,990,2939.0,71.0,2.4157877,False,False,False,True,0.022508038585209007,False,True,True,retained
GAAGGTCTGAAAGT-1::pbmc3k,GAAGGTCTGAAAGT-1,pbmc3k,donor1,healthy,batch1,1084,2280.0,22.0,0.9649123,False,False,False,True,0.020408163265306124,False,True,True,retained
GAAGGTCTGTTGCA-1::pbmc3k,GAAGGTCTGTTGCA-1,pbmc3k,donor1,healthy,batch1,976,3213.0,41.0,1.276066,False,False,False,True,0.05206463195691203,False,True,True,retained
GAAGGTCTTAAAGG-1::pbmc3k,GAAGGTCTTAAAGG-1,pbmc3k,donor1,healthy,batch1,1630,5640.0,95.0,1.6843971,False,False,False,True,0.07692307692307694,False,True,True,retained
GAAGTAGACTCCCA-1::pbmc3k,GAAGTAGACTCCCA-1,pbmc3k,donor1,healthy,batch1,795,1871.0,44.0,2.3516836,False,False,False,True,0.058823529411764705,False,True,True,retained
GAAGTAGATCCAAG-1::pbmc3k,GAAGTAGATCCAAG-1,pbmc3k,donor1,healthy,batch1,1408,4035.0,107.0,2.6517968,False,False,False,True,0.06269270298047275,False,True,True,retained
GAAGTCACCCTCGT-1::pbmc3k,GAAGTCACCCTCGT-1,pbmc3k,donor1,healthy,batch1,771,1853.0,29.0,1.5650296,False,False,False,True,0.015945330296127564,False,True,True,retained
GAAGTCACCCTGTC-1::pbmc3k,GAAGTCACCCTGTC-1,pbmc3k,donor1,healthy,batch1,650,1978.0,47.0,2.3761375,False,False,False,True,0.006447234475738038,False,True,True,retained
GAAGTCTGTCGCAA-1::pbmc3k,GAAGTCTGTCGCAA-1,pbmc3k,donor1,healthy,batch1,779,1998.0,42.0,2.102102,False,False,False,True,0.01234567901234568,False,True,True,retained
GAAGTCTGTTCTGT-1::pbmc3k,GAAGTCTGTTCTGT-1,pbmc3k,donor1,healthy,batch1,648,2244.0,56.0,2.4955437,False,False,False,True,0.02483069977426637,False,True,True,retained
GAAGTGCTAAACGA-1::pbmc3k,GAAGTGCTAAACGA-1,pbmc3k,donor1,healthy,batch1,817,1806.0,53.0,2.9346623,False,False,False,True,0.017610661589719183,False,True,True,retained
GAAGTGCTCCGCTT-1::pbmc3k,GAAGTGCTCCGCTT-1,pbmc3k,donor1,healthy,batch1,1127,3251.0,91.0,2.7991388,False,False,False,True,0.02483069977426637,False,True,True,retained
GAAGTGCTTAACCG-1::pbmc3k,GAAGTGCTTAACCG-1,pbmc3k,donor1,healthy,batch1,882,2587.0,59.0,2.280634,False,False,False,True,0.037249283667621785,False,True,True,retained
GAATGCACCCTAAG-1::pbmc3k,GAATGCACCCTAAG-1,pbmc3k,donor1,healthy,batch1,954,3039.0,51.0,1.6781837,False,False,False,True,0.07167235494880546,False,True,True,retained
GAATGCACCTTCGC-1::pbmc3k,GAATGCACCTTCGC-1,pbmc3k,donor1,healthy,batch1,830,1980.0,40.0,2.020202,False,False,False,True,0.014416775884665795,False,True,True,retained
GAATGCTGCGGTAT-1::pbmc3k,GAATGCTGCGGTAT-1,pbmc3k,donor1,healthy,batch1,732,2569.0,100.0,3.8925653,False,False,False,True,0.02363936228697086,False,True,True,retained
GAATGGCTAAGATG-1::pbmc3k,GAATGGCTAAGATG-1,pbmc3k,donor1,healthy,batch1,378,741.0,68.0,9.176788,False,False,True,False,,False,False,False,high_mito
GAATTAACGATAAG-1::pbmc3k,GAATTAACGATAAG-1,pbmc3k,donor1,healthy,batch1,783,2136.0,27.0,1.2640449,False,False,False,True,0.016759776536312852,False,True,True,retained
GAATTAACGGTCAT-1::pbmc3k,GAATTAACGGTCAT-1,pbmc3k,donor1,healthy,batch1,756,1914.0,33.0,1.7241379,False,False,False,True,0.07692307692307694,False,True,True,retained
GAATTAACGTCGTA-1::pbmc3k,GAATTAACGTCGTA-1,pbmc3k,donor1,healthy,batch1,708,1323.0,20.0,1.5117158,False,False,False,True,0.027413587604290822,False,True,True,retained
GAATTAACTGAAGA-1::pbmc3k,GAATTAACTGAAGA-1,pbmc3k,donor1,healthy,batch1,976,2481.0,52.0,2.095929,False,False,False,True,0.04909560723514212,False,True,True,retained
GACAACACAGGCGA-1::pbmc3k,GACAACACAGGCGA-1,pbmc3k,donor1,healthy,batch1,718,2578.0,41.0,1.5903801,False,False,False,True,0.043824701195219126,False,True,True,retained
GACAACACATCGTG-1::pbmc3k,GACAACACATCGTG-1,pbmc3k,donor1,healthy,batch1,887,2592.0,57.0,2.199074,False,False,False,True,0.03355704697986577,False,True,True,retained
GACAACACTCGCCT-1::pbmc3k,GACAACACTCGCCT-1,pbmc3k,donor1,healthy,batch1,809,2229.0,35.0,1.5702108,False,False,False,True,0.04909560723514212,False,True,True,retained
GACAACTGAGGTTC-1::pbmc3k,GACAACTGAGGTTC-1,pbmc3k,donor1,healthy,batch1,795,2501.0,50.0,1.9992003,False,False,False,True,0.04909560723514212,False,True,True,retained
GACAGGGAAGAGTA-1::pbmc3k,GACAGGGAAGAGTA-1,pbmc3k,donor1,healthy,batch1,662,1574.0,45.0,2.858958,False,False,False,True,0.022508038585209007,False,True,True,retained
GACAGGGAATGCCA-1::pbmc3k,GACAGGGAATGCCA-1,pbmc3k,donor1,healthy,batch1,912,2543.0,30.0,1.179709,False,False,False,True,0.04635761589403972,False,True,True,retained
GACAGTACGAGCTT-1::pbmc3k,GACAGTACGAGCTT-1,pbmc3k,donor1,healthy,batch1,1550,4933.0,120.0,2.432597,False,False,False,True,0.03928836174944403,False,True,True,retained
GACAGTACTTCGGA-1::pbmc3k,GACAGTACTTCGGA-1,pbmc3k,donor1,healthy,batch1,1509,5193.0,249.0,4.794916,False,False,False,True,0.01850048685491723,False,True,True,retained
GACAGTTGAGTAGA-1::pbmc3k,GACAGTTGAGTAGA-1,pbmc3k,donor1,healthy,batch1,1021,3107.0,49.0,1.577084,False,False,False,True,0.009931245225362874,False,True,True,retained
GACATTCTCCACCT-1::pbmc3k,GACATTCTCCACCT-1,pbmc3k,donor1,healthy,batch1,1751,6193.0,155.0,2.5028257,False,False,False,True,0.06269270298047275,False,True,True,retained
GACCAAACGACTAC-1::pbmc3k,GACCAAACGACTAC-1,pbmc3k,donor1,healthy,batch1,776,2043.0,80.0,3.91581,False,False,False,True,0.020408163265306124,False,True,True,retained
GACCAAACGTATCG-1::pbmc3k,GACCAAACGTATCG-1,pbmc3k,donor1,healthy,batch1,910,2228.0,66.0,2.962298,False,False,False,True,0.08943089430894309,False,True,True,retained
GACCATGACTCTCG-1::pbmc3k,GACCATGACTCTCG-1,pbmc3k,donor1,healthy,batch1,446,1018.0,74.0,7.269155,False,False,True,False,,False,False,False,high_mito
GACCCTACTAAAGG-1::pbmc3k,GACCCTACTAAAGG-1,pbmc3k,donor1,healthy,batch1,714,1493.0,22.0,1.4735433,False,False,False,True,0.015945330296127564,False,True,True,retained
GACCTAGACCTCAC-1::pbmc3k,GACCTAGACCTCAC-1,pbmc3k,donor1,healthy,batch1,530,1178.0,58.0,4.9235992,False,False,False,True,0.14115308151093434,False,True,True,retained
GACCTAGACGAGAG-1::pbmc3k,GACCTAGACGAGAG-1,pbmc3k,donor1,healthy,batch1,846,2591.0,112.0,4.3226557,False,False,False,True,0.058823529411764705,False,True,True,retained
GACCTCACAAGGTA-1::pbmc3k,GACCTCACAAGGTA-1,pbmc3k,donor1,healthy,batch1,631,1825.0,29.0,1.589041,False,False,False,True,0.030303030303030304,False,True,True,retained
GACCTCACGTACGT-1::pbmc3k,GACCTCACGTACGT-1,pbmc3k,donor1,healthy,batch1,1152,3514.0,80.0,2.2766078,False,False,False,True,0.041474654377880185,False,True,True,retained
GACCTCTGCATCAG-1::pbmc3k,GACCTCTGCATCAG-1,pbmc3k,donor1,healthy,batch1,1118,4014.0,88.0,2.1923268,False,False,False,True,0.04909560723514212,False,True,True,retained
GACGAACTCCCACT-1::pbmc3k,GACGAACTCCCACT-1,pbmc3k,donor1,healthy,batch1,755,2191.0,32.0,1.4605203,False,False,False,True,0.02483069977426637,False,True,True,retained
GACGATTGCCAATG-1::pbmc3k,GACGATTGCCAATG-1,pbmc3k,donor1,healthy,batch1,573,1186.0,18.0,1.5177065,False,False,False,True,0.037249283667621785,False,True,True,retained
GACGCCGACCTTCG-1::pbmc3k,GACGCCGACCTTCG-1,pbmc3k,donor1,healthy,batch1,1176,2708.0,47.0,1.7355982,False,False,False,True,0.04635761589403972,False,True,True,retained
GACGCTCTCTCTCG-1::pbmc3k,GACGCTCTCTCTCG-1,pbmc3k,donor1,healthy,batch1,267,683.0,22.0,3.2210834,False,False,False,True,0.08943089430894309,False,True,True,retained
GACGGCACACGGGA-1::pbmc3k,GACGGCACACGGGA-1,pbmc3k,donor1,healthy,batch1,918,1803.0,18.0,0.9983361,False,False,False,True,0.01109350237717908,False,True,True,retained
GACGGCACGAGATA-1::pbmc3k,GACGGCACGAGATA-1,pbmc3k,donor1,healthy,batch1,1132,3154.0,70.0,2.219404,False,False,False,True,0.021432305279665442,False,True,True,retained
GACGTAACCTATGG-1::pbmc3k,GACGTAACCTATGG-1,pbmc3k,donor1,healthy,batch1,849,2218.0,31.0,1.3976555,False,False,False,True,0.031880286271958366,False,True,True,retained
GACGTAACCTGTGA-1::pbmc3k,GACGTAACCTGTGA-1,pbmc3k,donor1,healthy,batch1,938,2521.0,42.0,1.6660055,False,False,False,True,0.06269270298047275,False,True,True,retained
GACGTAACTATGGC-1::pbmc3k,GACGTAACTATGGC-1,pbmc3k,donor1,healthy,batch1,1140,3219.0,57.0,1.7707362,False,False,False,True,0.06269270298047275,False,True,True,retained
GACGTATGTTGACG-1::pbmc3k,GACGTATGTTGACG-1,pbmc3k,donor1,healthy,batch1,909,2554.0,23.0,0.90054816,False,False,False,True,0.03355704697986577,False,True,True,retained
GACGTATGTTTGCT-1::pbmc3k,GACGTATGTTTGCT-1,pbmc3k,donor1,healthy,batch1,840,2410.0,27.0,1.120332,False,False,False,True,0.02483069977426637,False,True,True,retained
GACGTCCTACGGAG-1::pbmc3k,GACGTCCTACGGAG-1,pbmc3k,donor1,healthy,batch1,806,2226.0,37.0,1.6621742,False,False,False,True,0.15789473684210528,False,True,True,retained
GACGTCCTCTCAAG-1::pbmc3k,GACGTCCTCTCAAG-1,pbmc3k,donor1,healthy,batch1,904,2413.0,64.0,2.6523,False,False,False,True,0.03355704697986577,False,True,True,retained
GACGTCCTGATAAG-1::pbmc3k,GACGTCCTGATAAG-1,pbmc3k,donor1,healthy,batch1,788,2256.0,36.0,1.5957447,False,False,False,True,0.016759776536312852,False,True,True,retained
GACTACGATGGTCA-1::pbmc3k,GACTACGATGGTCA-1,pbmc3k,donor1,healthy,batch1,778,1874.0,32.0,1.7075773,False,False,False,True,0.02363936228697086,False,True,True,retained
GACTCCTGCTCGCT-1::pbmc3k,GACTCCTGCTCGCT-1,pbmc3k,donor1,healthy,batch1,715,1862.0,64.0,3.4371643,False,False,False,True,0.06695464362850971,False,True,True,retained
GACTCCTGGGTTAC-1::pbmc3k,GACTCCTGGGTTAC-1,pbmc3k,donor1,healthy,batch1,869,2649.0,68.0,2.5670063,False,False,False,True,0.08943089430894309,False,True,True,retained
GACTCCTGTTATCC-1::pbmc3k,GACTCCTGTTATCC-1,pbmc3k,donor1,healthy,batch1,714,1462.0,34.0,2.3255813,False,False,False,True,0.041474654377880185,False,True,True,retained
GACTCCTGTTGGTG-1::pbmc3k,GACTCCTGTTGGTG-1,pbmc3k,donor1,healthy,batch1,883,2720.0,56.0,2.0588236,False,False,False,True,0.01850048685491723,False,True,True,retained
GACTGAACAACCGT-1::pbmc3k,GACTGAACAACCGT-1,pbmc3k,donor1,healthy,batch1,332,663.0,38.0,5.7315235,False,False,True,False,,False,False,False,high_mito
GACTGAACCAATCG-1::pbmc3k,GACTGAACCAATCG-1,pbmc3k,donor1,healthy,batch1,767,2301.0,26.0,1.1299435,False,False,False,True,0.006447234475738038,False,True,True,retained
GACTGATGTGATGC-1::pbmc3k,GACTGATGTGATGC-1,pbmc3k,donor1,healthy,batch1,858,2650.0,36.0,1.3584906,False,False,False,True,0.021432305279665442,False,True,True,retained
GACTTTACATGCCA-1::pbmc3k,GACTTTACATGCCA-1,pbmc3k,donor1,healthy,batch1,788,2480.0,23.0,0.9274193,False,False,False,True,0.06695464362850971,False,True,True,retained
GACTTTACGACAGG-1::pbmc3k,GACTTTACGACAGG-1,pbmc3k,donor1,healthy,batch1,553,1350.0,21.0,1.5555556,False,False,False,True,0.08943089430894309,False,True,True,retained
GAGAAATGTTCTCA-1::pbmc3k,GAGAAATGTTCTCA-1,pbmc3k,donor1,healthy,batch1,634,2056.0,66.0,3.2101166,False,False,False,True,0.027413587604290822,False,True,True,retained
GAGATAGAAAAAGC-1::pbmc3k,GAGATAGAAAAAGC-1,pbmc3k,donor1,healthy,batch1,1230,3327.0,55.0,1.653141,False,False,False,True,0.02608695652173913,False,True,True,retained
GAGATCACGACAAA-1::pbmc3k,GAGATCACGACAAA-1,pbmc3k,donor1,healthy,batch1,1131,3174.0,64.0,2.016383,False,False,False,True,0.01850048685491723,False,True,True,retained
GAGATGCTCTGGAT-1::pbmc3k,GAGATGCTCTGGAT-1,pbmc3k,donor1,healthy,batch1,849,2075.0,58.0,2.7951808,False,False,False,True,0.1155778894472362,False,True,True,retained
GAGATGCTGAATGA-1::pbmc3k,GAGATGCTGAATGA-1,pbmc3k,donor1,healthy,batch1,811,1804.0,32.0,1.7738359,False,False,False,True,0.04635761589403972,False,True,True,retained
GAGCAGGATTCCCG-1::pbmc3k,GAGCAGGATTCCCG-1,pbmc3k,donor1,healthy,batch1,827,1900.0,33.0,1.7368422,False,False,False,True,0.03355704697986577,False,True,True,retained
GAGCATACTTTGCT-1::pbmc3k,GAGCATACTTTGCT-1,pbmc3k,donor1,healthy,batch1,1753,6694.0,112.0,1.6731402,False,False,False,True,0.34841628959276005,True,True,False,predicted_doublet
GAGCGCACGCGTAT-1::pbmc3k,GAGCGCACGCGTAT-1,pbmc3k,donor1,healthy,batch1,713,1777.0,49.0,2.7574563,False,False,False,True,0.017610661589719183,False,True,True,retained
GAGCGCACGGTGAG-1::pbmc3k,GAGCGCACGGTGAG-1,pbmc3k,donor1,healthy,batch1,484,1056.0,49.0,4.6401515,False,False,False,True,0.058823529411764705,False,True,True,retained
GAGCGCTGAAGATG-1::pbmc3k,GAGCGCTGAAGATG-1,pbmc3k,donor1,healthy,batch1,783,1631.0,47.0,2.8816679,False,False,False,True,0.01109350237717908,False,True,True,retained
GAGCGCTGTCTTAC-1::pbmc3k,GAGCGCTGTCTTAC-1,pbmc3k,donor1,healthy,batch1,722,1979.0,29.0,1.4653865,False,False,False,True,0.01850048685491723,False,True,True,retained
GAGCGGCTGGGAGT-1::pbmc3k,GAGCGGCTGGGAGT-1,pbmc3k,donor1,healthy,batch1,596,1520.0,37.0,2.4342105,False,False,False,True,0.017610661589719183,False,True,True,retained
GAGGACGACTCAGA-1::pbmc3k,GAGGACGACTCAGA-1,pbmc3k,donor1,healthy,batch1,514,1171.0,15.0,1.2809564,False,False,False,True,0.08943089430894309,False,True,True,retained
GAGGATCTGAAAGT-1::pbmc3k,GAGGATCTGAAAGT-1,pbmc3k,donor1,healthy,batch1,372,717.0,3.0,0.41841003,False,False,False,True,0.015945330296127564,False,True,True,retained
GAGGCAGACTTGCC-1::pbmc3k,GAGGCAGACTTGCC-1,pbmc3k,donor1,healthy,batch1,925,2239.0,27.0,1.2058954,False,False,False,True,0.015165031222123105,False,True,True,retained
GAGGGAACACCAGT-1::pbmc3k,GAGGGAACACCAGT-1,pbmc3k,donor1,healthy,batch1,747,1677.0,10.0,0.5963029,False,False,False,True,0.058823529411764705,False,True,True,retained
GAGGGAACGAGGGT-1::pbmc3k,GAGGGAACGAGGGT-1,pbmc3k,donor1,healthy,batch1,840,1827.0,43.0,2.3535852,False,False,False,True,0.07692307692307694,False,True,True,retained
GAGGGATGGGAAAT-1::pbmc3k,GAGGGATGGGAAAT-1,pbmc3k,donor1,healthy,batch1,673,1497.0,30.0,2.004008,False,False,False,True,0.058823529411764705,False,True,True,retained
GAGGGCCTTCACCC-1::pbmc3k,GAGGGCCTTCACCC-1,pbmc3k,donor1,healthy,batch1,955,2480.0,67.0,2.701613,False,False,False,True,0.058823529411764705,False,True,True,retained
GAGGGTGAAGAGTA-1::pbmc3k,GAGGGTGAAGAGTA-1,pbmc3k,donor1,healthy,batch1,796,2599.0,40.0,1.5390534,False,False,False,True,0.016759776536312852,False,True,True,retained
GAGGTACTACGGTT-1::pbmc3k,GAGGTACTACGGTT-1,pbmc3k,donor1,healthy,batch1,719,2041.0,62.0,3.0377266,False,False,False,True,0.07692307692307694,False,True,True,retained
GAGGTACTACTCAG-1::pbmc3k,GAGGTACTACTCAG-1,pbmc3k,donor1,healthy,batch1,718,1980.0,40.0,2.020202,False,False,False,True,0.009380863039399626,False,True,True,retained
GAGGTACTGACACT-1::pbmc3k,GAGGTACTGACACT-1,pbmc3k,donor1,healthy,batch1,857,1922.0,26.0,1.3527576,False,False,False,True,0.15789473684210528,False,True,True,retained
GAGGTACTGGGAGT-1::pbmc3k,GAGGTACTGGGAGT-1,pbmc3k,donor1,healthy,batch1,578,1321.0,11.0,0.8327025,False,False,False,True,0.043824701195219126,False,True,True,retained
GAGGTACTTAGCGT-1::pbmc3k,GAGGTACTTAGCGT-1,pbmc3k,donor1,healthy,batch1,1063,3386.0,96.0,2.8352036,False,False,False,True,0.04909560723514212,False,True,True,retained
GAGGTGGAGTACGT-1::pbmc3k,GAGGTGGAGTACGT-1,pbmc3k,donor1,healthy,batch1,594,1515.0,62.0,4.092409,False,False,False,True,0.037249283667621785,False,True,True,retained
GAGGTGGATCCTCG-1::pbmc3k,GAGGTGGATCCTCG-1,pbmc3k,donor1,healthy,batch1,997,1988.0,39.0,1.9617707,False,False,False,True,0.019431988041853514,False,True,True,retained
GAGGTTACTCGTTT-1::pbmc3k,GAGGTTACTCGTTT-1,pbmc3k,donor1,healthy,batch1,1268,3757.0,47.0,1.2509981,False,False,False,True,0.23809523809523814,True,True,False,predicted_doublet
GAGGTTTGTAAGCC-1::pbmc3k,GAGGTTTGTAAGCC-1,pbmc3k,donor1,healthy,batch1,341,684.0,23.0,3.362573,False,False,False,True,0.019431988041853514,False,True,True,retained
GAGTCAACCATTCT-1::pbmc3k,GAGTCAACCATTCT-1,pbmc3k,donor1,healthy,batch1,388,897.0,16.0,1.7837236,False,False,False,True,0.03534303534303534,False,True,True,retained
GAGTCAACGGGAGT-1::pbmc3k,GAGTCAACGGGAGT-1,pbmc3k,donor1,healthy,batch1,753,2627.0,50.0,1.9033117,False,False,False,True,0.030303030303030304,False,True,True,retained
GAGTCTGATCGTGA-1::pbmc3k,GAGTCTGATCGTGA-1,pbmc3k,donor1,healthy,batch1,834,2354.0,30.0,1.2744265,False,False,False,True,0.08280254777070062,False,True,True,retained
GAGTCTGATTTGGG-1::pbmc3k,GAGTCTGATTTGGG-1,pbmc3k,donor1,healthy,batch1,593,1493.0,31.0,2.0763564,False,False,False,True,0.01234567901234568,False,True,True,retained
GAGTGACTCAGCTA-1::pbmc3k,GAGTGACTCAGCTA-1,pbmc3k,donor1,healthy,batch1,1189,2887.0,47.0,1.6279876,False,False,False,True,0.043824701195219126,False,True,True,retained
GAGTGACTCGGTAT-1::pbmc3k,GAGTGACTCGGTAT-1,pbmc3k,donor1,healthy,batch1,911,2183.0,33.0,1.5116812,False,False,False,True,0.031880286271958366,False,True,True,retained
GAGTGACTCTTGCC-1::pbmc3k,GAGTGACTCTTGCC-1,pbmc3k,donor1,healthy,batch1,738,1833.0,28.0,1.5275505,False,False,False,True,0.014416775884665795,False,True,True,retained
GAGTGACTGACTAC-1::pbmc3k,GAGTGACTGACTAC-1,pbmc3k,donor1,healthy,batch1,476,1256.0,51.0,4.060509,False,False,False,True,0.03928836174944403,False,True,True,retained
GAGTGACTGTCTAG-1::pbmc3k,GAGTGACTGTCTAG-1,pbmc3k,donor1,healthy,batch1,816,2146.0,42.0,1.9571295,False,False,False,True,0.041474654377880185,False,True,True,retained
GAGTGGGAGTCTTT-1::pbmc3k,GAGTGGGAGTCTTT-1,pbmc3k,donor1,healthy,batch1,641,1581.0,40.0,2.5300443,False,False,False,True,0.037249283667621785,False,True,True,retained
GAGTGGGATGCCCT-1::pbmc3k,GAGTGGGATGCCCT-1,pbmc3k,donor1,healthy,batch1,746,2475.0,51.0,2.0606062,False,False,False,True,0.020408163265306124,False,True,True,retained
GAGTGGGATGCTGA-1::pbmc3k,GAGTGGGATGCTGA-1,pbmc3k,donor1,healthy,batch1,635,1498.0,29.0,1.9359145,False,False,False,True,0.011707710940654016,False,True,True,retained
GAGTGTTGCTGTAG-1::pbmc3k,GAGTGTTGCTGTAG-1,pbmc3k,donor1,healthy,batch1,953,2790.0,58.0,2.078853,False,False,False,True,0.058823529411764705,False,True,True,retained
GAGTGTTGTGGTCA-1::pbmc3k,GAGTGTTGTGGTCA-1,pbmc3k,donor1,healthy,batch1,801,2044.0,33.0,1.6144814,False,False,False,True,0.019431988041853514,False,True,True,retained
GAGTTGTGCATGGT-1::pbmc3k,GAGTTGTGCATGGT-1,pbmc3k,donor1,healthy,batch1,326,693.0,19.0,2.7417028,False,False,False,True,0.006012024048096193,False,True,True,retained
GAGTTGTGCTGAGT-1::pbmc3k,GAGTTGTGCTGAGT-1,pbmc3k,donor1,healthy,batch1,849,2000.0,46.0,2.3,False,False,False,True,0.041474654377880185,False,True,True,retained
GAGTTGTGGCGAGA-1::pbmc3k,GAGTTGTGGCGAGA-1,pbmc3k,donor1,healthy,batch1,499,1225.0,15.0,1.2244898,False,False,False,True,0.2044198895027624,False,True,True,retained
GAGTTGTGGTAGCT-1::pbmc3k,GAGTTGTGGTAGCT-1,pbmc3k,donor1,healthy,batch1,865,2422.0,22.0,0.9083402,False,False,False,True,0.08943089430894309,False,True,True,retained
GAGTTGTGTATGCG-1::pbmc3k,GAGTTGTGTATGCG-1,pbmc3k,donor1,healthy,batch1,1420,4179.0,106.0,2.536492,False,False,False,True,0.01850048685491723,False,True,True,retained
GATAAGGAGAAACA-1::pbmc3k,GATAAGGAGAAACA-1,pbmc3k,donor1,healthy,batch1,487,1139.0,35.0,3.072871,False,False,False,True,0.009380863039399626,False,True,True,retained
GATAAGGATTCACT-1::pbmc3k,GATAAGGATTCACT-1,pbmc3k,donor1,healthy,batch1,876,2518.0,70.0,2.779984,False,False,False,True,0.03928836174944403,False,True,True,retained
GATACTCTATCGGT-1::pbmc3k,GATACTCTATCGGT-1,pbmc3k,donor1,healthy,batch1,797,2343.0,39.0,1.6645327,False,False,False,True,0.04909560723514212,False,True,True,retained
GATACTCTTACTTC-1::pbmc3k,GATACTCTTACTTC-1,pbmc3k,donor1,healthy,batch1,981,2881.0,83.0,2.880944,False,False,False,True,0.06695464362850971,False,True,True,retained
GATACTCTTGACTG-1::pbmc3k,GATACTCTTGACTG-1,pbmc3k,donor1,healthy,batch1,756,2146.0,56.0,2.6095061,False,False,False,True,0.01850048685491723,False,True,True,retained
GATAGAGAAGGGTG-1::pbmc3k,GATAGAGAAGGGTG-1,pbmc3k,donor1,healthy,batch1,850,2063.0,64.0,3.1022782,False,False,False,True,0.1155778894472362,False,True,True,retained
GATAGAGACTGTGA-1::pbmc3k,GATAGAGACTGTGA-1,pbmc3k,donor1,healthy,batch1,1097,3964.0,38.0,0.95862764,False,False,False,True,0.04909560723514212,False,True,True,retained
GATAGAGATCACGA-1::pbmc3k,GATAGAGATCACGA-1,pbmc3k,donor1,healthy,batch1,998,2811.0,40.0,1.4229811,False,False,False,True,0.019431988041853514,False,True,True,retained
GATAGCACCCATAG-1::pbmc3k,GATAGCACCCATAG-1,pbmc3k,donor1,healthy,batch1,829,2638.0,55.0,2.0849128,False,False,False,True,0.08943089430894309,False,True,True,retained
GATAGCACGAAGGC-1::pbmc3k,GATAGCACGAAGGC-1,pbmc3k,donor1,healthy,batch1,1159,3630.0,71.0,1.9559228,False,False,False,True,0.022508038585209007,False,True,True,retained
GATAGCACTTGTCT-1::pbmc3k,GATAGCACTTGTCT-1,pbmc3k,donor1,healthy,batch1,955,2942.0,60.0,2.039429,False,False,False,True,0.02483069977426637,False,True,True,retained
GATATAACAAGGTA-1::pbmc3k,GATATAACAAGGTA-1,pbmc3k,donor1,healthy,batch1,1061,3234.0,51.0,1.5769944,False,False,False,True,0.02363936228697086,False,True,True,retained
GATATAACACGCAT-1::pbmc3k,GATATAACACGCAT-1,pbmc3k,donor1,healthy,batch1,696,2247.0,16.0,0.7120605,False,False,False,True,0.043824701195219126,False,True,True,retained
GATATATGCTGGAT-1::pbmc3k,GATATATGCTGGAT-1,pbmc3k,donor1,healthy,batch1,786,2668.0,60.0,2.2488756,False,False,False,True,0.041474654377880185,False,True,True,retained
GATATATGTCCGTC-1::pbmc3k,GATATATGTCCGTC-1,pbmc3k,donor1,healthy,batch1,743,1819.0,27.0,1.4843321,False,False,False,True,0.031880286271958366,False,True,True,retained
GATATATGTGGAGG-1::pbmc3k,GATATATGTGGAGG-1,pbmc3k,donor1,healthy,batch1,1211,3775.0,95.0,2.5165563,False,False,False,True,0.4482758620689657,True,True,False,predicted_doublet
GATATCCTAGAAGT-1::pbmc3k,GATATCCTAGAAGT-1,pbmc3k,donor1,healthy,batch1,893,2302.0,30.0,1.3032146,False,False,False,True,0.02608695652173913,False,True,True,retained
GATATCCTCCCGTT-1::pbmc3k,GATATCCTCCCGTT-1,pbmc3k,donor1,healthy,batch1,491,1071.0,14.0,1.3071896,False,False,False,True,0.041474654377880185,False,True,True,retained
GATATTGACAGGAG-1::pbmc3k,GATATTGACAGGAG-1,pbmc3k,donor1,healthy,batch1,744,1736.0,63.0,3.6290321,False,False,False,True,0.02483069977426637,False,True,True,retained
GATATTGACGAGTT-1::pbmc3k,GATATTGACGAGTT-1,pbmc3k,donor1,healthy,batch1,1447,4410.0,60.0,1.3605442,False,False,False,True,0.008849557522123895,False,True,True,retained
GATATTGAGCCAAT-1::pbmc3k,GATATTGAGCCAAT-1,pbmc3k,donor1,healthy,batch1,767,2424.0,36.0,1.4851485,False,False,False,True,0.021432305279665442,False,True,True,retained
GATCCCTGACCTTT-1::pbmc3k,GATCCCTGACCTTT-1,pbmc3k,donor1,healthy,batch1,1050,2213.0,24.0,1.0845007,False,False,False,True,0.01234567901234568,False,True,True,retained
GATCCCTGTGTAGC-1::pbmc3k,GATCCCTGTGTAGC-1,pbmc3k,donor1,healthy,batch1,853,2324.0,34.0,1.4629948,False,False,False,True,0.019431988041853514,False,True,True,retained
GATCCGCTGGTCAT-1::pbmc3k,GATCCGCTGGTCAT-1,pbmc3k,donor1,healthy,batch1,1118,3070.0,53.0,1.7263843,False,False,False,True,0.020408163265306124,False,True,True,retained
GATCGAACCGAGAG-1::pbmc3k,GATCGAACCGAGAG-1,pbmc3k,donor1,healthy,batch1,1428,4590.0,114.0,2.4836602,False,False,False,True,0.031880286271958366,False,True,True,retained
GATCGATGACTAGC-1::pbmc3k,GATCGATGACTAGC-1,pbmc3k,donor1,healthy,batch1,555,1137.0,10.0,0.87950754,False,False,False,True,0.037249283667621785,False,True,True,retained
GATCGATGGTAAAG-1::pbmc3k,GATCGATGGTAAAG-1,pbmc3k,donor1,healthy,batch1,612,1771.0,33.0,1.8633541,False,False,False,True,0.017610661589719183,False,True,True,retained
GATCGATGTAAGGA-1::pbmc3k,GATCGATGTAAGGA-1,pbmc3k,donor1,healthy,batch1,854,2504.0,32.0,1.2779553,False,False,False,True,0.028816676885346417,False,True,True,retained
GATCGTGACACTAG-1::pbmc3k,GATCGTGACACTAG-1,pbmc3k,donor1,healthy,batch1,789,2252.0,39.0,1.731794,False,False,False,True,0.03534303534303534,False,True,True,retained
GATCGTGATTCACT-1::pbmc3k,GATCGTGATTCACT-1,pbmc3k,donor1,healthy,batch1,889,2068.0,22.0,1.0638298,False,False,False,True,0.05206463195691203,False,True,True,retained
GATCTACTGGTGAG-1::pbmc3k,GATCTACTGGTGAG-1,pbmc3k,donor1,healthy,batch1,784,1969.0,53.0,2.6917217,False,False,False,True,0.07167235494880546,False,True,True,retained
GATCTACTTTGCAG-1::pbmc3k,GATCTACTTTGCAG-1,pbmc3k,donor1,healthy,batch1,712,1624.0,19.0,1.1699507,False,False,False,True,0.01234567901234568,False,True,True,retained
GATCTTACACCCAA-1::pbmc3k,GATCTTACACCCAA-1,pbmc3k,donor1,healthy,batch1,1323,3608.0,93.0,2.5776052,False,False,False,True,0.016759776536312852,False,True,True,retained
GATCTTACCCTACC-1::pbmc3k,GATCTTACCCTACC-1,pbmc3k,donor1,healthy,batch1,921,2803.0,68.0,2.4259722,False,False,False,True,0.041474654377880185,False,True,True,retained
GATCTTACGAATAG-1::pbmc3k,GATCTTACGAATAG-1,pbmc3k,donor1,healthy,batch1,682,1542.0,32.0,2.075227,False,False,False,True,0.019431988041853514,False,True,True,retained
GATCTTACGAGATA-1::pbmc3k,GATCTTACGAGATA-1,pbmc3k,donor1,healthy,batch1,794,2202.0,59.0,2.6793826,False,False,False,True,0.01234567901234568,False,True,True,retained
GATGCAACTCCAGA-1::pbmc3k,GATGCAACTCCAGA-1,pbmc3k,donor1,healthy,batch1,846,2487.0,22.0,0.88459986,False,False,False,True,0.07167235494880546,False,True,True,retained
GATGCCCTACGTAC-1::pbmc3k,GATGCCCTACGTAC-1,pbmc3k,donor1,healthy,batch1,1012,2810.0,71.0,2.5266905,False,False,False,True,0.058823529411764705,False,True,True,retained
GATGCCCTCTCATT-1::pbmc3k,GATGCCCTCTCATT-1,pbmc3k,donor1,healthy,batch1,839,2403.0,33.0,1.3732834,False,False,False,True,0.04635761589403972,False,True,True,retained
GATGCCCTGGCAAG-1::pbmc3k,GATGCCCTGGCAAG-1,pbmc3k,donor1,healthy,batch1,807,2300.0,23.0,1.0,False,False,False,True,0.016759776536312852,False,True,True,retained
GATGCCCTTTTGCT-1::pbmc3k,GATGCCCTTTTGCT-1,pbmc3k,donor1,healthy,batch1,587,1525.0,55.0,3.6065574,False,False,False,True,0.05206463195691203,False,True,True,retained
GATTACCTTGTTCT-1::pbmc3k,GATTACCTTGTTCT-1,pbmc3k,donor1,healthy,batch1,881,2471.0,49.0,1.9830028,False,False,False,True,0.03928836174944403,False,True,True,retained
GATTCGGAACGACT-1::pbmc3k,GATTCGGAACGACT-1,pbmc3k,donor1,healthy,batch1,781,2625.0,65.0,2.4761903,False,False,False,True,0.05529522024367387,False,True,True,retained
GATTCGGACAGGAG-1::pbmc3k,GATTCGGACAGGAG-1,pbmc3k,donor1,healthy,batch1,1010,2873.0,47.0,1.6359206,False,False,False,True,0.028816676885346417,False,True,True,retained
GATTCGGAGAAGGC-1::pbmc3k,GATTCGGAGAAGGC-1,pbmc3k,donor1,healthy,batch1,1182,3634.0,86.0,2.366538,False,False,False,True,0.01234567901234568,False,True,True,retained
GATTCTTGATTCGG-1::pbmc3k,GATTCTTGATTCGG-1,pbmc3k,donor1,healthy,batch1,1149,3001.0,48.0,1.5994668,False,False,False,True,0.016759776536312852,False,True,True,retained
GATTCTTGCCGATA-1::pbmc3k,GATTCTTGCCGATA-1,pbmc3k,donor1,healthy,batch1,812,2262.0,46.0,2.0335984,False,False,False,True,0.04909560723514212,False,True,True,retained
GATTCTTGCGAGTT-1::pbmc3k,GATTCTTGCGAGTT-1,pbmc3k,donor1,healthy,batch1,607,1550.0,42.0,2.7096775,False,False,False,True,0.02483069977426637,False,True,True,retained
GATTGGACCCGTTC-1::pbmc3k,GATTGGACCCGTTC-1,pbmc3k,donor1,healthy,batch1,1155,3465.0,45.0,1.2987013,False,False,False,True,0.4482758620689657,True,True,False,predicted_doublet
GATTGGACGGTGTT-1::pbmc3k,GATTGGACGGTGTT-1,pbmc3k,donor1,healthy,batch1,714,1759.0,56.0,3.1836271,False,False,False,True,0.015945330296127564,False,True,True,retained
GATTGGACTTTCGT-1::pbmc3k,GATTGGACTTTCGT-1,pbmc3k,donor1,healthy,batch1,642,1634.0,33.0,2.0195837,False,False,False,True,0.016759776536312852,False,True,True,retained
GATTGGTGTGTCAG-1::pbmc3k,GATTGGTGTGTCAG-1,pbmc3k,donor1,healthy,batch1,1088,3236.0,38.0,1.1742892,False,False,False,True,0.04909560723514212,False,True,True,retained
GATTTAGACACTCC-1::pbmc3k,GATTTAGACACTCC-1,pbmc3k,donor1,healthy,batch1,1291,4120.0,130.0,3.15534,False,False,False,True,0.02363936228697086,False,True,True,retained
GATTTAGACTAAGC-1::pbmc3k,GATTTAGACTAAGC-1,pbmc3k,donor1,healthy,batch1,1196,2967.0,41.0,1.3818672,False,False,False,True,0.013698630136986302,False,True,True,retained
GATTTAGATTCGTT-1::pbmc3k,GATTTAGATTCGTT-1,pbmc3k,donor1,healthy,batch1,325,664.0,10.0,1.5060241,False,False,False,True,0.015165031222123105,False,True,True,retained
GATTTGCTAACGAA-1::pbmc3k,GATTTGCTAACGAA-1,pbmc3k,donor1,healthy,batch1,804,2322.0,42.0,1.8087854,False,False,False,True,0.022508038585209007,False,True,True,retained
GATTTGCTAACGGG-1::pbmc3k,GATTTGCTAACGGG-1,pbmc3k,donor1,healthy,batch1,370,691.0,8.0,1.1577424,False,False,False,True,0.01234567901234568,False,True,True,retained
GCAACCCTCCTCGT-1::pbmc3k,GCAACCCTCCTCGT-1,pbmc3k,donor1,healthy,batch1,359,744.0,12.0,1.6129031,False,False,False,True,0.12727272727272732,False,True,True,retained
GCAACTGATTGCGA-1::pbmc3k,GCAACTGATTGCGA-1,pbmc3k,donor1,healthy,batch1,855,2805.0,74.0,2.6381462,False,False,False,True,0.03928836174944403,False,True,True,retained
GCAAGACTACTGGT-1::pbmc3k,GCAAGACTACTGGT-1,pbmc3k,donor1,healthy,batch1,1165,2894.0,18.0,0.6219765,False,False,False,True,0.03928836174944403,False,True,True,retained
GCAAGACTAGGTCT-1::pbmc3k,GCAAGACTAGGTCT-1,pbmc3k,donor1,healthy,batch1,836,2191.0,62.0,2.8297582,False,False,False,True,0.06269270298047275,False,True,True,retained
GCAAGACTCCCTTG-1::pbmc3k,GCAAGACTCCCTTG-1,pbmc3k,donor1,healthy,batch1,923,2701.0,56.0,2.0733063,False,False,False,True,0.04909560723514212,False,True,True,retained
GCAATCGACTGCAA-1::pbmc3k,GCAATCGACTGCAA-1,pbmc3k,donor1,healthy,batch1,863,2346.0,83.0,3.537937,False,False,False,True,0.08280254777070062,False,True,True,retained
GCAATCGAGACGTT-1::pbmc3k,GCAATCGAGACGTT-1,pbmc3k,donor1,healthy,batch1,1284,3899.0,119.0,3.0520647,False,False,False,True,0.027413587604290822,False,True,True,retained
GCAATCGATCCTTA-1::pbmc3k,GCAATCGATCCTTA-1,pbmc3k,donor1,healthy,batch1,1011,3054.0,66.0,2.1611001,False,False,False,True,0.037249283667621785,False,True,True,retained
GCAATTCTCGTGTA-1::pbmc3k,GCAATTCTCGTGTA-1,pbmc3k,donor1,healthy,batch1,889,2592.0,49.0,1.8904321,False,False,False,True,0.058823529411764705,False,True,True,retained
GCAATTCTTCTCCG-1::pbmc3k,GCAATTCTTCTCCG-1,pbmc3k,donor1,healthy,batch1,984,3262.0,59.0,1.8087063,False,False,False,True,0.06695464362850971,False,True,True,retained
GCACAAACAATGCC-1::pbmc3k,GCACAAACAATGCC-1,pbmc3k,donor1,healthy,batch1,512,1240.0,43.0,3.467742,False,False,False,True,0.02483069977426637,False,True,True,retained
GCACAAACGGTACT-1::pbmc3k,GCACAAACGGTACT-1,pbmc3k,donor1,healthy,batch1,939,2829.0,32.0,1.1311418,False,False,False,True,0.037249283667621785,False,True,True,retained
GCACAATGGTGCAT-1::pbmc3k,GCACAATGGTGCAT-1,pbmc3k,donor1,healthy,batch1,883,2612.0,31.0,1.18683,False,False,False,True,0.05529522024367387,False,True,True,retained
GCACACCTGTGCTA-1::pbmc3k,GCACACCTGTGCTA-1,pbmc3k,donor1,healthy,batch1,697,1376.0,30.0,2.1802325,False,False,False,True,0.015945330296127564,False,True,True,retained
GCACCACTCATGAC-1::pbmc3k,GCACCACTCATGAC-1,pbmc3k,donor1,healthy,batch1,1211,3644.0,58.0,1.5916575,False,False,False,True,0.2044198895027624,False,True,True,retained
GCACCACTGTTTGG-1::pbmc3k,GCACCACTGTTTGG-1,pbmc3k,donor1,healthy,batch1,362,776.0,12.0,1.5463917,False,False,False,True,0.01109350237717908,False,True,True,retained
GCACCACTTCCTTA-1::pbmc3k,GCACCACTTCCTTA-1,pbmc3k,donor1,healthy,batch1,969,1945.0,57.0,2.9305913,False,False,False,True,0.015945330296127564,False,True,True,retained
GCACCACTTTCGGA-1::pbmc3k,GCACCACTTTCGGA-1,pbmc3k,donor1,healthy,batch1,1135,3246.0,57.0,1.7560074,False,False,False,True,0.022508038585209007,False,True,True,retained
GCACCTACGCGATT-1::pbmc3k,GCACCTACGCGATT-1,pbmc3k,donor1,healthy,batch1,1239,4274.0,47.0,1.0996724,False,False,False,True,0.05206463195691203,False,True,True,retained
GCACCTTGGCTGTA-1::pbmc3k,GCACCTTGGCTGTA-1,pbmc3k,donor1,healthy,batch1,580,1753.0,24.0,1.3690815,False,False,False,True,0.043824701195219126,False,True,True,retained
GCACCTTGGGGAGT-1::pbmc3k,GCACCTTGGGGAGT-1,pbmc3k,donor1,healthy,batch1,1103,3740.0,73.0,1.9518716,False,False,False,True,0.030303030303030304,False,True,True,retained
GCACGGACCAGCTA-1::pbmc3k,GCACGGACCAGCTA-1,pbmc3k,donor1,healthy,batch1,975,3172.0,52.0,1.6393442,False,False,False,True,0.058823529411764705,False,True,True,retained
GCACGGTGACCTCC-1::pbmc3k,GCACGGTGACCTCC-1,pbmc3k,donor1,healthy,batch1,825,2262.0,27.0,1.1936339,False,False,False,True,0.037249283667621785,False,True,True,retained
GCACGGTGCTATGG-1::pbmc3k,GCACGGTGCTATGG-1,pbmc3k,donor1,healthy,batch1,1170,3105.0,80.0,2.5764894,False,False,False,True,0.02608695652173913,False,True,True,retained
GCACTAGAACGGGA-1::pbmc3k,GCACTAGAACGGGA-1,pbmc3k,donor1,healthy,batch1,921,2493.0,63.0,2.5270758,False,False,False,True,0.07692307692307694,False,True,True,retained
GCACTAGAAGATGA-1::pbmc3k,GCACTAGAAGATGA-1,pbmc3k,donor1,healthy,batch1,640,1548.0,38.0,2.4547803,False,False,False,True,0.019431988041853514,False,True,True,retained
GCACTAGACCTTTA-1::pbmc3k,GCACTAGACCTTTA-1,pbmc3k,donor1,healthy,batch1,1180,3630.0,87.0,2.3966942,False,False,False,True,0.058823529411764705,False,True,True,retained
GCACTAGACGTAAC-1::pbmc3k,GCACTAGACGTAAC-1,pbmc3k,donor1,healthy,batch1,378,745.0,14.0,1.8791946,False,False,False,True,0.010501750291715288,False,True,True,retained
GCACTAGAGTCGTA-1::pbmc3k,GCACTAGAGTCGTA-1,pbmc3k,donor1,healthy,batch1,982,2424.0,57.0,2.3514853,False,False,False,True,0.02363936228697086,False,True,True,retained
GCACTAGATGCAAC-1::pbmc3k,GCACTAGATGCAAC-1,pbmc3k,donor1,healthy,batch1,916,2667.0,37.0,1.3873266,False,False,False,True,0.06695464362850971,False,True,True,retained
GCACTGCTGAGGCA-1::pbmc3k,GCACTGCTGAGGCA-1,pbmc3k,donor1,healthy,batch1,1122,3473.0,64.0,1.8427873,False,False,False,True,0.07692307692307694,False,True,True,retained
GCAGATACAGCGTT-1::pbmc3k,GCAGATACAGCGTT-1,pbmc3k,donor1,healthy,batch1,792,2093.0,78.0,3.7267082,False,False,False,True,0.06695464362850971,False,True,True,retained
GCAGATACGACGGA-1::pbmc3k,GCAGATACGACGGA-1,pbmc3k,donor1,healthy,batch1,619,1670.0,27.0,1.6167665,False,False,False,True,0.07167235494880546,False,True,True,retained
GCAGATACGCAGAG-1::pbmc3k,GCAGATACGCAGAG-1,pbmc3k,donor1,healthy,batch1,750,2140.0,47.0,2.1962616,False,False,False,True,0.058823529411764705,False,True,True,retained
GCAGCCGACAGTCA-1::pbmc3k,GCAGCCGACAGTCA-1,pbmc3k,donor1,healthy,batch1,913,3037.0,85.0,2.7988148,False,False,False,True,0.04909560723514212,False,True,True,retained
GCAGCGTGCACTCC-1::pbmc3k,GCAGCGTGCACTCC-1,pbmc3k,donor1,healthy,batch1,775,2298.0,29.0,1.261967,False,False,False,True,0.058823529411764705,False,True,True,retained
GCAGCTCTCAATCG-1::pbmc3k,GCAGCTCTCAATCG-1,pbmc3k,donor1,healthy,batch1,661,1860.0,22.0,1.1827956,False,False,False,True,0.043824701195219126,False,True,True,retained
GCAGCTCTGTTTCT-1::pbmc3k,GCAGCTCTGTTTCT-1,pbmc3k,donor1,healthy,batch1,766,1688.0,20.0,1.1848341,False,False,False,True,0.04909560723514212,False,True,True,retained
GCAGGGCTAAGAAC-1::pbmc3k,GCAGGGCTAAGAAC-1,pbmc3k,donor1,healthy,batch1,768,2969.0,58.0,1.9535197,False,False,False,True,0.041474654377880185,False,True,True,retained
GCAGGGCTAAGGGC-1::pbmc3k,GCAGGGCTAAGGGC-1,pbmc3k,donor1,healthy,batch1,675,1466.0,23.0,1.568895,False,False,False,True,0.07692307692307694,False,True,True,retained
GCAGGGCTATCGAC-1::pbmc3k,GCAGGGCTATCGAC-1,pbmc3k,donor1,healthy,batch1,944,1981.0,46.0,2.3220594,False,False,False,True,0.016759776536312852,False,True,True,retained
GCAGGGCTTGGGAG-1::pbmc3k,GCAGGGCTTGGGAG-1,pbmc3k,donor1,healthy,batch1,940,2195.0,108.0,4.9202733,False,False,False,True,0.06269270298047275,False,True,True,retained
GCAGTCCTAACTGC-1::pbmc3k,GCAGTCCTAACTGC-1,pbmc3k,donor1,healthy,batch1,761,2107.0,45.0,2.135738,False,False,False,True,0.04909560723514212,False,True,True,retained
GCAGTCCTCTCTTA-1::pbmc3k,GCAGTCCTCTCTTA-1,pbmc3k,donor1,healthy,batch1,727,1832.0,37.0,2.0196507,False,False,False,True,0.041474654377880185,False,True,True,retained
GCATCAGATGCGTA-1::pbmc3k,GCATCAGATGCGTA-1,pbmc3k,donor1,healthy,batch1,767,2047.0,79.0,3.859306,False,False,False,True,0.2044198895027624,False,True,True,retained
GCATGTGACAAGCT-1::pbmc3k,GCATGTGACAAGCT-1,pbmc3k,donor1,healthy,batch1,873,2951.0,66.0,2.23653,False,False,False,True,0.030303030303030304,False,True,True,retained
GCATTGGAGAAGGC-1::pbmc3k,GCATTGGAGAAGGC-1,pbmc3k,donor1,healthy,batch1,1043,3069.0,37.0,1.2056044,False,False,False,True,0.04909560723514212,False,True,True,retained
GCCAAAACGAGGCA-1::pbmc3k,GCCAAAACGAGGCA-1,pbmc3k,donor1,healthy,batch1,850,2087.0,93.0,4.456157,False,False,False,True,0.1155778894472362,False,True,True,retained
GCCAAATGATCGAC-1::pbmc3k,GCCAAATGATCGAC-1,pbmc3k,donor1,healthy,batch1,995,2887.0,57.0,1.9743679,False,False,False,True,0.10559006211180123,False,True,True,retained
GCCAACCTACGGTT-1::pbmc3k,GCCAACCTACGGTT-1,pbmc3k,donor1,healthy,batch1,680,2141.0,47.0,2.195236,False,False,False,True,0.06695464362850971,False,True,True,retained
GCCAACCTCGCCTT-1::pbmc3k,GCCAACCTCGCCTT-1,pbmc3k,donor1,healthy,batch1,595,1770.0,21.0,1.1864407,False,False,False,True,0.03534303534303534,False,True,True,retained
GCCACGGAGGCGAA-1::pbmc3k,GCCACGGAGGCGAA-1,pbmc3k,donor1,healthy,batch1,700,2000.0,35.0,1.75,False,False,False,True,0.02483069977426637,False,True,True,retained
GCCACGGATACTGG-1::pbmc3k,GCCACGGATACTGG-1,pbmc3k,donor1,healthy,batch1,753,2411.0,51.0,2.1153047,False,False,False,True,0.027413587604290822,False,True,True,retained
GCCACTACCTACTT-1::pbmc3k,GCCACTACCTACTT-1,pbmc3k,donor1,healthy,batch1,682,1737.0,93.0,5.3540587,False,False,True,False,,False,False,False,high_mito
GCCACTACGTCTTT-1::pbmc3k,GCCACTACGTCTTT-1,pbmc3k,donor1,healthy,batch1,736,2097.0,47.0,2.241297,False,False,False,True,0.06695464362850971,False,True,True,retained
GCCCAACTACCGAT-1::pbmc3k,GCCCAACTACCGAT-1,pbmc3k,donor1,healthy,batch1,891,2579.0,40.0,1.5509888,False,False,False,True,0.04635761589403972,False,True,True,retained
GCCCAACTATGGTC-1::pbmc3k,GCCCAACTATGGTC-1,pbmc3k,donor1,healthy,batch1,685,1833.0,34.0,1.8548827,False,False,False,True,0.03355704697986577,False,True,True,retained
GCCCATACAGCGTT-1::pbmc3k,GCCCATACAGCGTT-1,pbmc3k,donor1,healthy,batch1,780,1959.0,8.0,0.40837163,False,False,False,True,0.07167235494880546,False,True,True,retained
GCCGACGAACTCTT-1::pbmc3k,GCCGACGAACTCTT-1,pbmc3k,donor1,healthy,batch1,986,2982.0,62.0,2.0791416,False,False,False,True,0.028816676885346417,False,True,True,retained
GCCGAGTGCGTTGA-1::pbmc3k,GCCGAGTGCGTTGA-1,pbmc3k,donor1,healthy,batch1,989,3191.0,97.0,3.0397995,False,False,False,True,0.12727272727272732,False,True,True,retained
GCCGGAACGAACTC-1::pbmc3k,GCCGGAACGAACTC-1,pbmc3k,donor1,healthy,batch1,830,2325.0,50.0,2.1505377,False,False,False,True,0.016759776536312852,False,True,True,retained
GCCGGAACGTTCTT-1::pbmc3k,GCCGGAACGTTCTT-1,pbmc3k,donor1,healthy,batch1,810,1582.0,42.0,2.6548672,False,False,False,True,0.013698630136986302,False,True,True,retained
GCCGGAACTGCACA-1::pbmc3k,GCCGGAACTGCACA-1,pbmc3k,donor1,healthy,batch1,685,1591.0,78.0,4.902577,False,False,False,True,0.015165031222123105,False,True,True,retained
GCCGGAACTTACTC-1::pbmc3k,GCCGGAACTTACTC-1,pbmc3k,donor1,healthy,batch1,784,2021.0,22.0,1.0885701,False,False,False,True,0.027413587604290822,False,True,True,retained
GCCGTACTACCTGA-1::pbmc3k,GCCGTACTACCTGA-1,pbmc3k,donor1,healthy,batch1,642,2258.0,79.0,3.4986715,False,False,False,True,0.01850048685491723,False,True,True,retained
GCCGTACTGGCAAG-1::pbmc3k,GCCGTACTGGCAAG-1,pbmc3k,donor1,healthy,batch1,742,1698.0,62.0,3.6513546,False,False,False,True,0.028816676885346417,False,True,True,retained
GCCTACACAGTTCG-1::pbmc3k,GCCTACACAGTTCG-1,pbmc3k,donor1,healthy,batch1,961,2058.0,31.0,1.5063169,False,False,False,True,0.031880286271958366,False,True,True,retained
GCCTACACCACTGA-1::pbmc3k,GCCTACACCACTGA-1,pbmc3k,donor1,healthy,batch1,906,2617.0,55.0,2.101643,False,False,False,True,0.028816676885346417,False,True,True,retained
GCCTACACCTTGAG-1::pbmc3k,GCCTACACCTTGAG-1,pbmc3k,donor1,healthy,batch1,829,2817.0,24.0,0.8519702,False,False,False,True,0.041474654377880185,False,True,True,retained
GCCTAGCTACGGAG-1::pbmc3k,GCCTAGCTACGGAG-1,pbmc3k,donor1,healthy,batch1,621,1730.0,17.0,0.9826589,False,False,False,True,0.019431988041853514,False,True,True,retained
GCCTAGCTCTATTC-1::pbmc3k,GCCTAGCTCTATTC-1,pbmc3k,donor1,healthy,batch1,822,2419.0,40.0,1.6535759,False,False,False,True,0.09696092619392188,False,True,True,retained
GCCTAGCTTCTCAT-1::pbmc3k,GCCTAGCTTCTCAT-1,pbmc3k,donor1,healthy,batch1,717,2155.0,46.0,2.1345708,False,False,False,True,0.043824701195219126,False,True,True,retained
GCCTAGCTTCTCTA-1::pbmc3k,GCCTAGCTTCTCTA-1,pbmc3k,donor1,healthy,batch1,1210,3411.0,113.0,3.3128116,False,False,False,True,0.022508038585209007,False,True,True,retained
GCCTCAACCATGGT-1::pbmc3k,GCCTCAACCATGGT-1,pbmc3k,donor1,healthy,batch1,800,2602.0,29.0,1.1145273,False,False,False,True,0.027413587604290822,False,True,True,retained
GCCTCAACTCTTTG-1::pbmc3k,GCCTCAACTCTTTG-1,pbmc3k,donor1,healthy,batch1,1963,5990.0,67.0,1.1185309,False,False,False,True,0.08280254777070062,False,True,True,retained
GCCTCATGTCTTAC-1::pbmc3k,GCCTCATGTCTTAC-1,pbmc3k,donor1,healthy,batch1,749,2173.0,66.0,3.0372758,False,False,False,True,0.07692307692307694,False,True,True,retained
GCCTGACTCTCAAG-1::pbmc3k,GCCTGACTCTCAAG-1,pbmc3k,donor1,healthy,batch1,757,2004.0,29.0,1.4471058,False,False,False,True,0.017610661589719183,False,True,True,retained
GCGAAGGAACTCTT-1::pbmc3k,GCGAAGGAACTCTT-1,pbmc3k,donor1,healthy,batch1,570,1247.0,29.0,2.3255813,False,False,False,True,0.027413587604290822,False,True,True,retained
GCGAAGGAGAGCTT-1::pbmc3k,GCGAAGGAGAGCTT-1,pbmc3k,donor1,healthy,batch1,2710,10282.0,347.0,3.3748298,False,True,False,False,,False,False,False,high_genes
GCGAAGGATGCCAA-1::pbmc3k,GCGAAGGATGCCAA-1,pbmc3k,donor1,healthy,batch1,831,2468.0,49.0,1.9854132,False,False,False,True,0.058823529411764705,False,True,True,retained
GCGAGAGAGGGACA-1::pbmc3k,GCGAGAGAGGGACA-1,pbmc3k,donor1,healthy,batch1,721,1883.0,22.0,1.1683483,False,False,False,True,0.027413587604290822,False,True,True,retained
GCGAGCACTGTCGA-1::pbmc3k,GCGAGCACTGTCGA-1,pbmc3k,donor1,healthy,batch1,336,613.0,12.0,1.9575857,False,False,False,True,0.037249283667621785,False,True,True,retained
GCGAGCACTTGACG-1::pbmc3k,GCGAGCACTTGACG-1,pbmc3k,donor1,healthy,batch1,802,2283.0,57.0,2.4967148,False,False,False,True,0.05206463195691203,False,True,True,retained
GCGAGCACTTGCTT-1::pbmc3k,GCGAGCACTTGCTT-1,pbmc3k,donor1,healthy,batch1,1001,3144.0,96.0,3.053435,False,False,False,True,0.07167235494880546,False,True,True,retained
GCGATATGGTACGT-1::pbmc3k,GCGATATGGTACGT-1,pbmc3k,donor1,healthy,batch1,886,2071.0,21.0,1.0140029,False,False,False,True,0.030303030303030304,False,True,True,retained
GCGATATGGTGTTG-1::pbmc3k,GCGATATGGTGTTG-1,pbmc3k,donor1,healthy,batch1,631,1762.0,43.0,2.4404087,False,False,False,True,0.03534303534303534,False,True,True,retained
GCGCACGAAGTCGT-1::pbmc3k,GCGCACGAAGTCGT-1,pbmc3k,donor1,healthy,batch1,759,2266.0,63.0,2.7802293,False,False,False,True,0.05206463195691203,False,True,True,retained
GCGCACGACTTTAC-1::pbmc3k,GCGCACGACTTTAC-1,pbmc3k,donor1,healthy,batch1,631,1689.0,26.0,1.5393723,False,False,False,True,0.008849557522123895,False,True,True,retained
GCGCATCTAGGTCT-1::pbmc3k,GCGCATCTAGGTCT-1,pbmc3k,donor1,healthy,batch1,550,1395.0,19.0,1.3620073,False,False,False,True,0.020408163265306124,False,True,True,retained
GCGCATCTGGTTAC-1::pbmc3k,GCGCATCTGGTTAC-1,pbmc3k,donor1,healthy,batch1,984,2518.0,72.0,2.8594124,False,False,False,True,0.14115308151093434,False,True,True,retained
GCGCATCTTCGATG-1::pbmc3k,GCGCATCTTCGATG-1,pbmc3k,donor1,healthy,batch1,767,2297.0,38.0,1.6543318,False,False,False,True,0.022508038585209007,False,True,True,retained
GCGCATCTTGCTCC-1::pbmc3k,GCGCATCTTGCTCC-1,pbmc3k,donor1,healthy,batch1,835,1995.0,42.0,2.1052632,False,False,False,True,0.02363936228697086,False,True,True,retained
GCGCATCTTTCTAC-1::pbmc3k,GCGCATCTTTCTAC-1,pbmc3k,donor1,healthy,batch1,777,2508.0,44.0,1.754386,False,False,False,True,0.058823529411764705,False,True,True,retained
GCGCGAACGTTCTT-1::pbmc3k,GCGCGAACGTTCTT-1,pbmc3k,donor1,healthy,batch1,639,1661.0,23.0,1.384708,False,False,False,True,0.027413587604290822,False,True,True,retained
GCGCGATGAACGGG-1::pbmc3k,GCGCGATGAACGGG-1,pbmc3k,donor1,healthy,batch1,860,2635.0,26.0,0.9867173,False,False,False,True,0.027413587604290822,False,True,True,retained
GCGCGATGGTGCAT-1::pbmc3k,GCGCGATGGTGCAT-1,pbmc3k,donor1,healthy,batch1,1413,3228.0,106.0,3.283767,False,False,False,True,0.07167235494880546,False,True,True,retained
GCGGAGCTCCTGAA-1::pbmc3k,GCGGAGCTCCTGAA-1,pbmc3k,donor1,healthy,batch1,747,1952.0,30.0,1.5368853,False,False,False,True,0.028816676885346417,False,True,True,retained
GCGGCAACCCGATA-1::pbmc3k,GCGGCAACCCGATA-1,pbmc3k,donor1,healthy,batch1,779,2372.0,25.0,1.0539628,False,False,False,True,0.05206463195691203,False,True,True,retained
GCGGCAACGGAGGT-1::pbmc3k,GCGGCAACGGAGGT-1,pbmc3k,donor1,healthy,batch1,540,1320.0,38.0,2.878788,False,False,False,True,0.027413587604290822,False,True,True,retained
GCGGCAACTGTCGA-1::pbmc3k,GCGGCAACTGTCGA-1,pbmc3k,donor1,healthy,batch1,367,701.0,33.0,4.7075605,False,False,False,True,0.011707710940654016,False,True,True,retained
GCGTAAACACGGTT-1::pbmc3k,GCGTAAACACGGTT-1,pbmc3k,donor1,healthy,batch1,1629,5928.0,127.0,2.1423752,False,False,False,True,0.07692307692307694,False,True,True,retained
GCGTAATGCACCAA-1::pbmc3k,GCGTAATGCACCAA-1,pbmc3k,donor1,healthy,batch1,1380,3970.0,109.0,2.7455919,False,False,False,True,0.04909560723514212,False,True,True,retained
GCGTATGAACACCA-1::pbmc3k,GCGTATGAACACCA-1,pbmc3k,donor1,healthy,batch1,689,2132.0,49.0,2.2983115,False,False,False,True,0.07167235494880546,False,True,True,retained
GCGTATGATGAGAA-1::pbmc3k,GCGTATGATGAGAA-1,pbmc3k,donor1,healthy,batch1,1001,2732.0,27.0,0.98828703,False,False,False,True,0.028816676885346417,False,True,True,retained
GCTACAGAAAGGTA-1::pbmc3k,GCTACAGAAAGGTA-1,pbmc3k,donor1,healthy,batch1,809,2454.0,29.0,1.1817441,False,False,False,True,0.04635761589403972,False,True,True,retained
GCTACAGAATCTTC-1::pbmc3k,GCTACAGAATCTTC-1,pbmc3k,donor1,healthy,batch1,337,648.0,12.0,1.8518518,False,False,False,True,0.031880286271958366,False,True,True,retained
GCTACAGATCTTAC-1::pbmc3k,GCTACAGATCTTAC-1,pbmc3k,donor1,healthy,batch1,734,2112.0,144.0,6.818182,False,False,True,False,,False,False,False,high_mito
GCTACCTGAGAAGT-1::pbmc3k,GCTACCTGAGAAGT-1,pbmc3k,donor1,healthy,batch1,1103,3296.0,148.0,4.490291,False,False,False,True,0.019431988041853514,False,True,True,retained
GCTACCTGATCACG-1::pbmc3k,GCTACCTGATCACG-1,pbmc3k,donor1,healthy,batch1,796,2168.0,23.0,1.0608855,False,False,False,True,0.07167235494880546,False,True,True,retained
GCTACGCTAGAATG-1::pbmc3k,GCTACGCTAGAATG-1,pbmc3k,donor1,healthy,batch1,966,2980.0,125.0,4.194631,False,False,False,True,0.04909560723514212,False,True,True,retained
GCTACGCTAGCTAC-1::pbmc3k,GCTACGCTAGCTAC-1,pbmc3k,donor1,healthy,batch1,782,2110.0,81.0,3.8388624,False,False,False,True,0.10559006211180123,False,True,True,retained
GCTACGCTCCCTAC-1::pbmc3k,GCTACGCTCCCTAC-1,pbmc3k,donor1,healthy,batch1,1018,2759.0,36.0,1.3048205,False,False,False,True,0.07167235494880546,False,True,True,retained
GCTAGAACAGAGGC-1::pbmc3k,GCTAGAACAGAGGC-1,pbmc3k,donor1,healthy,batch1,642,1513.0,25.0,1.6523464,False,False,False,True,0.017610661589719183,False,True,True,retained
GCTAGAACGGATCT-1::pbmc3k,GCTAGAACGGATCT-1,pbmc3k,donor1,healthy,batch1,967,2700.0,59.0,2.1851852,False,False,False,True,0.04909560723514212,False,True,True,retained
GCTAGAACTCCCGT-1::pbmc3k,GCTAGAACTCCCGT-1,pbmc3k,donor1,healthy,batch1,436,1104.0,20.0,1.8115941,False,False,False,True,0.027413587604290822,False,True,True,retained
GCTAGATGAGCTCA-1::pbmc3k,GCTAGATGAGCTCA-1,pbmc3k,donor1,healthy,batch1,826,2305.0,78.0,3.3839478,False,False,False,True,0.041474654377880185,False,True,True,retained
GCTAGATGGCGATT-1::pbmc3k,GCTAGATGGCGATT-1,pbmc3k,donor1,healthy,batch1,779,2016.0,57.0,2.827381,False,False,False,True,0.043824701195219126,False,True,True,retained
GCTATACTAAGGCG-1::pbmc3k,GCTATACTAAGGCG-1,pbmc3k,donor1,healthy,batch1,1000,3088.0,46.0,1.4896374,False,False,False,True,0.08280254777070062,False,True,True,retained
GCTATACTAGCGTT-1::pbmc3k,GCTATACTAGCGTT-1,pbmc3k,donor1,healthy,batch1,601,1509.0,59.0,3.909874,False,False,False,True,0.019431988041853514,False,True,True,retained
GCTATACTCTCTTA-1::pbmc3k,GCTATACTCTCTTA-1,pbmc3k,donor1,healthy,batch1,796,2780.0,55.0,1.9784173,False,False,False,True,0.030303030303030304,False,True,True,retained
GCTATACTGGACGA-1::pbmc3k,GCTATACTGGACGA-1,pbmc3k,donor1,healthy,batch1,945,2824.0,68.0,2.407932,False,False,False,True,0.03534303534303534,False,True,True,retained
GCTCAAGAACCATG-1::pbmc3k,GCTCAAGAACCATG-1,pbmc3k,donor1,healthy,batch1,1679,5557.0,100.0,1.7995322,False,False,False,True,0.2044198895027624,False,True,True,retained
GCTCAAGAAGTCAC-1::pbmc3k,GCTCAAGAAGTCAC-1,pbmc3k,donor1,healthy,batch1,1123,3219.0,76.0,2.3609817,False,False,False,True,0.04909560723514212,False,True,True,retained
GCTCAGCTGTCTAG-1::pbmc3k,GCTCAGCTGTCTAG-1,pbmc3k,donor1,healthy,batch1,596,1683.0,19.0,1.1289364,False,False,False,True,0.028816676885346417,False,True,True,retained
GCTCCATGAGAAGT-1::pbmc3k,GCTCCATGAGAAGT-1,pbmc3k,donor1,healthy,batch1,995,2130.0,30.0,1.4084507,False,False,False,True,0.09696092619392188,False,True,True,retained
GCTCCATGCCGAAT-1::pbmc3k,GCTCCATGCCGAAT-1,pbmc3k,donor1,healthy,batch1,720,1954.0,20.0,1.0235415,False,False,False,True,0.05206463195691203,False,True,True,retained
GCTCGACTCTAGTG-1::pbmc3k,GCTCGACTCTAGTG-1,pbmc3k,donor1,healthy,batch1,588,1418.0,39.0,2.7503526,False,False,False,True,0.006896551724137932,False,True,True,retained
GCTGATGAGGTATC-1::pbmc3k,GCTGATGAGGTATC-1,pbmc3k,donor1,healthy,batch1,759,1908.0,50.0,2.620545,False,False,False,True,0.2044198895027624,False,True,True,retained
GCTTAACTACAGTC-1::pbmc3k,GCTTAACTACAGTC-1,pbmc3k,donor1,healthy,batch1,452,916.0,27.0,2.9475982,False,False,False,True,0.015165031222123105,False,True,True,retained
GCTTAACTACTGGT-1::pbmc3k,GCTTAACTACTGGT-1,pbmc3k,donor1,healthy,batch1,780,1799.0,39.0,2.167871,False,False,False,True,0.020408163265306124,False,True,True,retained
GCTTAACTGCTGAT-1::pbmc3k,GCTTAACTGCTGAT-1,pbmc3k,donor1,healthy,batch1,836,2605.0,13.0,0.4990403,False,False,False,True,0.06695464362850971,False,True,True,retained
GCTTAACTTAGACC-1::pbmc3k,GCTTAACTTAGACC-1,pbmc3k,donor1,healthy,batch1,515,1124.0,44.0,3.9145908,False,False,False,True,0.020408163265306124,False,True,True,retained
GCTTAACTTCAGTG-1::pbmc3k,GCTTAACTTCAGTG-1,pbmc3k,donor1,healthy,batch1,846,2711.0,44.0,1.6230173,False,False,False,True,0.06695464362850971,False,True,True,retained
GGAACACTCACTTT-1::pbmc3k,GGAACACTCACTTT-1,pbmc3k,donor1,healthy,batch1,392,778.0,15.0,1.9280206,False,False,False,True,0.01850048685491723,False,True,True,retained
GGAACACTTCAGAC-1::pbmc3k,GGAACACTTCAGAC-1,pbmc3k,donor1,healthy,batch1,283,628.0,18.0,2.8662422,False,False,False,True,0.08943089430894309,False,True,True,retained
GGAACTACTACTTC-1::pbmc3k,GGAACTACTACTTC-1,pbmc3k,donor1,healthy,batch1,710,1806.0,47.0,2.6024363,False,False,False,True,0.031880286271958366,False,True,True,retained
GGAACTTGAAGGTA-1::pbmc3k,GGAACTTGAAGGTA-1,pbmc3k,donor1,healthy,batch1,1158,3452.0,86.0,2.4913094,False,False,False,True,0.02608695652173913,False,True,True,retained
GGAACTTGAGAATG-1::pbmc3k,GGAACTTGAGAATG-1,pbmc3k,donor1,healthy,batch1,796,2303.0,74.0,3.2132003,False,False,False,True,0.08943089430894309,False,True,True,retained
GGAACTTGCTCCAC-1::pbmc3k,GGAACTTGCTCCAC-1,pbmc3k,donor1,healthy,batch1,895,2406.0,43.0,1.7871987,False,False,False,True,0.02483069977426637,False,True,True,retained
GGAACTTGGGTAGG-1::pbmc3k,GGAACTTGGGTAGG-1,pbmc3k,donor1,healthy,batch1,585,1740.0,76.0,4.367816,False,False,False,True,0.01850048685491723,False,True,True,retained
GGAAGGACATCGGT-1::pbmc3k,GGAAGGACATCGGT-1,pbmc3k,donor1,healthy,batch1,559,1387.0,13.0,0.93727463,False,False,False,True,0.016759776536312852,False,True,True,retained
GGAAGGACCACTAG-1::pbmc3k,GGAAGGACCACTAG-1,pbmc3k,donor1,healthy,batch1,859,2054.0,23.0,1.1197662,False,False,False,True,0.06695464362850971,False,True,True,retained
GGAAGGACGAGGGT-1::pbmc3k,GGAAGGACGAGGGT-1,pbmc3k,donor1,healthy,batch1,879,2881.0,97.0,3.3668864,False,False,False,True,0.10559006211180123,False,True,True,retained
GGAAGGACGCGAAG-1::pbmc3k,GGAAGGACGCGAAG-1,pbmc3k,donor1,healthy,batch1,858,2169.0,43.0,1.9824805,False,False,False,True,0.1155778894472362,False,True,True,retained
GGAAGGTGGCGAGA-1::pbmc3k,GGAAGGTGGCGAGA-1,pbmc3k,donor1,healthy,batch1,842,1633.0,38.0,2.3270056,False,False,False,True,0.008849557522123895,False,True,True,retained
GGAATCTGAAGGGC-1::pbmc3k,GGAATCTGAAGGGC-1,pbmc3k,donor1,healthy,batch1,643,1734.0,37.0,2.1337948,False,False,False,True,0.05529522024367387,False,True,True,retained
GGAATCTGAGGAGC-1::pbmc3k,GGAATCTGAGGAGC-1,pbmc3k,donor1,healthy,batch1,1308,3501.0,42.0,1.1996573,False,False,False,True,0.04635761589403972,False,True,True,retained
GGAATCTGCTTAGG-1::pbmc3k,GGAATCTGCTTAGG-1,pbmc3k,donor1,healthy,batch1,595,1513.0,35.0,2.3132849,False,False,False,True,0.017610661589719183,False,True,True,retained
GGAATCTGCTTGTT-1::pbmc3k,GGAATCTGCTTGTT-1,pbmc3k,donor1,healthy,batch1,1181,3350.0,163.0,4.8656716,False,False,False,True,0.020408163265306124,False,True,True,retained
GGAATCTGGGAGGT-1::pbmc3k,GGAATCTGGGAGGT-1,pbmc3k,donor1,healthy,batch1,909,2668.0,21.0,0.78710645,False,False,False,True,0.028816676885346417,False,True,True,retained
GGAATGCTTTCTAC-1::pbmc3k,GGAATGCTTTCTAC-1,pbmc3k,donor1,healthy,batch1,710,2254.0,34.0,1.5084294,False,False,False,True,0.041474654377880185,False,True,True,retained
GGACAGGAAAGGGC-1::pbmc3k,GGACAGGAAAGGGC-1,pbmc3k,donor1,healthy,batch1,821,2177.0,83.0,3.812586,False,False,False,True,0.04909560723514212,False,True,True,retained
GGACAGGAGTGCTA-1::pbmc3k,GGACAGGAGTGCTA-1,pbmc3k,donor1,healthy,batch1,817,2028.0,49.0,2.4161735,False,False,False,True,0.016759776536312852,False,True,True,retained
GGACAGGATCTCGC-1::pbmc3k,GGACAGGATCTCGC-1,pbmc3k,donor1,healthy,batch1,841,2191.0,27.0,1.232314,False,False,False,True,0.04635761589403972,False,True,True,retained
GGACCCGAAGCTAC-1::pbmc3k,GGACCCGAAGCTAC-1,pbmc3k,donor1,healthy,batch1,1197,3323.0,54.0,1.6250376,False,False,False,True,0.027413587604290822,False,True,True,retained
GGACCGTGCTTACT-1::pbmc3k,GGACCGTGCTTACT-1,pbmc3k,donor1,healthy,batch1,640,1555.0,17.0,1.0932477,False,False,False,True,0.027413587604290822,False,True,True,retained
GGACCGTGGGAACG-1::pbmc3k,GGACCGTGGGAACG-1,pbmc3k,donor1,healthy,batch1,1425,4455.0,125.0,2.8058362,False,False,False,True,0.04909560723514212,False,True,True,retained
GGACCGTGTAACGC-1::pbmc3k,GGACCGTGTAACGC-1,pbmc3k,donor1,healthy,batch1,947,2914.0,66.0,2.2649279,False,False,False,True,0.08280254777070062,False,True,True,retained
GGACCTCTGTAAGA-1::pbmc3k,GGACCTCTGTAAGA-1,pbmc3k,donor1,healthy,batch1,900,2399.0,78.0,3.2513547,False,False,False,True,0.01109350237717908,False,True,True,retained
GGACCTCTTTTCTG-1::pbmc3k,GGACCTCTTTTCTG-1,pbmc3k,donor1,healthy,batch1,852,2024.0,62.0,3.063241,False,False,False,True,0.058823529411764705,False,True,True,retained
GGACGAGAGTGTCA-1::pbmc3k,GGACGAGAGTGTCA-1,pbmc3k,donor1,healthy,batch1,460,930.0,24.0,2.580645,False,False,False,True,0.02483069977426637,False,True,True,retained
GGACGCTGACGCAT-1::pbmc3k,GGACGCTGACGCAT-1,pbmc3k,donor1,healthy,batch1,1100,3051.0,87.0,2.851524,False,False,False,True,0.058823529411764705,False,True,True,retained
GGACGCTGCTAGCA-1::pbmc3k,GGACGCTGCTAGCA-1,pbmc3k,donor1,healthy,batch1,824,3129.0,62.0,1.9814637,False,False,False,True,0.05206463195691203,False,True,True,retained
GGACGCTGTCCTCG-1::pbmc3k,GGACGCTGTCCTCG-1,pbmc3k,donor1,healthy,batch1,780,1529.0,21.0,1.3734467,False,False,False,True,0.01109350237717908,False,True,True,retained
GGAGAGACGTGAGG-1::pbmc3k,GGAGAGACGTGAGG-1,pbmc3k,donor1,healthy,batch1,932,2677.0,43.0,1.6062757,False,False,False,True,0.34841628959276005,True,True,False,predicted_doublet
GGAGCAGATTCAGG-1::pbmc3k,GGAGCAGATTCAGG-1,pbmc3k,donor1,healthy,batch1,542,1324.0,36.0,2.7190332,False,False,False,True,0.4482758620689657,True,True,False,predicted_doublet
GGAGCCACCTTCTA-1::pbmc3k,GGAGCCACCTTCTA-1,pbmc3k,donor1,healthy,batch1,1137,3351.0,53.0,1.5816175,False,False,False,True,0.09696092619392188,False,True,True,retained
GGAGCGCTACGCAT-1::pbmc3k,GGAGCGCTACGCAT-1,pbmc3k,donor1,healthy,batch1,1225,3766.0,56.0,1.4869888,False,False,False,True,0.021432305279665442,False,True,True,retained
GGAGCGCTCCGAAT-1::pbmc3k,GGAGCGCTCCGAAT-1,pbmc3k,donor1,healthy,batch1,997,3246.0,38.0,1.1706716,False,False,False,True,0.09696092619392188,False,True,True,retained
GGAGGATGCCACCT-1::pbmc3k,GGAGGATGCCACCT-1,pbmc3k,donor1,healthy,batch1,572,1585.0,15.0,0.9463723,False,False,False,True,0.022508038585209007,False,True,True,retained
GGAGGATGGTTGAC-1::pbmc3k,GGAGGATGGTTGAC-1,pbmc3k,donor1,healthy,batch1,780,1792.0,36.0,2.0089285,False,False,False,True,0.04635761589403972,False,True,True,retained
GGAGGATGTCAGTG-1::pbmc3k,GGAGGATGTCAGTG-1,pbmc3k,donor1,healthy,batch1,765,2009.0,47.0,2.3394725,False,False,False,True,0.020408163265306124,False,True,True,retained
GGAGGCCTCGTTGA-1::pbmc3k,GGAGGCCTCGTTGA-1,pbmc3k,donor1,healthy,batch1,906,1941.0,31.0,1.5971148,False,False,False,True,0.02363936228697086,False,True,True,retained
GGAGGCCTTTCTTG-1::pbmc3k,GGAGGCCTTTCTTG-1,pbmc3k,donor1,healthy,batch1,793,2408.0,51.0,2.1179402,False,False,False,True,0.041474654377880185,False,True,True,retained
GGAGGTGATACGCA-1::pbmc3k,GGAGGTGATACGCA-1,pbmc3k,donor1,healthy,batch1,753,2326.0,51.0,2.1926053,False,False,False,True,0.04635761589403972,False,True,True,retained
GGAGGTGATCGCTC-1::pbmc3k,GGAGGTGATCGCTC-1,pbmc3k,donor1,healthy,batch1,772,1813.0,35.0,1.9305018,False,False,False,True,0.03534303534303534,False,True,True,retained
GGATACTGCAGCTA-1::pbmc3k,GGATACTGCAGCTA-1,pbmc3k,donor1,healthy,batch1,854,2652.0,46.0,1.7345401,False,False,False,True,0.058823529411764705,False,True,True,retained
GGATACTGTCTAGG-1::pbmc3k,GGATACTGTCTAGG-1,pbmc3k,donor1,healthy,batch1,936,2715.0,37.0,1.3627993,False,False,False,True,0.04909560723514212,False,True,True,retained
GGATAGCTCGTCTC-1::pbmc3k,GGATAGCTCGTCTC-1,pbmc3k,donor1,healthy,batch1,1048,3054.0,56.0,1.8336607,False,False,False,True,0.04635761589403972,False,True,True,retained
GGATAGCTCTGAAC-1::pbmc3k,GGATAGCTCTGAAC-1,pbmc3k,donor1,healthy,batch1,819,2053.0,64.0,3.1173892,False,False,False,True,0.14115308151093434,False,True,True,retained
GGATGTACCAAAGA-1::pbmc3k,GGATGTACCAAAGA-1,pbmc3k,donor1,healthy,batch1,645,1887.0,31.0,1.6428193,False,False,False,True,0.01850048685491723,False,True,True,retained
GGATGTACGCGAAG-1::pbmc3k,GGATGTACGCGAAG-1,pbmc3k,donor1,healthy,batch1,619,1595.0,25.0,1.5673982,False,False,False,True,0.02608695652173913,False,True,True,retained
GGATGTACGTCTTT-1::pbmc3k,GGATGTACGTCTTT-1,pbmc3k,donor1,healthy,batch1,314,562.0,17.0,3.024911,False,False,False,True,0.020408163265306124,False,True,True,retained
GGATGTACGTGTCA-1::pbmc3k,GGATGTACGTGTCA-1,pbmc3k,donor1,healthy,batch1,726,1638.0,52.0,3.1746035,False,False,False,True,0.03534303534303534,False,True,True,retained
GGATTTCTAGGTTC-1::pbmc3k,GGATTTCTAGGTTC-1,pbmc3k,donor1,healthy,batch1,737,1902.0,44.0,2.3133545,False,False,False,True,0.02483069977426637,False,True,True,retained
GGATTTCTTTGTCT-1::pbmc3k,GGATTTCTTTGTCT-1,pbmc3k,donor1,healthy,batch1,1162,3345.0,65.0,1.9431988,False,False,False,True,0.031880286271958366,False,True,True,retained
GGCAAGGAAAAAGC-1::pbmc3k,GGCAAGGAAAAAGC-1,pbmc3k,donor1,healthy,batch1,1081,2377.0,51.0,2.1455617,False,False,False,True,0.015165031222123105,False,True,True,retained
GGCAAGGAAGAAGT-1::pbmc3k,GGCAAGGAAGAAGT-1,pbmc3k,donor1,healthy,batch1,868,2711.0,48.0,1.7705643,False,False,False,True,0.027413587604290822,False,True,True,retained
GGCAAGGACTTGGA-1::pbmc3k,GGCAAGGACTTGGA-1,pbmc3k,donor1,healthy,batch1,1032,3094.0,69.0,2.2301228,False,False,False,True,0.037249283667621785,False,True,True,retained
GGCAAGGAGGACTT-1::pbmc3k,GGCAAGGAGGACTT-1,pbmc3k,donor1,healthy,batch1,913,2909.0,46.0,1.5812995,False,False,False,True,0.05529522024367387,False,True,True,retained
GGCAATACGCTAAC-1::pbmc3k,GGCAATACGCTAAC-1,pbmc3k,donor1,healthy,batch1,476,1078.0,35.0,3.2467532,False,False,False,True,0.013008812421317668,False,True,True,retained
GGCAATACGGCATT-1::pbmc3k,GGCAATACGGCATT-1,pbmc3k,donor1,healthy,batch1,490,1109.0,27.0,2.4346259,False,False,False,True,0.021432305279665442,False,True,True,retained
GGCAATACGTTTCT-1::pbmc3k,GGCAATACGTTTCT-1,pbmc3k,donor1,healthy,batch1,799,2079.0,46.0,2.2126024,False,False,False,True,0.011707710940654016,False,True,True,retained
GGCACGTGGCTTAG-1::pbmc3k,GGCACGTGGCTTAG-1,pbmc3k,donor1,healthy,batch1,1201,3600.0,48.0,1.3333334,False,False,False,True,0.020408163265306124,False,True,True,retained
GGCACGTGTGAGAA-1::pbmc3k,GGCACGTGTGAGAA-1,pbmc3k,donor1,healthy,batch1,2694,10359.0,182.0,1.7569263,False,True,False,False,,False,False,False,high_genes
GGCACTCTTTTGTC-1::pbmc3k,GGCACTCTTTTGTC-1,pbmc3k,donor1,healthy,batch1,997,2545.0,30.0,1.178782,False,False,False,True,0.041474654377880185,False,True,True,retained
GGCATATGCTTATC-1::pbmc3k,GGCATATGCTTATC-1,pbmc3k,donor1,healthy,batch1,898,1940.0,29.0,1.4948454,False,False,False,True,0.08943089430894309,False,True,True,retained
GGCATATGGGGAGT-1::pbmc3k,GGCATATGGGGAGT-1,pbmc3k,donor1,healthy,batch1,212,575.0,7.0,1.2173914,False,False,False,True,0.08280254777070062,False,True,True,retained
GGCATATGTGTGAC-1::pbmc3k,GGCATATGTGTGAC-1,pbmc3k,donor1,healthy,batch1,1586,5305.0,144.0,2.7144203,False,False,False,True,0.058823529411764705,False,True,True,retained
GGCCACGACAGAGG-1::pbmc3k,GGCCACGACAGAGG-1,pbmc3k,donor1,healthy,batch1,427,891.0,27.0,3.030303,False,False,False,True,0.02483069977426637,False,True,True,retained
GGCCAGACTGGTTG-1::pbmc3k,GGCCAGACTGGTTG-1,pbmc3k,donor1,healthy,batch1,947,2564.0,43.0,1.677067,False,False,False,True,0.04909560723514212,False,True,True,retained
GGCCCAGAAAGTAG-1::pbmc3k,GGCCCAGAAAGTAG-1,pbmc3k,donor1,healthy,batch1,937,2686.0,29.0,1.0796723,False,False,False,True,0.01234567901234568,False,True,True,retained
GGCCGAACAACGAA-1::pbmc3k,GGCCGAACAACGAA-1,pbmc3k,donor1,healthy,batch1,724,2354.0,61.0,2.5913339,False,False,False,True,0.05206463195691203,False,True,True,retained
GGCCGAACGCAGAG-1::pbmc3k,GGCCGAACGCAGAG-1,pbmc3k,donor1,healthy,batch1,380,837.0,30.0,3.5842295,False,False,False,True,0.041474654377880185,False,True,True,retained
GGCCGAACGTAGGG-1::pbmc3k,GGCCGAACGTAGGG-1,pbmc3k,donor1,healthy,batch1,715,1809.0,38.0,2.100608,False,False,False,True,0.03928836174944403,False,True,True,retained
GGCCGAACTCTAGG-1::pbmc3k,GGCCGAACTCTAGG-1,pbmc3k,donor1,healthy,batch1,739,1494.0,9.0,0.6024096,False,False,False,True,0.017610661589719183,False,True,True,retained
GGCCGATGCAGGAG-1::pbmc3k,GGCCGATGCAGGAG-1,pbmc3k,donor1,healthy,batch1,931,2878.0,41.0,1.4246005,False,False,False,True,0.05206463195691203,False,True,True,retained
GGCCGATGCCGAAT-1::pbmc3k,GGCCGATGCCGAAT-1,pbmc3k,donor1,healthy,batch1,973,2616.0,35.0,1.3379205,False,False,False,True,0.06269270298047275,False,True,True,retained
GGCCGATGTACTCT-1::pbmc3k,GGCCGATGTACTCT-1,pbmc3k,donor1,healthy,batch1,773,2608.0,63.0,2.4156442,False,False,False,True,0.07692307692307694,False,True,True,retained
GGCGACACTGCCCT-1::pbmc3k,GGCGACACTGCCCT-1,pbmc3k,donor1,healthy,batch1,1497,4441.0,78.0,1.7563611,False,False,False,True,0.17848410757946198,False,True,True,retained
GGCGACTGCGTAAC-1::pbmc3k,GGCGACTGCGTAAC-1,pbmc3k,donor1,healthy,batch1,906,2524.0,18.0,0.7131537,False,False,False,True,0.10559006211180123,False,True,True,retained
GGCGCATGCCTAAG-1::pbmc3k,GGCGCATGCCTAAG-1,pbmc3k,donor1,healthy,batch1,798,2096.0,43.0,2.0515268,False,False,False,True,0.02608695652173913,False,True,True,retained
GGCGCATGCTCCAC-1::pbmc3k,GGCGCATGCTCCAC-1,pbmc3k,donor1,healthy,batch1,953,2535.0,18.0,0.71005917,False,False,False,True,0.04909560723514212,False,True,True,retained
GGCGCATGTGGAAA-1::pbmc3k,GGCGCATGTGGAAA-1,pbmc3k,donor1,healthy,batch1,471,1201.0,8.0,0.6661116,False,False,False,True,0.028816676885346417,False,True,True,retained
GGCGGACTAGAGGC-1::pbmc3k,GGCGGACTAGAGGC-1,pbmc3k,donor1,healthy,batch1,821,1760.0,30.0,1.7045455,False,False,False,True,0.08280254777070062,False,True,True,retained
GGCGGACTAGGAGC-1::pbmc3k,GGCGGACTAGGAGC-1,pbmc3k,donor1,healthy,batch1,806,1975.0,33.0,1.670886,False,False,False,True,0.1155778894472362,False,True,True,retained
GGCGGACTCTGACA-1::pbmc3k,GGCGGACTCTGACA-1,pbmc3k,donor1,healthy,batch1,714,2076.0,31.0,1.4932562,False,False,False,True,0.03534303534303534,False,True,True,retained
GGCGGACTCTTGGA-1::pbmc3k,GGCGGACTCTTGGA-1,pbmc3k,donor1,healthy,batch1,828,1934.0,65.0,3.36091,False,False,False,True,0.02608695652173913,False,True,True,retained
GGCGGACTTACTGG-1::pbmc3k,GGCGGACTTACTGG-1,pbmc3k,donor1,healthy,batch1,727,2404.0,76.0,3.1613975,False,False,False,True,0.04909560723514212,False,True,True,retained
GGCGGACTTGAACC-1::pbmc3k,GGCGGACTTGAACC-1,pbmc3k,donor1,healthy,batch1,773,2112.0,34.0,1.6098485,False,False,False,True,0.06695464362850971,False,True,True,retained
GGCTAAACACCTGA-1::pbmc3k,GGCTAAACACCTGA-1,pbmc3k,donor1,healthy,batch1,976,2434.0,13.0,0.53410023,False,False,False,True,0.030303030303030304,False,True,True,retained
GGCTAAACTCTTAC-1::pbmc3k,GGCTAAACTCTTAC-1,pbmc3k,donor1,healthy,batch1,856,2667.0,45.0,1.687289,False,False,False,True,0.04909560723514212,False,True,True,retained
GGCTAATGAGCACT-1::pbmc3k,GGCTAATGAGCACT-1,pbmc3k,donor1,healthy,batch1,727,1650.0,31.0,1.878788,False,False,False,True,0.02483069977426637,False,True,True,retained
GGCTAATGGTCTAG-1::pbmc3k,GGCTAATGGTCTAG-1,pbmc3k,donor1,healthy,batch1,761,2255.0,47.0,2.0842574,False,False,False,True,0.037249283667621785,False,True,True,retained
GGCTCACTACTCAG-1::pbmc3k,GGCTCACTACTCAG-1,pbmc3k,donor1,healthy,batch1,1084,3516.0,67.0,1.9055744,False,False,False,True,0.015945330296127564,False,True,True,retained
GGGAACGAAGCTCA-1::pbmc3k,GGGAACGAAGCTCA-1,pbmc3k,donor1,healthy,batch1,1557,4322.0,108.0,2.4988432,False,False,False,True,0.015945330296127564,False,True,True,retained
GGGAACGACACAAC-1::pbmc3k,GGGAACGACACAAC-1,pbmc3k,donor1,healthy,batch1,693,1713.0,32.0,1.8680677,False,False,False,True,0.037249283667621785,False,True,True,retained
GGGAACGAGTGTCA-1::pbmc3k,GGGAACGAGTGTCA-1,pbmc3k,donor1,healthy,batch1,559,1149.0,26.0,2.2628372,False,False,False,True,0.03928836174944403,False,True,True,retained
GGGAAGTGTTGAGC-1::pbmc3k,GGGAAGTGTTGAGC-1,pbmc3k,donor1,healthy,batch1,627,1555.0,67.0,4.3086815,False,False,False,True,0.027413587604290822,False,True,True,retained
GGGACCACACGTTG-1::pbmc3k,GGGACCACACGTTG-1,pbmc3k,donor1,healthy,batch1,795,1863.0,49.0,2.6301663,False,False,False,True,0.014416775884665795,False,True,True,retained
GGGACCACAGAACA-1::pbmc3k,GGGACCACAGAACA-1,pbmc3k,donor1,healthy,batch1,750,2091.0,49.0,2.3433764,False,False,False,True,0.037249283667621785,False,True,True,retained
GGGACCACGAATAG-1::pbmc3k,GGGACCACGAATAG-1,pbmc3k,donor1,healthy,batch1,838,2385.0,30.0,1.2578616,False,False,False,True,0.04635761589403972,False,True,True,retained
GGGACCACGTCATG-1::pbmc3k,GGGACCACGTCATG-1,pbmc3k,donor1,healthy,batch1,803,2564.0,53.0,2.0670826,False,False,False,True,0.027413587604290822,False,True,True,retained
GGGACCACTCAAGC-1::pbmc3k,GGGACCACTCAAGC-1,pbmc3k,donor1,healthy,batch1,453,1064.0,18.0,1.6917294,False,False,False,True,0.04635761589403972,False,True,True,retained
GGGACCACTCGTGA-1::pbmc3k,GGGACCACTCGTGA-1,pbmc3k,donor1,healthy,batch1,734,2291.0,52.0,2.2697513,False,False,False,True,0.10559006211180123,False,True,True,retained
GGGACCACTGCATG-1::pbmc3k,GGGACCACTGCATG-1,pbmc3k,donor1,healthy,batch1,607,1933.0,33.0,1.7071909,False,False,False,True,0.043824701195219126,False,True,True,retained
GGGACCTGACCCTC-1::pbmc3k,GGGACCTGACCCTC-1,pbmc3k,donor1,healthy,batch1,1029,3080.0,54.0,1.7532468,False,False,False,True,0.019431988041853514,False,True,True,retained
GGGACCTGCTTGCC-1::pbmc3k,GGGACCTGCTTGCC-1,pbmc3k,donor1,healthy,batch1,805,2340.0,46.0,1.9658121,False,False,False,True,0.07692307692307694,False,True,True,retained
GGGACCTGTGGAGG-1::pbmc3k,GGGACCTGTGGAGG-1,pbmc3k,donor1,healthy,batch1,669,1762.0,57.0,3.23496,False,False,False,True,0.016759776536312852,False,True,True,retained
GGGATGGACGACAT-1::pbmc3k,GGGATGGACGACAT-1,pbmc3k,donor1,healthy,batch1,505,1309.0,14.0,1.0695187,False,False,False,True,0.03355704697986577,False,True,True,retained
GGGATGGATACTTC-1::pbmc3k,GGGATGGATACTTC-1,pbmc3k,donor1,healthy,batch1,858,2272.0,63.0,2.7728872,False,False,False,True,0.06269270298047275,False,True,True,retained
GGGATGGATGGTTG-1::pbmc3k,GGGATGGATGGTTG-1,pbmc3k,donor1,healthy,batch1,832,2068.0,49.0,2.3694391,False,False,False,True,0.03534303534303534,False,True,True,retained
GGGATTACGTCTAG-1::pbmc3k,GGGATTACGTCTAG-1,pbmc3k,donor1,healthy,batch1,1019,3001.0,56.0,1.8660446,False,False,False,True,0.04909560723514212,False,True,True,retained
GGGCAAGATGCATG-1::pbmc3k,GGGCAAGATGCATG-1,pbmc3k,donor1,healthy,batch1,585,1424.0,34.0,2.3876405,False,False,False,True,0.009380863039399626,False,True,True,retained
GGGCACACGGTGAG-1::pbmc3k,GGGCACACGGTGAG-1,pbmc3k,donor1,healthy,batch1,1225,4258.0,147.0,3.4523249,False,False,False,True,0.17848410757946198,False,True,True,retained
GGGCACACGTTGCA-1::pbmc3k,GGGCACACGTTGCA-1,pbmc3k,donor1,healthy,batch1,1287,4082.0,85.0,2.0823126,False,False,False,True,0.06269270298047275,False,True,True,retained
GGGCAGCTTGGGAG-1::pbmc3k,GGGCAGCTTGGGAG-1,pbmc3k,donor1,healthy,batch1,903,2246.0,55.0,2.4487977,False,False,False,True,0.15789473684210528,False,True,True,retained
GGGCAGCTTTTCTG-1::pbmc3k,GGGCAGCTTTTCTG-1,pbmc3k,donor1,healthy,batch1,752,2333.0,37.0,1.5859408,False,False,False,True,0.02608695652173913,False,True,True,retained
GGGCCAACCTTGGA-1::pbmc3k,GGGCCAACCTTGGA-1,pbmc3k,donor1,healthy,batch1,2020,8424.0,89.0,1.0565052,False,False,False,True,0.058823529411764705,False,True,True,retained
GGGCCAACGCGTTA-1::pbmc3k,GGGCCAACGCGTTA-1,pbmc3k,donor1,healthy,batch1,774,2178.0,56.0,2.571166,False,False,False,True,0.037249283667621785,False,True,True,retained
GGGCCAACTACGCA-1::pbmc3k,GGGCCAACTACGCA-1,pbmc3k,donor1,healthy,batch1,666,1435.0,37.0,2.5783973,False,False,False,True,0.03355704697986577,False,True,True,retained
GGGCCAACTCCAAG-1::pbmc3k,GGGCCAACTCCAAG-1,pbmc3k,donor1,healthy,batch1,843,2440.0,45.0,1.8442624,False,False,False,True,0.028816676885346417,False,True,True,retained
GGGCCATGATGGTC-1::pbmc3k,GGGCCATGATGGTC-1,pbmc3k,donor1,healthy,batch1,857,2486.0,83.0,3.3386967,False,False,False,True,0.06695464362850971,False,True,True,retained
GGGCCATGTTGACG-1::pbmc3k,GGGCCATGTTGACG-1,pbmc3k,donor1,healthy,batch1,887,2262.0,37.0,1.6357206,False,False,False,True,0.05206463195691203,False,True,True,retained
GGGTAACTCAGCTA-1::pbmc3k,GGGTAACTCAGCTA-1,pbmc3k,donor1,healthy,batch1,1082,3430.0,71.0,2.0699708,False,False,False,True,0.043824701195219126,False,True,True,retained
GGGTAACTCTAGTG-1::pbmc3k,GGGTAACTCTAGTG-1,pbmc3k,donor1,healthy,batch1,656,1773.0,27.0,1.5228426,False,False,False,True,0.013698630136986302,False,True,True,retained
GGGTAACTCTGGAT-1::pbmc3k,GGGTAACTCTGGAT-1,pbmc3k,donor1,healthy,batch1,674,1948.0,38.0,1.9507186,False,False,False,True,0.05529522024367387,False,True,True,retained
GGGTTAACGTGCAT-1::pbmc3k,GGGTTAACGTGCAT-1,pbmc3k,donor1,healthy,batch1,911,1815.0,30.0,1.6528925,False,False,False,True,0.02483069977426637,False,True,True,retained
GGTAAAGAGCTAAC-1::pbmc3k,GGTAAAGAGCTAAC-1,pbmc3k,donor1,healthy,batch1,734,1614.0,51.0,3.1598513,False,False,False,True,0.015165031222123105,False,True,True,retained
GGTACAACTGCAAC-1::pbmc3k,GGTACAACTGCAAC-1,pbmc3k,donor1,healthy,batch1,910,2655.0,18.0,0.6779661,False,False,False,True,0.043824701195219126,False,True,True,retained
GGTACATGAAAGCA-1::pbmc3k,GGTACATGAAAGCA-1,pbmc3k,donor1,healthy,batch1,672,1699.0,37.0,2.1777515,False,False,False,True,0.015165031222123105,False,True,True,retained
GGTACATGAGCTCA-1::pbmc3k,GGTACATGAGCTCA-1,pbmc3k,donor1,healthy,batch1,802,1753.0,16.0,0.9127211,False,False,False,True,0.058823529411764705,False,True,True,retained
GGTACATGCGGTAT-1::pbmc3k,GGTACATGCGGTAT-1,pbmc3k,donor1,healthy,batch1,539,1373.0,24.0,1.747997,False,False,False,True,0.028816676885346417,False,True,True,retained
GGTACATGGTTACG-1::pbmc3k,GGTACATGGTTACG-1,pbmc3k,donor1,healthy,batch1,699,1930.0,28.0,1.4507773,False,False,False,True,0.037249283667621785,False,True,True,retained
GGTACATGTGGGAG-1::pbmc3k,GGTACATGTGGGAG-1,pbmc3k,donor1,healthy,batch1,941,2747.0,64.0,2.3298144,False,False,False,True,0.058823529411764705,False,True,True,retained
GGTACTGAACTCTT-1::pbmc3k,GGTACTGAACTCTT-1,pbmc3k,donor1,healthy,batch1,828,2050.0,58.0,2.8292682,False,False,False,True,0.008336353751359188,False,True,True,retained
GGTAGTACACCACA-1::pbmc3k,GGTAGTACACCACA-1,pbmc3k,donor1,healthy,batch1,800,2290.0,60.0,2.6200874,False,False,False,True,0.08943089430894309,False,True,True,retained
GGTAGTACACTAGC-1::pbmc3k,GGTAGTACACTAGC-1,pbmc3k,donor1,healthy,batch1,642,1655.0,50.0,3.021148,False,False,False,True,0.013698630136986302,False,True,True,retained
GGTAGTACCCTGTC-1::pbmc3k,GGTAGTACCCTGTC-1,pbmc3k,donor1,healthy,batch1,733,2091.0,41.0,1.9607844,False,False,False,True,0.03355704697986577,False,True,True,retained
GGTAGTACGCCATA-1::pbmc3k,GGTAGTACGCCATA-1,pbmc3k,donor1,healthy,batch1,607,1347.0,21.0,1.55902,False,False,False,True,0.015165031222123105,False,True,True,retained
GGTAGTACTGTCTT-1::pbmc3k,GGTAGTACTGTCTT-1,pbmc3k,donor1,healthy,batch1,992,2748.0,34.0,1.2372634,False,False,False,True,0.12727272727272732,False,True,True,retained
GGTATCGAGACAAA-1::pbmc3k,GGTATCGAGACAAA-1,pbmc3k,donor1,healthy,batch1,379,809.0,15.0,1.8541409,False,False,False,True,0.15789473684210528,False,True,True,retained
GGTATCGATGAACC-1::pbmc3k,GGTATCGATGAACC-1,pbmc3k,donor1,healthy,batch1,562,1508.0,31.0,2.055703,False,False,False,True,0.015165031222123105,False,True,True,retained
GGTCAAACCAAAGA-1::pbmc3k,GGTCAAACCAAAGA-1,pbmc3k,donor1,healthy,batch1,847,2392.0,27.0,1.1287626,False,False,False,True,0.05206463195691203,False,True,True,retained
GGTCTAGAGAAACA-1::pbmc3k,GGTCTAGAGAAACA-1,pbmc3k,donor1,healthy,batch1,787,2333.0,66.0,2.8289757,False,False,False,True,0.020408163265306124,False,True,True,retained
GGTCTAGATAGCGT-1::pbmc3k,GGTCTAGATAGCGT-1,pbmc3k,donor1,healthy,batch1,1461,4661.0,56.0,1.2014589,False,False,False,True,0.03928836174944403,False,True,True,retained
GGTGATACCGACTA-1::pbmc3k,GGTGATACCGACTA-1,pbmc3k,donor1,healthy,batch1,732,1698.0,42.0,2.4734983,False,False,False,True,0.011707710940654016,False,True,True,retained
GGTGATACGACTAC-1::pbmc3k,GGTGATACGACTAC-1,pbmc3k,donor1,healthy,batch1,941,2717.0,39.0,1.4354067,False,False,False,True,0.013008812421317668,False,True,True,retained
GGTGATACTGTTTC-1::pbmc3k,GGTGATACTGTTTC-1,pbmc3k,donor1,healthy,batch1,785,2084.0,25.0,1.1996161,False,False,False,True,0.02483069977426637,False,True,True,retained
GGTGGAGAAACGGG-1::pbmc3k,GGTGGAGAAACGGG-1,pbmc3k,donor1,healthy,batch1,696,1397.0,24.0,1.717967,False,False,False,True,0.041474654377880185,False,True,True,retained
GGTGGAGAAGTAGA-1::pbmc3k,GGTGGAGAAGTAGA-1,pbmc3k,donor1,healthy,batch1,795,1898.0,32.0,1.6859852,False,False,False,True,0.05206463195691203,False,True,True,retained
GGTGGAGACAGATC-1::pbmc3k,GGTGGAGACAGATC-1,pbmc3k,donor1,healthy,batch1,809,1440.0,29.0,2.0138888,False,False,False,True,0.03534303534303534,False,True,True,retained
GGTGGAGATCGATG-1::pbmc3k,GGTGGAGATCGATG-1,pbmc3k,donor1,healthy,batch1,828,2297.0,48.0,2.089682,False,False,False,True,0.041474654377880185,False,True,True,retained
GGTGGAGATCTCTA-1::pbmc3k,GGTGGAGATCTCTA-1,pbmc3k,donor1,healthy,batch1,651,1836.0,45.0,2.4509804,False,False,False,True,0.007840342124019958,False,True,True,retained
GGTGGAGATTACTC-1::pbmc3k,GGTGGAGATTACTC-1,pbmc3k,donor1,healthy,batch1,882,2454.0,25.0,1.018745,False,False,False,True,0.04909560723514212,False,True,True,retained
GGTTTACTACGCAT-1::pbmc3k,GGTTTACTACGCAT-1,pbmc3k,donor1,healthy,batch1,972,2346.0,53.0,2.2591646,False,False,False,True,0.04635761589403972,False,True,True,retained
GTAACGTGACCTCC-1::pbmc3k,GTAACGTGACCTCC-1,pbmc3k,donor1,healthy,batch1,1323,4523.0,81.0,1.7908467,False,False,False,True,0.031880286271958366,False,True,True,retained
GTAACGTGATCGGT-1::pbmc3k,GTAACGTGATCGGT-1,pbmc3k,donor1,healthy,batch1,679,1887.0,46.0,2.4377317,False,False,False,True,0.013698630136986302,False,True,True,retained
GTAACGTGCAGCTA-1::pbmc3k,GTAACGTGCAGCTA-1,pbmc3k,donor1,healthy,batch1,774,2109.0,34.0,1.6121384,False,False,False,True,0.009931245225362874,False,True,True,retained
GTAACGTGGTTGAC-1::pbmc3k,GTAACGTGGTTGAC-1,pbmc3k,donor1,healthy,batch1,784,2307.0,48.0,2.080624,False,False,False,True,0.04635761589403972,False,True,True,retained
GTAAGCACAACGGG-1::pbmc3k,GTAAGCACAACGGG-1,pbmc3k,donor1,healthy,batch1,766,2030.0,17.0,0.83743846,False,False,False,True,0.043824701195219126,False,True,True,retained
GTAAGCACTCATTC-1::pbmc3k,GTAAGCACTCATTC-1,pbmc3k,donor1,healthy,batch1,520,1138.0,24.0,2.108963,False,False,False,True,0.02483069977426637,False,True,True,retained
GTAAGCTGGTACCA-1::pbmc3k,GTAAGCTGGTACCA-1,pbmc3k,donor1,healthy,batch1,671,1450.0,42.0,2.8965518,False,False,False,True,0.015165031222123105,False,True,True,retained
GTAATAACCTTCTA-1::pbmc3k,GTAATAACCTTCTA-1,pbmc3k,donor1,healthy,batch1,796,2208.0,79.0,3.5778985,False,False,False,True,0.013008812421317668,False,True,True,retained
GTAATAACGTTGTG-1::pbmc3k,GTAATAACGTTGTG-1,pbmc3k,donor1,healthy,batch1,644,2118.0,54.0,2.549575,False,False,False,True,0.04909560723514212,False,True,True,retained
GTACCCTGACAGTC-1::pbmc3k,GTACCCTGACAGTC-1,pbmc3k,donor1,healthy,batch1,1549,5050.0,81.0,1.6039604,False,False,False,True,0.011707710940654016,False,True,True,retained
GTACCCTGGAGCTT-1::pbmc3k,GTACCCTGGAGCTT-1,pbmc3k,donor1,healthy,batch1,756,2350.0,39.0,1.6595745,False,False,False,True,0.02608695652173913,False,True,True,retained
GTACCCTGTCCTTA-1::pbmc3k,GTACCCTGTCCTTA-1,pbmc3k,donor1,healthy,batch1,723,1631.0,30.0,1.8393623,False,False,False,True,0.02608695652173913,False,True,True,retained
GTACCCTGTGAACC-1::pbmc3k,GTACCCTGTGAACC-1,pbmc3k,donor1,healthy,batch1,788,2511.0,62.0,2.4691358,False,False,False,True,0.05206463195691203,False,True,True,retained
GTACGTGAACGTTG-1::pbmc3k,GTACGTGAACGTTG-1,pbmc3k,donor1,healthy,batch1,643,1742.0,49.0,2.8128588,False,False,False,True,0.02608695652173913,False,True,True,retained
GTACTTTGTCGACA-1::pbmc3k,GTACTTTGTCGACA-1,pbmc3k,donor1,healthy,batch1,856,2420.0,63.0,2.6033058,False,False,False,True,0.07167235494880546,False,True,True,retained
GTAGACTGAGATGA-1::pbmc3k,GTAGACTGAGATGA-1,pbmc3k,donor1,healthy,batch1,825,2139.0,60.0,2.8050492,False,False,False,True,0.021432305279665442,False,True,True,retained
GTAGACTGTATTCC-1::pbmc3k,GTAGACTGTATTCC-1,pbmc3k,donor1,healthy,batch1,730,2008.0,22.0,1.0956175,False,False,False,True,0.03534303534303534,False,True,True,retained
GTAGCAACAGTCGT-1::pbmc3k,GTAGCAACAGTCGT-1,pbmc3k,donor1,healthy,batch1,831,2232.0,44.0,1.9713262,False,False,False,True,0.013008812421317668,False,True,True,retained
GTAGCAACCATTTC-1::pbmc3k,GTAGCAACCATTTC-1,pbmc3k,donor1,healthy,batch1,653,1657.0,56.0,3.3796017,False,False,False,True,0.016759776536312852,False,True,True,retained
GTAGCAACGGTAGG-1::pbmc3k,GTAGCAACGGTAGG-1,pbmc3k,donor1,healthy,batch1,429,955.0,4.0,0.41884816,False,False,False,True,0.015945330296127564,False,True,True,retained
GTAGCATGCACTCC-1::pbmc3k,GTAGCATGCACTCC-1,pbmc3k,donor1,healthy,batch1,641,1680.0,41.0,2.4404762,False,False,False,True,0.03928836174944403,False,True,True,retained
GTAGCATGTAAGCC-1::pbmc3k,GTAGCATGTAAGCC-1,pbmc3k,donor1,healthy,batch1,637,1544.0,64.0,4.1450777,False,False,False,True,0.007840342124019958,False,True,True,retained
GTAGCCCTGACGTT-1::pbmc3k,GTAGCCCTGACGTT-1,pbmc3k,donor1,healthy,batch1,812,2453.0,79.0,3.2205462,False,False,False,True,0.05206463195691203,False,True,True,retained
GTAGCTGAAGCTAC-1::pbmc3k,GTAGCTGAAGCTAC-1,pbmc3k,donor1,healthy,batch1,1527,5103.0,139.0,2.723888,False,False,False,True,0.021432305279665442,False,True,True,retained
GTAGCTGAATTCGG-1::pbmc3k,GTAGCTGAATTCGG-1,pbmc3k,donor1,healthy,batch1,859,2430.0,54.0,2.2222223,False,False,False,True,0.05529522024367387,False,True,True,retained
GTAGGTACACGGGA-1::pbmc3k,GTAGGTACACGGGA-1,pbmc3k,donor1,healthy,batch1,972,2858.0,49.0,1.7144856,False,False,False,True,0.01850048685491723,False,True,True,retained
GTAGTGACCTCATT-1::pbmc3k,GTAGTGACCTCATT-1,pbmc3k,donor1,healthy,batch1,744,2328.0,41.0,1.7611685,False,False,False,True,0.03534303534303534,False,True,True,retained
GTAGTGTGAGCGGA-1::pbmc3k,GTAGTGTGAGCGGA-1,pbmc3k,donor1,healthy,batch1,869,2056.0,32.0,1.5564202,False,False,False,True,0.043824701195219126,False,True,True,retained
GTAGTGTGAGGCGA-1::pbmc3k,GTAGTGTGAGGCGA-1,pbmc3k,donor1,healthy,batch1,508,1148.0,27.0,2.3519163,False,False,False,True,0.031880286271958366,False,True,True,retained
GTAGTGTGTGGTTG-1::pbmc3k,GTAGTGTGTGGTTG-1,pbmc3k,donor1,healthy,batch1,624,1969.0,17.0,0.8633824,False,False,False,True,0.07167235494880546,False,True,True,retained
GTATCACTGGTAGG-1::pbmc3k,GTATCACTGGTAGG-1,pbmc3k,donor1,healthy,batch1,923,2503.0,69.0,2.756692,False,False,False,True,0.02608695652173913,False,True,True,retained
GTATCTACAGAAGT-1::pbmc3k,GTATCTACAGAAGT-1,pbmc3k,donor1,healthy,batch1,976,2285.0,45.0,1.9693654,False,False,False,True,0.04909560723514212,False,True,True,retained
GTATCTACGACGAG-1::pbmc3k,GTATCTACGACGAG-1,pbmc3k,donor1,healthy,batch1,801,1939.0,33.0,1.7019082,False,False,False,True,0.021432305279665442,False,True,True,retained
GTATCTACGTTACG-1::pbmc3k,GTATCTACGTTACG-1,pbmc3k,donor1,healthy,batch1,1014,2808.0,85.0,3.0270655,False,False,False,True,0.06695464362850971,False,True,True,retained
GTATTAGAAACAGA-1::pbmc3k,GTATTAGAAACAGA-1,pbmc3k,donor1,healthy,batch1,1429,3490.0,50.0,1.4326648,False,False,False,True,0.04635761589403972,False,True,True,retained
GTATTAGAGGTCTA-1::pbmc3k,GTATTAGAGGTCTA-1,pbmc3k,donor1,healthy,batch1,586,1410.0,20.0,1.4184396,False,False,False,True,0.03534303534303534,False,True,True,retained
GTATTCACACAGCT-1::pbmc3k,GTATTCACACAGCT-1,pbmc3k,donor1,healthy,batch1,692,1806.0,54.0,2.9900334,False,False,False,True,0.021432305279665442,False,True,True,retained
GTATTCACGGGTGA-1::pbmc3k,GTATTCACGGGTGA-1,pbmc3k,donor1,healthy,batch1,704,1741.0,37.0,2.1252153,False,False,False,True,0.020408163265306124,False,True,True,retained
GTCAACGACACTGA-1::pbmc3k,GTCAACGACACTGA-1,pbmc3k,donor1,healthy,batch1,1176,3629.0,65.0,1.791127,False,False,False,True,0.07167235494880546,False,True,True,retained
GTCAACGAGTGTAC-1::pbmc3k,GTCAACGAGTGTAC-1,pbmc3k,donor1,healthy,batch1,806,2148.0,40.0,1.8621974,False,False,False,True,0.01850048685491723,False,True,True,retained
GTCAACGATCAGGT-1::pbmc3k,GTCAACGATCAGGT-1,pbmc3k,donor1,healthy,batch1,324,555.0,37.0,6.666667,False,False,True,False,,False,False,False,high_mito
GTCAATCTACACCA-1::pbmc3k,GTCAATCTACACCA-1,pbmc3k,donor1,healthy,batch1,883,2273.0,55.0,2.4197097,False,False,False,True,0.058823529411764705,False,True,True,retained
GTCAATCTGTAGCT-1::pbmc3k,GTCAATCTGTAGCT-1,pbmc3k,donor1,healthy,batch1,1249,3336.0,107.0,3.207434,False,False,False,True,0.058823529411764705,False,True,True,retained
GTCAATCTTGTGGT-1::pbmc3k,GTCAATCTTGTGGT-1,pbmc3k,donor1,healthy,batch1,765,2261.0,15.0,0.66342324,False,False,False,True,0.07692307692307694,False,True,True,retained
GTCACCTGCCTCCA-1::pbmc3k,GTCACCTGCCTCCA-1,pbmc3k,donor1,healthy,batch1,743,2127.0,22.0,1.0343206,False,False,False,True,0.06695464362850971,False,True,True,retained
GTCACCTGTCCCGT-1::pbmc3k,GTCACCTGTCCCGT-1,pbmc3k,donor1,healthy,batch1,907,2796.0,68.0,2.4320457,False,False,False,True,0.05529522024367387,False,True,True,retained
GTCATACTAATCGC-1::pbmc3k,GTCATACTAATCGC-1,pbmc3k,donor1,healthy,batch1,666,1610.0,48.0,2.9813664,False,False,False,True,0.1155778894472362,False,True,True,retained
GTCATACTGCGATT-1::pbmc3k,GTCATACTGCGATT-1,pbmc3k,donor1,healthy,batch1,669,1457.0,10.0,0.6863418,False,False,False,True,0.022508038585209007,False,True,True,retained
GTCATACTTCGCCT-1::pbmc3k,GTCATACTTCGCCT-1,pbmc3k,donor1,healthy,batch1,364,984.0,29.0,2.9471545,False,False,False,True,0.08280254777070062,False,True,True,retained
GTCATACTTTACCT-1::pbmc3k,GTCATACTTTACCT-1,pbmc3k,donor1,healthy,batch1,794,1861.0,35.0,1.8807093,False,False,False,True,0.043824701195219126,False,True,True,retained
GTCATACTTTGACG-1::pbmc3k,GTCATACTTTGACG-1,pbmc3k,donor1,healthy,batch1,959,2738.0,32.0,1.1687363,False,False,False,True,0.031880286271958366,False,True,True,retained
GTCCAAGAAAAACG-1::pbmc3k,GTCCAAGAAAAACG-1,pbmc3k,donor1,healthy,batch1,766,2261.0,30.0,1.3268465,False,False,False,True,0.031880286271958366,False,True,True,retained
GTCCACTGACCTCC-1::pbmc3k,GTCCACTGACCTCC-1,pbmc3k,donor1,healthy,batch1,937,3332.0,39.0,1.1704681,False,False,False,True,0.05206463195691203,False,True,True,retained
GTCCACTGGGTACT-1::pbmc3k,GTCCACTGGGTACT-1,pbmc3k,donor1,healthy,batch1,1398,4417.0,123.0,2.7846954,False,False,False,True,0.03534303534303534,False,True,True,retained
GTCCAGCTACGGGA-1::pbmc3k,GTCCAGCTACGGGA-1,pbmc3k,donor1,healthy,batch1,942,2634.0,33.0,1.2528473,False,False,False,True,0.02483069977426637,False,True,True,retained
GTCCCATGTGGTGT-1::pbmc3k,GTCCCATGTGGTGT-1,pbmc3k,donor1,healthy,batch1,1469,4746.0,120.0,2.528445,False,False,False,True,0.03534303534303534,False,True,True,retained
GTCGAATGAAGGCG-1::pbmc3k,GTCGAATGAAGGCG-1,pbmc3k,donor1,healthy,batch1,905,2120.0,47.0,2.2169812,False,False,False,True,0.017610661589719183,False,True,True,retained
GTCGACCTGAATGA-1::pbmc3k,GTCGACCTGAATGA-1,pbmc3k,donor1,healthy,batch1,812,1550.0,32.0,2.0645163,False,False,False,True,0.01234567901234568,False,True,True,retained
GTCGACCTGTTCAG-1::pbmc3k,GTCGACCTGTTCAG-1,pbmc3k,donor1,healthy,batch1,572,1836.0,36.0,1.9607844,False,False,False,True,0.019431988041853514,False,True,True,retained
GTCGCACTTGAGAA-1::pbmc3k,GTCGCACTTGAGAA-1,pbmc3k,donor1,healthy,batch1,1378,4067.0,67.0,1.6474059,False,False,False,True,0.03534303534303534,False,True,True,retained
GTCTAACTGGTCTA-1::pbmc3k,GTCTAACTGGTCTA-1,pbmc3k,donor1,healthy,batch1,1058,3369.0,97.0,2.8791926,False,False,False,True,0.01109350237717908,False,True,True,retained
GTCTAGGAGCTTCC-1::pbmc3k,GTCTAGGAGCTTCC-1,pbmc3k,donor1,healthy,batch1,1215,3654.0,77.0,2.1072798,False,False,False,True,0.021432305279665442,False,True,True,retained
GTGAACACACTCTT-1::pbmc3k,GTGAACACACTCTT-1,pbmc3k,donor1,healthy,batch1,697,2218.0,30.0,1.3525699,False,False,False,True,0.03534303534303534,False,True,True,retained
GTGAACACAGATCC-1::pbmc3k,GTGAACACAGATCC-1,pbmc3k,donor1,healthy,batch1,424,871.0,91.0,10.447762,False,False,True,False,,False,False,False,high_mito
GTGAACACTCAGGT-1::pbmc3k,GTGAACACTCAGGT-1,pbmc3k,donor1,healthy,batch1,531,1244.0,12.0,0.9646302,False,False,False,True,0.028816676885346417,False,True,True,retained
GTGACCCTTAAGCC-1::pbmc3k,GTGACCCTTAAGCC-1,pbmc3k,donor1,healthy,batch1,676,1896.0,29.0,1.5295359,False,False,False,True,0.08943089430894309,False,True,True,retained
GTGATGACAAGTGA-1::pbmc3k,GTGATGACAAGTGA-1,pbmc3k,donor1,healthy,batch1,1819,6333.0,134.0,2.1159008,False,False,False,True,0.15789473684210528,False,True,True,retained
GTGATGACCTGAGT-1::pbmc3k,GTGATGACCTGAGT-1,pbmc3k,donor1,healthy,batch1,503,1096.0,22.0,2.0072992,False,False,False,True,0.010501750291715288,False,True,True,retained
GTGATGACGGTTTG-1::pbmc3k,GTGATGACGGTTTG-1,pbmc3k,donor1,healthy,batch1,801,2084.0,51.0,2.447217,False,False,False,True,0.08943089430894309,False,True,True,retained
GTGATTCTCATTTC-1::pbmc3k,GTGATTCTCATTTC-1,pbmc3k,donor1,healthy,batch1,943,2569.0,24.0,0.93421566,False,False,False,True,0.043824701195219126,False,True,True,retained
GTGATTCTCTCTCG-1::pbmc3k,GTGATTCTCTCTCG-1,pbmc3k,donor1,healthy,batch1,874,2597.0,69.0,2.6569118,False,False,False,True,0.013008812421317668,False,True,True,retained
GTGATTCTGGTTCA-1::pbmc3k,GTGATTCTGGTTCA-1,pbmc3k,donor1,healthy,batch1,813,1657.0,28.0,1.6898009,False,False,False,True,0.03928836174944403,False,True,True,retained
GTGATTCTGTCGAT-1::pbmc3k,GTGATTCTGTCGAT-1,pbmc3k,donor1,healthy,batch1,694,1991.0,36.0,1.8081367,False,False,False,True,0.05206463195691203,False,True,True,retained
GTGATTCTTAGCGT-1::pbmc3k,GTGATTCTTAGCGT-1,pbmc3k,donor1,healthy,batch1,494,1344.0,33.0,2.455357,False,False,False,True,0.017610661589719183,False,True,True,retained
GTGCCACTCAGGAG-1::pbmc3k,GTGCCACTCAGGAG-1,pbmc3k,donor1,healthy,batch1,660,1897.0,17.0,0.89615184,False,False,False,True,0.02608695652173913,False,True,True,retained
GTGGATTGCACTAG-1::pbmc3k,GTGGATTGCACTAG-1,pbmc3k,donor1,healthy,batch1,1467,4561.0,147.0,3.2229774,False,False,False,True,0.021432305279665442,False,True,True,retained
GTGGATTGCGGAGA-1::pbmc3k,GTGGATTGCGGAGA-1,pbmc3k,donor1,healthy,batch1,976,2774.0,63.0,2.2710888,False,False,False,True,0.06269270298047275,False,True,True,retained
GTGGATTGTAACGC-1::pbmc3k,GTGGATTGTAACGC-1,pbmc3k,donor1,healthy,batch1,833,2765.0,52.0,1.880651,False,False,False,True,0.05206463195691203,False,True,True,retained
GTGTACGATCAGTG-1::pbmc3k,GTGTACGATCAGTG-1,pbmc3k,donor1,healthy,batch1,689,1979.0,33.0,1.6675088,False,False,False,True,0.043824701195219126,False,True,True,retained
GTGTAGTGGGTACT-1::pbmc3k,GTGTAGTGGGTACT-1,pbmc3k,donor1,healthy,batch1,921,2627.0,72.0,2.740769,False,False,False,True,0.04635761589403972,False,True,True,retained
GTGTATCTAGCCTA-1::pbmc3k,GTGTATCTAGCCTA-1,pbmc3k,donor1,healthy,batch1,625,1434.0,35.0,2.4407253,False,False,False,True,0.009380863039399626,False,True,True,retained
GTGTATCTAGTAGA-1::pbmc3k,GTGTATCTAGTAGA-1,pbmc3k,donor1,healthy,batch1,1428,4444.0,91.0,2.0477047,False,False,False,True,0.12727272727272732,False,True,True,retained
GTGTATCTGTTACG-1::pbmc3k,GTGTATCTGTTACG-1,pbmc3k,donor1,healthy,batch1,817,2122.0,34.0,1.602262,False,False,False,True,0.013698630136986302,False,True,True,retained
GTGTCAGAAGCGTT-1::pbmc3k,GTGTCAGAAGCGTT-1,pbmc3k,donor1,healthy,batch1,909,2056.0,43.0,2.0914397,False,False,False,True,0.041474654377880185,False,True,True,retained
GTGTCAGAATGCTG-1::pbmc3k,GTGTCAGAATGCTG-1,pbmc3k,donor1,healthy,batch1,326,750.0,45.0,6.0,False,False,True,False,,False,False,False,high_mito
GTTAAAACCGAGAG-1::pbmc3k,GTTAAAACCGAGAG-1,pbmc3k,donor1,healthy,batch1,956,2019.0,17.0,0.842001,False,False,False,True,0.017610661589719183,False,True,True,retained
GTTAAAACTTCGCC-1::pbmc3k,GTTAAAACTTCGCC-1,pbmc3k,donor1,healthy,batch1,676,2059.0,104.0,5.0509953,False,False,True,False,,False,False,False,high_mito
GTTAAATGCTCGAA-1::pbmc3k,GTTAAATGCTCGAA-1,pbmc3k,donor1,healthy,batch1,765,2651.0,60.0,2.2632968,False,False,False,True,0.043824701195219126,False,True,True,retained
GTTAAATGTCGACA-1::pbmc3k,GTTAAATGTCGACA-1,pbmc3k,donor1,healthy,batch1,1207,3783.0,74.0,1.9561195,False,False,False,True,0.01850048685491723,False,True,True,retained
GTTAACCTAGCTAC-1::pbmc3k,GTTAACCTAGCTAC-1,pbmc3k,donor1,healthy,batch1,829,2450.0,66.0,2.6938775,False,False,False,True,0.10559006211180123,False,True,True,retained
GTTAACCTTGCTTT-1::pbmc3k,GTTAACCTTGCTTT-1,pbmc3k,donor1,healthy,batch1,1648,6102.0,99.0,1.6224189,False,False,False,True,0.05206463195691203,False,True,True,retained
GTTAGGTGCACTCC-1::pbmc3k,GTTAGGTGCACTCC-1,pbmc3k,donor1,healthy,batch1,554,1391.0,49.0,3.5226457,False,False,False,True,0.03534303534303534,False,True,True,retained
GTTAGGTGCCAGTA-1::pbmc3k,GTTAGGTGCCAGTA-1,pbmc3k,donor1,healthy,batch1,1500,4975.0,133.0,2.6733668,False,False,False,True,0.022508038585209007,False,True,True,retained
GTTAGGTGCCCAAA-1::pbmc3k,GTTAGGTGCCCAAA-1,pbmc3k,donor1,healthy,batch1,953,2189.0,13.0,0.59387845,False,False,False,True,0.01850048685491723,False,True,True,retained
GTTAGGTGGAACTC-1::pbmc3k,GTTAGGTGGAACTC-1,pbmc3k,donor1,healthy,batch1,647,1653.0,29.0,1.754386,False,False,False,True,0.03534303534303534,False,True,True,retained
GTTAGTCTAAGAAC-1::pbmc3k,GTTAGTCTAAGAAC-1,pbmc3k,donor1,healthy,batch1,537,1154.0,50.0,4.3327556,False,False,False,True,0.04909560723514212,False,True,True,retained
GTTATAGAGGACAG-1::pbmc3k,GTTATAGAGGACAG-1,pbmc3k,donor1,healthy,batch1,786,2053.0,33.0,1.6074038,False,False,False,True,0.06695464362850971,False,True,True,retained
GTTATGCTTTCATC-1::pbmc3k,GTTATGCTTTCATC-1,pbmc3k,donor1,healthy,batch1,814,2431.0,46.0,1.8922255,False,False,False,True,0.028816676885346417,False,True,True,retained
GTTCAACTGGGACA-1::pbmc3k,GTTCAACTGGGACA-1,pbmc3k,donor1,healthy,batch1,761,1503.0,32.0,2.129075,False,False,False,True,0.013698630136986302,False,True,True,retained
GTTCAACTTATGCG-1::pbmc3k,GTTCAACTTATGCG-1,pbmc3k,donor1,healthy,batch1,862,2657.0,59.0,2.2205493,False,False,False,True,0.020408163265306124,False,True,True,retained
GTTGACGAGCCCTT-1::pbmc3k,GTTGACGAGCCCTT-1,pbmc3k,donor1,healthy,batch1,838,1899.0,18.0,0.94786733,False,False,False,True,0.043824701195219126,False,True,True,retained
GTTGACGATATCGG-1::pbmc3k,GTTGACGATATCGG-1,pbmc3k,donor1,healthy,batch1,1102,2264.0,44.0,1.9434628,False,False,False,True,0.011707710940654016,False,True,True,retained
GTTGAGTGGTCTTT-1::pbmc3k,GTTGAGTGGTCTTT-1,pbmc3k,donor1,healthy,batch1,1392,4397.0,47.0,1.0689106,False,False,False,True,0.028816676885346417,False,True,True,retained
GTTGAGTGTGCTTT-1::pbmc3k,GTTGAGTGTGCTTT-1,pbmc3k,donor1,healthy,batch1,1042,3840.0,75.0,1.953125,False,False,False,True,0.06269270298047275,False,True,True,retained
GTTGATCTGGGACA-1::pbmc3k,GTTGATCTGGGACA-1,pbmc3k,donor1,healthy,batch1,372,944.0,4.0,0.42372882,False,False,False,True,0.02483069977426637,False,True,True,retained
GTTGATCTTTTCAC-1::pbmc3k,GTTGATCTTTTCAC-1,pbmc3k,donor1,healthy,batch1,971,2461.0,53.0,2.1535962,False,False,False,True,0.014416775884665795,False,True,True,retained
GTTGGATGTTTACC-1::pbmc3k,GTTGGATGTTTACC-1,pbmc3k,donor1,healthy,batch1,1364,4438.0,112.0,2.5236595,False,False,False,True,0.022508038585209007,False,True,True,retained
GTTGTACTATTCCT-1::pbmc3k,GTTGTACTATTCCT-1,pbmc3k,donor1,healthy,batch1,1137,3103.0,61.0,1.9658396,False,False,False,True,0.01850048685491723,False,True,True,retained
GTTGTACTTTTGGG-1::pbmc3k,GTTGTACTTTTGGG-1,pbmc3k,donor1,healthy,batch1,847,2404.0,54.0,2.246256,False,False,False,True,0.05206463195691203,False,True,True,retained
GTTTAAGACCATGA-1::pbmc3k,GTTTAAGACCATGA-1,pbmc3k,donor1,healthy,batch1,935,2598.0,59.0,2.2709777,False,False,False,True,0.021432305279665442,False,True,True,retained
GTTTAAGACTGTCC-1::pbmc3k,GTTTAAGACTGTCC-1,pbmc3k,donor1,healthy,batch1,710,1584.0,35.0,2.209596,False,False,False,True,0.06269270298047275,False,True,True,retained
TAAACAACCAACCA-1::pbmc3k,TAAACAACCAACCA-1,pbmc3k,donor1,healthy,batch1,1070,3425.0,64.0,1.868613,False,False,False,True,0.03355704697986577,False,True,True,retained
TAAACAACGAATCC-1::pbmc3k,TAAACAACGAATCC-1,pbmc3k,donor1,healthy,batch1,914,2818.0,30.0,1.0645847,False,False,False,True,0.019431988041853514,False,True,True,retained
TAAAGACTCAGGAG-1::pbmc3k,TAAAGACTCAGGAG-1,pbmc3k,donor1,healthy,batch1,855,2375.0,36.0,1.5157895,False,False,False,True,0.058823529411764705,False,True,True,retained
TAAATCGATGAGGG-1::pbmc3k,TAAATCGATGAGGG-1,pbmc3k,donor1,healthy,batch1,759,2036.0,39.0,1.9155207,False,False,False,True,0.037249283667621785,False,True,True,retained
TAACAATGTGCCCT-1::pbmc3k,TAACAATGTGCCCT-1,pbmc3k,donor1,healthy,batch1,654,1343.0,21.0,1.5636634,False,False,False,True,0.013008812421317668,False,True,True,retained
TAACACCTTCGCTC-1::pbmc3k,TAACACCTTCGCTC-1,pbmc3k,donor1,healthy,batch1,981,2755.0,40.0,1.4519056,False,False,False,True,0.019431988041853514,False,True,True,retained
TAACACCTTCGTAG-1::pbmc3k,TAACACCTTCGTAG-1,pbmc3k,donor1,healthy,batch1,1193,3283.0,58.0,1.7666768,False,False,False,True,0.02363936228697086,False,True,True,retained
TAACACCTTGTTTC-1::pbmc3k,TAACACCTTGTTTC-1,pbmc3k,donor1,healthy,batch1,397,1004.0,11.0,1.0956175,False,False,False,True,0.08280254777070062,False,True,True,retained
TAACATGACACTAG-1::pbmc3k,TAACATGACACTAG-1,pbmc3k,donor1,healthy,batch1,1123,3390.0,66.0,1.9469026,False,False,False,True,0.34841628959276005,True,True,False,predicted_doublet
TAACCGGACTTACT-1::pbmc3k,TAACCGGACTTACT-1,pbmc3k,donor1,healthy,batch1,616,2009.0,27.0,1.3439522,False,False,False,True,0.04635761589403972,False,True,True,retained
TAACGTCTCAACCA-1::pbmc3k,TAACGTCTCAACCA-1,pbmc3k,donor1,healthy,batch1,747,1931.0,42.0,2.1750388,False,False,False,True,0.013698630136986302,False,True,True,retained
TAACGTCTCATTGG-1::pbmc3k,TAACGTCTCATTGG-1,pbmc3k,donor1,healthy,batch1,876,2567.0,55.0,2.1425788,False,False,False,True,0.06269270298047275,False,True,True,retained
TAACTAGAATTTCC-1::pbmc3k,TAACTAGAATTTCC-1,pbmc3k,donor1,healthy,batch1,949,2538.0,36.0,1.4184396,False,False,False,True,0.09696092619392188,False,True,True,retained
TAACTAGACTTAGG-1::pbmc3k,TAACTAGACTTAGG-1,pbmc3k,donor1,healthy,batch1,965,2921.0,59.0,2.0198562,False,False,False,True,0.07692307692307694,False,True,True,retained
TAACTAGATCTGGA-1::pbmc3k,TAACTAGATCTGGA-1,pbmc3k,donor1,healthy,batch1,789,2348.0,34.0,1.448041,False,False,False,True,0.01234567901234568,False,True,True,retained
TAACTCACGAGGAC-1::pbmc3k,TAACTCACGAGGAC-1,pbmc3k,donor1,healthy,batch1,752,1922.0,78.0,4.058273,False,False,False,True,0.022508038585209007,False,True,True,retained
TAACTCACGTACAC-1::pbmc3k,TAACTCACGTACAC-1,pbmc3k,donor1,healthy,batch1,717,2011.0,53.0,2.6355047,False,False,False,True,0.021432305279665442,False,True,True,retained
TAACTCACGTATCG-1::pbmc3k,TAACTCACGTATCG-1,pbmc3k,donor1,healthy,batch1,1198,3807.0,74.0,1.9437877,False,False,False,True,0.03355704697986577,False,True,True,retained
TAACTCACTCTACT-1::pbmc3k,TAACTCACTCTACT-1,pbmc3k,donor1,healthy,batch1,952,2227.0,67.0,3.0085316,False,False,False,True,0.031880286271958366,False,True,True,retained
TAAGAACTGTGTCA-1::pbmc3k,TAAGAACTGTGTCA-1,pbmc3k,donor1,healthy,batch1,625,1730.0,65.0,3.7572253,False,False,False,True,0.03928836174944403,False,True,True,retained
TAAGAGGACTAAGC-1::pbmc3k,TAAGAGGACTAAGC-1,pbmc3k,donor1,healthy,batch1,784,2019.0,43.0,2.1297672,False,False,False,True,0.08280254777070062,False,True,True,retained
TAAGAGGACTTGTT-1::pbmc3k,TAAGAGGACTTGTT-1,pbmc3k,donor1,healthy,batch1,914,2061.0,32.0,1.5526444,False,False,False,True,0.03534303534303534,False,True,True,retained
TAAGATACCCACAA-1::pbmc3k,TAAGATACCCACAA-1,pbmc3k,donor1,healthy,batch1,534,1199.0,65.0,5.4211845,False,False,True,False,,False,False,False,high_mito
TAAGATACGGTTCA-1::pbmc3k,TAAGATACGGTTCA-1,pbmc3k,donor1,healthy,batch1,659,1465.0,14.0,0.9556314,False,False,False,True,0.014416775884665795,False,True,True,retained
TAAGATTGCGTAGT-1::pbmc3k,TAAGATTGCGTAGT-1,pbmc3k,donor1,healthy,batch1,913,2789.0,44.0,1.5776263,False,False,False,True,0.04909560723514212,False,True,True,retained
TAAGATTGTTGCTT-1::pbmc3k,TAAGATTGTTGCTT-1,pbmc3k,donor1,healthy,batch1,863,2289.0,29.0,1.2669288,False,False,False,True,0.043824701195219126,False,True,True,retained
TAAGCGTGAGGTTC-1::pbmc3k,TAAGCGTGAGGTTC-1,pbmc3k,donor1,healthy,batch1,959,2838.0,65.0,2.2903454,False,False,False,True,0.013698630136986302,False,True,True,retained
TAAGCGTGGACAAA-1::pbmc3k,TAAGCGTGGACAAA-1,pbmc3k,donor1,healthy,batch1,1637,5192.0,107.0,2.0608628,False,False,False,True,0.031880286271958366,False,True,True,retained
TAAGCGTGGGAAAT-1::pbmc3k,TAAGCGTGGGAAAT-1,pbmc3k,donor1,healthy,batch1,796,2330.0,27.0,1.1587983,False,False,False,True,0.02608695652173913,False,True,True,retained
TAAGCGTGTGCTCC-1::pbmc3k,TAAGCGTGTGCTCC-1,pbmc3k,donor1,healthy,batch1,1508,4978.0,111.0,2.2298112,False,False,False,True,0.03534303534303534,False,True,True,retained
TAAGGCTGCCATGA-1::pbmc3k,TAAGGCTGCCATGA-1,pbmc3k,donor1,healthy,batch1,906,2361.0,59.0,2.4989412,False,False,False,True,0.07167235494880546,False,True,True,retained
TAAGGCTGCTGCTC-1::pbmc3k,TAAGGCTGCTGCTC-1,pbmc3k,donor1,healthy,batch1,714,2147.0,34.0,1.583605,False,False,False,True,0.02363936228697086,False,True,True,retained
TAAGGCTGTCTCGC-1::pbmc3k,TAAGGCTGTCTCGC-1,pbmc3k,donor1,healthy,batch1,1195,3420.0,73.0,2.134503,False,False,False,True,0.028816676885346417,False,True,True,retained
TAAGGGCTGCTGTA-1::pbmc3k,TAAGGGCTGCTGTA-1,pbmc3k,donor1,healthy,batch1,867,1852.0,25.0,1.349892,False,False,False,True,0.07167235494880546,False,True,True,retained
TAAGGGCTTTACTC-1::pbmc3k,TAAGGGCTTTACTC-1,pbmc3k,donor1,healthy,batch1,819,2208.0,71.0,3.2155797,False,False,False,True,0.031880286271958366,False,True,True,retained
TAAGTAACCGAGAG-1::pbmc3k,TAAGTAACCGAGAG-1,pbmc3k,donor1,healthy,batch1,375,702.0,19.0,2.7065527,False,False,False,True,0.007360672975814933,False,True,True,retained
TAAGTAACCTCCAC-1::pbmc3k,TAAGTAACCTCCAC-1,pbmc3k,donor1,healthy,batch1,656,1740.0,58.0,3.3333335,False,False,False,True,0.022508038585209007,False,True,True,retained
TAAGTAACCTGTAG-1::pbmc3k,TAAGTAACCTGTAG-1,pbmc3k,donor1,healthy,batch1,1047,3397.0,94.0,2.7671475,False,False,False,True,0.08280254777070062,False,True,True,retained
TAAGTAACTTGTCT-1::pbmc3k,TAAGTAACTTGTCT-1,pbmc3k,donor1,healthy,batch1,745,2113.0,62.0,2.9342167,False,False,False,True,0.04909560723514212,False,True,True,retained
TAATGATGAGCGGA-1::pbmc3k,TAATGATGAGCGGA-1,pbmc3k,donor1,healthy,batch1,866,2768.0,43.0,1.5534682,False,False,False,True,0.04909560723514212,False,True,True,retained
TAATGCCTCATGAC-1::pbmc3k,TAATGCCTCATGAC-1,pbmc3k,donor1,healthy,batch1,1186,4189.0,40.0,0.95488185,False,False,False,True,0.04635761589403972,False,True,True,retained
TAATGCCTCGTCTC-1::pbmc3k,TAATGCCTCGTCTC-1,pbmc3k,donor1,healthy,batch1,1669,4213.0,83.0,1.9700925,False,False,False,True,0.016759776536312852,False,True,True,retained
TAATGTGAAGATGA-1::pbmc3k,TAATGTGAAGATGA-1,pbmc3k,donor1,healthy,batch1,539,1314.0,19.0,1.4459665,False,False,False,True,0.04909560723514212,False,True,True,retained
TAATGTGACTGCAA-1::pbmc3k,TAATGTGACTGCAA-1,pbmc3k,donor1,healthy,batch1,942,2532.0,55.0,2.172196,False,False,False,True,0.02608695652173913,False,True,True,retained
TAATGTGATTACTC-1::pbmc3k,TAATGTGATTACTC-1,pbmc3k,donor1,healthy,batch1,839,2326.0,66.0,2.8374891,False,False,False,True,0.2044198895027624,False,True,True,retained
TACAAATGGGTACT-1::pbmc3k,TACAAATGGGTACT-1,pbmc3k,donor1,healthy,batch1,927,2547.0,56.0,2.1986651,False,False,False,True,0.07167235494880546,False,True,True,retained
TACAATGAAAACAG-1::pbmc3k,TACAATGAAAACAG-1,pbmc3k,donor1,healthy,batch1,796,1995.0,32.0,1.60401,False,False,False,True,0.008336353751359188,False,True,True,retained
TACAATGACTTAGG-1::pbmc3k,TACAATGACTTAGG-1,pbmc3k,donor1,healthy,batch1,734,1948.0,33.0,1.6940452,False,False,False,True,0.022508038585209007,False,True,True,retained
TACAATGATGCTAG-1::pbmc3k,TACAATGATGCTAG-1,pbmc3k,donor1,healthy,batch1,831,2466.0,81.0,3.2846715,False,False,False,True,0.041474654377880185,False,True,True,retained
TACACACTCACACA-1::pbmc3k,TACACACTCACACA-1,pbmc3k,donor1,healthy,batch1,967,3128.0,72.0,2.3017902,False,False,False,True,0.07692307692307694,False,True,True,retained
TACACACTCTTACT-1::pbmc3k,TACACACTCTTACT-1,pbmc3k,donor1,healthy,batch1,620,1246.0,40.0,3.210273,False,False,False,True,0.05206463195691203,False,True,True,retained
TACATAGAACGCAT-1::pbmc3k,TACATAGAACGCAT-1,pbmc3k,donor1,healthy,batch1,814,2223.0,79.0,3.5537562,False,False,False,True,0.021432305279665442,False,True,True,retained
TACATCACACGGGA-1::pbmc3k,TACATCACACGGGA-1,pbmc3k,donor1,healthy,batch1,605,1622.0,27.0,1.6646115,False,False,False,True,0.037249283667621785,False,True,True,retained
TACATCACCTGTTT-1::pbmc3k,TACATCACCTGTTT-1,pbmc3k,donor1,healthy,batch1,1391,4202.0,155.0,3.6887195,False,False,False,True,0.030303030303030304,False,True,True,retained
TACATCACGCTAAC-1::pbmc3k,TACATCACGCTAAC-1,pbmc3k,donor1,healthy,batch1,655,1795.0,32.0,1.7827299,False,False,False,True,0.015165031222123105,False,True,True,retained
TACATCACTGAACC-1::pbmc3k,TACATCACTGAACC-1,pbmc3k,donor1,healthy,batch1,1512,4605.0,59.0,1.2812161,False,False,False,True,0.021432305279665442,False,True,True,retained
TACCATTGAGGTTC-1::pbmc3k,TACCATTGAGGTTC-1,pbmc3k,donor1,healthy,batch1,625,1535.0,23.0,1.4983714,False,False,False,True,0.05529522024367387,False,True,True,retained
TACCATTGCGGGAA-1::pbmc3k,TACCATTGCGGGAA-1,pbmc3k,donor1,healthy,batch1,719,2071.0,64.0,3.0902946,False,False,False,True,0.03928836174944403,False,True,True,retained
TACCATTGGGGATG-1::pbmc3k,TACCATTGGGGATG-1,pbmc3k,donor1,healthy,batch1,547,1425.0,33.0,2.3157895,False,False,False,True,0.09696092619392188,False,True,True,retained
TACCATTGTGAGGG-1::pbmc3k,TACCATTGTGAGGG-1,pbmc3k,donor1,healthy,batch1,864,2349.0,87.0,3.7037036,False,False,False,True,0.34841628959276005,True,True,False,predicted_doublet
TACCGGCTGTTGGT-1::pbmc3k,TACCGGCTGTTGGT-1,pbmc3k,donor1,healthy,batch1,902,2809.0,78.0,2.776789,False,False,False,True,0.03534303534303534,False,True,True,retained
TACGAGTGATCTCT-1::pbmc3k,TACGAGTGATCTCT-1,pbmc3k,donor1,healthy,batch1,853,2692.0,50.0,1.857355,False,False,False,True,0.04635761589403972,False,True,True,retained
TACGAGTGATGCTG-1::pbmc3k,TACGAGTGATGCTG-1,pbmc3k,donor1,healthy,batch1,1143,3689.0,74.0,2.0059636,False,False,False,True,0.043824701195219126,False,True,True,retained
TACGAGTGCGGAGA-1::pbmc3k,TACGAGTGCGGAGA-1,pbmc3k,donor1,healthy,batch1,990,2265.0,39.0,1.7218543,False,False,False,True,0.058823529411764705,False,True,True,retained
TACGAGTGGTTGGT-1::pbmc3k,TACGAGTGGTTGGT-1,pbmc3k,donor1,healthy,batch1,858,2222.0,41.0,1.8451846,False,False,False,True,0.06695464362850971,False,True,True,retained
TACGATCTAGTGTC-1::pbmc3k,TACGATCTAGTGTC-1,pbmc3k,donor1,healthy,batch1,604,1422.0,39.0,2.7426162,False,False,False,True,0.03355704697986577,False,True,True,retained
TACGATCTCACTGA-1::pbmc3k,TACGATCTCACTGA-1,pbmc3k,donor1,healthy,batch1,1291,4206.0,99.0,2.3537803,False,False,False,True,0.028816676885346417,False,True,True,retained
TACGATCTTACGAC-1::pbmc3k,TACGATCTTACGAC-1,pbmc3k,donor1,healthy,batch1,701,1686.0,47.0,2.787663,False,False,False,True,0.14115308151093434,False,True,True,retained
TACGCAGACGTCTC-1::pbmc3k,TACGCAGACGTCTC-1,pbmc3k,donor1,healthy,batch1,340,720.0,75.0,10.416666,False,False,True,False,,False,False,False,high_mito
TACGCAGAGAATCC-1::pbmc3k,TACGCAGAGAATCC-1,pbmc3k,donor1,healthy,batch1,859,2121.0,17.0,0.80150867,False,False,False,True,0.041474654377880185,False,True,True,retained
TACGCCACATTCCT-1::pbmc3k,TACGCCACATTCCT-1,pbmc3k,donor1,healthy,batch1,768,1967.0,12.0,0.6100661,False,False,False,True,0.02483069977426637,False,True,True,retained
TACGCCACTCCCAC-1::pbmc3k,TACGCCACTCCCAC-1,pbmc3k,donor1,healthy,batch1,1621,5289.0,167.0,3.157497,False,False,False,True,0.043824701195219126,False,True,True,retained
TACGCCACTCCGAA-1::pbmc3k,TACGCCACTCCGAA-1,pbmc3k,donor1,healthy,batch1,715,1857.0,39.0,2.1001616,False,False,False,True,0.02483069977426637,False,True,True,retained
TACGCGCTCTTCTA-1::pbmc3k,TACGCGCTCTTCTA-1,pbmc3k,donor1,healthy,batch1,642,1474.0,79.0,5.3595657,False,False,True,False,,False,False,False,high_mito
TACGGAACGCGTTA-1::pbmc3k,TACGGAACGCGTTA-1,pbmc3k,donor1,healthy,batch1,594,1380.0,31.0,2.246377,False,False,False,True,0.015945330296127564,False,True,True,retained
TACGGCCTGGGACA-1::pbmc3k,TACGGCCTGGGACA-1,pbmc3k,donor1,healthy,batch1,783,1557.0,27.0,1.734104,False,False,False,True,0.02483069977426637,False,True,True,retained
TACGGCCTGTCCTC-1::pbmc3k,TACGGCCTGTCCTC-1,pbmc3k,donor1,healthy,batch1,419,1025.0,56.0,5.4634147,False,False,True,False,,False,False,False,high_mito
TACGTACTACGGAG-1::pbmc3k,TACGTACTACGGAG-1,pbmc3k,donor1,healthy,batch1,1608,5282.0,79.0,1.4956455,False,False,False,True,0.06269270298047275,False,True,True,retained
TACGTACTCAGTTG-1::pbmc3k,TACGTACTCAGTTG-1,pbmc3k,donor1,healthy,batch1,927,2993.0,49.0,1.6371534,False,False,False,True,0.043824701195219126,False,True,True,retained
TACGTACTCCCGTT-1::pbmc3k,TACGTACTCCCGTT-1,pbmc3k,donor1,healthy,batch1,740,1937.0,37.0,1.9101703,False,False,False,True,0.02363936228697086,False,True,True,retained
TACGTTACAGAAGT-1::pbmc3k,TACGTTACAGAAGT-1,pbmc3k,donor1,healthy,batch1,805,2256.0,32.0,1.4184396,False,False,False,True,0.037249283667621785,False,True,True,retained
TACGTTACCAAGCT-1::pbmc3k,TACGTTACCAAGCT-1,pbmc3k,donor1,healthy,batch1,705,1701.0,43.0,2.5279248,False,False,False,True,0.009380863039399626,False,True,True,retained
TACTAAGAAAGGTA-1::pbmc3k,TACTAAGAAAGGTA-1,pbmc3k,donor1,healthy,batch1,491,988.0,14.0,1.417004,False,False,False,True,0.008849557522123895,False,True,True,retained
TACTAAGAATCACG-1::pbmc3k,TACTAAGAATCACG-1,pbmc3k,donor1,healthy,batch1,514,1219.0,38.0,3.1173093,False,False,False,True,0.027413587604290822,False,True,True,retained
TACTAAGATGATGC-1::pbmc3k,TACTAAGATGATGC-1,pbmc3k,donor1,healthy,batch1,768,1864.0,43.0,2.3068671,False,False,False,True,0.008849557522123895,False,True,True,retained
TACTAAGATTGCGA-1::pbmc3k,TACTAAGATTGCGA-1,pbmc3k,donor1,healthy,batch1,880,2551.0,38.0,1.4896119,False,False,False,True,0.037249283667621785,False,True,True,retained
TACTACACGAGAGC-1::pbmc3k,TACTACACGAGAGC-1,pbmc3k,donor1,healthy,batch1,993,3236.0,30.0,0.92707044,False,False,False,True,0.04909560723514212,False,True,True,retained
TACTACACTTACCT-1::pbmc3k,TACTACACTTACCT-1,pbmc3k,donor1,healthy,batch1,356,750.0,28.0,3.733333,False,False,False,True,0.10559006211180123,False,True,True,retained
TACTACTGAACCTG-1::pbmc3k,TACTACTGAACCTG-1,pbmc3k,donor1,healthy,batch1,748,1831.0,31.0,1.693064,False,False,False,True,0.028816676885346417,False,True,True,retained
TACTACTGATGTCG-1::pbmc3k,TACTACTGATGTCG-1,pbmc3k,donor1,healthy,batch1,993,2304.0,36.0,1.5625,False,False,False,True,0.020408163265306124,False,True,True,retained
TACTACTGATTCTC-1::pbmc3k,TACTACTGATTCTC-1,pbmc3k,donor1,healthy,batch1,801,2383.0,31.0,1.3008813,False,False,False,True,0.028816676885346417,False,True,True,retained
TACTACTGTATGGC-1::pbmc3k,TACTACTGTATGGC-1,pbmc3k,donor1,healthy,batch1,843,2843.0,81.0,2.8491032,False,False,False,True,0.04635761589403972,False,True,True,retained
TACTCAACGGTCTA-1::pbmc3k,TACTCAACGGTCTA-1,pbmc3k,donor1,healthy,batch1,1194,3741.0,52.0,1.3900027,False,False,False,True,0.01234567901234568,False,True,True,retained
TACTCAACTGCTAG-1::pbmc3k,TACTCAACTGCTAG-1,pbmc3k,donor1,healthy,batch1,794,2242.0,66.0,2.9438002,False,False,False,True,0.015165031222123105,False,True,True,retained
TACTCCCTCAGTTG-1::pbmc3k,TACTCCCTCAGTTG-1,pbmc3k,donor1,healthy,batch1,606,1556.0,18.0,1.1568123,False,False,False,True,0.037249283667621785,False,True,True,retained
TACTCTGAATCGAC-1::pbmc3k,TACTCTGAATCGAC-1,pbmc3k,donor1,healthy,batch1,810,1986.0,36.0,1.8126888,False,False,False,True,0.058823529411764705,False,True,True,retained
TACTCTGACGAGTT-1::pbmc3k,TACTCTGACGAGTT-1,pbmc3k,donor1,healthy,batch1,882,2524.0,47.0,1.8621236,False,False,False,True,0.037249283667621785,False,True,True,retained
TACTCTGATTGACG-1::pbmc3k,TACTCTGATTGACG-1,pbmc3k,donor1,healthy,batch1,682,1492.0,23.0,1.5415549,False,False,False,True,0.013008812421317668,False,True,True,retained
TACTGGGATCGATG-1::pbmc3k,TACTGGGATCGATG-1,pbmc3k,donor1,healthy,batch1,1126,3823.0,60.0,1.569448,False,False,False,True,0.030303030303030304,False,True,True,retained
TACTGTTGAAAGCA-1::pbmc3k,TACTGTTGAAAGCA-1,pbmc3k,donor1,healthy,batch1,792,1991.0,36.0,1.8081367,False,False,False,True,0.03928836174944403,False,True,True,retained
TACTGTTGAGGCGA-1::pbmc3k,TACTGTTGAGGCGA-1,pbmc3k,donor1,healthy,batch1,829,1701.0,47.0,2.7630806,False,False,False,True,0.01234567901234568,False,True,True,retained
TACTGTTGCTGAAC-1::pbmc3k,TACTGTTGCTGAAC-1,pbmc3k,donor1,healthy,batch1,1657,5201.0,166.0,3.1916938,False,False,False,True,0.02608695652173913,False,True,True,retained
TACTTGACTCCTCG-1::pbmc3k,TACTTGACTCCTCG-1,pbmc3k,donor1,healthy,batch1,786,1705.0,28.0,1.6422286,False,False,False,True,0.01850048685491723,False,True,True,retained
TACTTGACTGGTGT-1::pbmc3k,TACTTGACTGGTGT-1,pbmc3k,donor1,healthy,batch1,610,1599.0,31.0,1.9387116,False,False,False,True,0.019431988041853514,False,True,True,retained
TACTTTCTTTTGGG-1::pbmc3k,TACTTTCTTTTGGG-1,pbmc3k,donor1,healthy,batch1,664,1591.0,66.0,4.1483345,False,False,False,True,0.10559006211180123,False,True,True,retained
TAGAAACTAATCGC-1::pbmc3k,TAGAAACTAATCGC-1,pbmc3k,donor1,healthy,batch1,790,2208.0,27.0,1.2228261,False,False,False,True,0.01850048685491723,False,True,True,retained
TAGAAACTGCTTCC-1::pbmc3k,TAGAAACTGCTTCC-1,pbmc3k,donor1,healthy,batch1,852,2211.0,52.0,2.351877,False,False,False,True,0.04909560723514212,False,True,True,retained
TAGAAACTGGGATG-1::pbmc3k,TAGAAACTGGGATG-1,pbmc3k,donor1,healthy,batch1,678,1371.0,18.0,1.3129103,False,False,False,True,0.019431988041853514,False,True,True,retained
TAGAATTGCGACAT-1::pbmc3k,TAGAATTGCGACAT-1,pbmc3k,donor1,healthy,batch1,589,1742.0,37.0,2.1239955,False,False,False,True,0.04635761589403972,False,True,True,retained
TAGAATTGTATCGG-1::pbmc3k,TAGAATTGTATCGG-1,pbmc3k,donor1,healthy,batch1,930,3222.0,66.0,2.048417,False,False,False,True,0.03928836174944403,False,True,True,retained
TAGACGTGCTTGAG-1::pbmc3k,TAGACGTGCTTGAG-1,pbmc3k,donor1,healthy,batch1,690,1986.0,67.0,3.3736155,False,False,False,True,0.04635761589403972,False,True,True,retained
TAGACGTGTCGCTC-1::pbmc3k,TAGACGTGTCGCTC-1,pbmc3k,donor1,healthy,batch1,840,2593.0,26.0,1.0026996,False,False,False,True,0.05529522024367387,False,True,True,retained
TAGAGCACCTTACT-1::pbmc3k,TAGAGCACCTTACT-1,pbmc3k,donor1,healthy,batch1,647,1444.0,29.0,2.0083103,False,False,False,True,0.011707710940654016,False,True,True,retained
TAGATTGACTTGTT-1::pbmc3k,TAGATTGACTTGTT-1,pbmc3k,donor1,healthy,batch1,622,1594.0,55.0,3.4504392,False,False,False,True,0.013008812421317668,False,True,True,retained
TAGATTGAGGCATT-1::pbmc3k,TAGATTGAGGCATT-1,pbmc3k,donor1,healthy,batch1,427,813.0,18.0,2.2140222,False,False,False,True,0.058823529411764705,False,True,True,retained
TAGCATCTCAGCTA-1::pbmc3k,TAGCATCTCAGCTA-1,pbmc3k,donor1,healthy,batch1,856,1700.0,21.0,1.2352941,False,False,False,True,0.013698630136986302,False,True,True,retained
TAGCATCTCCCTCA-1::pbmc3k,TAGCATCTCCCTCA-1,pbmc3k,donor1,healthy,batch1,522,1138.0,30.0,2.636204,False,False,False,True,0.058823529411764705,False,True,True,retained
TAGCATCTGCTGTA-1::pbmc3k,TAGCATCTGCTGTA-1,pbmc3k,donor1,healthy,batch1,1262,3628.0,81.0,2.232635,False,False,False,True,0.02483069977426637,False,True,True,retained
TAGCATCTGGGACA-1::pbmc3k,TAGCATCTGGGACA-1,pbmc3k,donor1,healthy,batch1,722,2069.0,42.0,2.029966,False,False,False,True,0.016759776536312852,False,True,True,retained
TAGCATCTTGTCGA-1::pbmc3k,TAGCATCTTGTCGA-1,pbmc3k,donor1,healthy,batch1,641,1753.0,26.0,1.4831717,False,False,False,True,0.03928836174944403,False,True,True,retained
TAGCCCACAAAAGC-1::pbmc3k,TAGCCCACAAAAGC-1,pbmc3k,donor1,healthy,batch1,997,3164.0,42.0,1.3274336,False,False,False,True,0.08280254777070062,False,True,True,retained
TAGCCCACAGCCAT-1::pbmc3k,TAGCCCACAGCCAT-1,pbmc3k,donor1,healthy,batch1,983,2261.0,50.0,2.211411,False,False,False,True,0.08280254777070062,False,True,True,retained
TAGCCCACAGCTAC-1::pbmc3k,TAGCCCACAGCTAC-1,pbmc3k,donor1,healthy,batch1,1099,2171.0,63.0,2.9018884,False,False,False,True,0.09696092619392188,False,True,True,retained
TAGCCCACCCACAA-1::pbmc3k,TAGCCCACCCACAA-1,pbmc3k,donor1,healthy,batch1,607,1986.0,44.0,2.2155085,False,False,False,True,0.02608695652173913,False,True,True,retained
TAGCCCTGCGGAGA-1::pbmc3k,TAGCCCTGCGGAGA-1,pbmc3k,donor1,healthy,batch1,704,2044.0,100.0,4.892368,False,False,False,True,0.04909560723514212,False,True,True,retained
TAGCCGCTTACGAC-1::pbmc3k,TAGCCGCTTACGAC-1,pbmc3k,donor1,healthy,batch1,947,2796.0,35.0,1.2517883,False,False,False,True,0.027413587604290822,False,True,True,retained
TAGCCGCTTACTTC-1::pbmc3k,TAGCCGCTTACTTC-1,pbmc3k,donor1,healthy,batch1,886,2301.0,40.0,1.7383747,False,False,False,True,0.03928836174944403,False,True,True,retained
TAGCCGCTTTCCAT-1::pbmc3k,TAGCCGCTTTCCAT-1,pbmc3k,donor1,healthy,batch1,1062,3331.0,75.0,2.2515762,False,False,False,True,0.027413587604290822,False,True,True,retained
TAGCTACTGAATAG-1::pbmc3k,TAGCTACTGAATAG-1,pbmc3k,donor1,healthy,batch1,659,1645.0,19.0,1.1550152,False,False,False,True,0.028816676885346417,False,True,True,retained
TAGCTACTGTAGCT-1::pbmc3k,TAGCTACTGTAGCT-1,pbmc3k,donor1,healthy,batch1,995,2915.0,37.0,1.2692968,False,False,False,True,0.08280254777070062,False,True,True,retained
TAGCTACTTTTGCT-1::pbmc3k,TAGCTACTTTTGCT-1,pbmc3k,donor1,healthy,batch1,492,1079.0,29.0,2.6876738,False,False,False,True,0.08943089430894309,False,True,True,retained
TAGGACTGTGCTGA-1::pbmc3k,TAGGACTGTGCTGA-1,pbmc3k,donor1,healthy,batch1,754,1709.0,51.0,2.9842014,False,False,False,True,0.03355704697986577,False,True,True,retained
TAGGAGCTAAGGCG-1::pbmc3k,TAGGAGCTAAGGCG-1,pbmc3k,donor1,healthy,batch1,676,2038.0,63.0,3.091266,False,False,False,True,0.013698630136986302,False,True,True,retained
TAGGAGCTGAGGGT-1::pbmc3k,TAGGAGCTGAGGGT-1,pbmc3k,donor1,healthy,batch1,837,2596.0,48.0,1.8489984,False,False,False,True,0.03928836174944403,False,True,True,retained
TAGGAGCTTGCATG-1::pbmc3k,TAGGAGCTTGCATG-1,pbmc3k,donor1,healthy,batch1,532,1163.0,9.0,0.7738607,False,False,False,True,0.008336353751359188,False,True,True,retained
TAGGCAACCGTCTC-1::pbmc3k,TAGGCAACCGTCTC-1,pbmc3k,donor1,healthy,batch1,598,1691.0,29.0,1.7149616,False,False,False,True,0.016759776536312852,False,True,True,retained
TAGGCATGCTCTCG-1::pbmc3k,TAGGCATGCTCTCG-1,pbmc3k,donor1,healthy,batch1,1274,3106.0,42.0,1.3522215,False,False,False,True,0.06269270298047275,False,True,True,retained
TAGGCATGGCGAGA-1::pbmc3k,TAGGCATGGCGAGA-1,pbmc3k,donor1,healthy,batch1,921,2403.0,29.0,1.2068248,False,False,False,True,0.043824701195219126,False,True,True,retained
TAGGCTGATGCCTC-1::pbmc3k,TAGGCTGATGCCTC-1,pbmc3k,donor1,healthy,batch1,700,1640.0,24.0,1.4634147,False,False,False,True,0.022508038585209007,False,True,True,retained
TAGGGACTGAACTC-1::pbmc3k,TAGGGACTGAACTC-1,pbmc3k,donor1,healthy,batch1,828,1919.0,53.0,2.7618551,False,False,False,True,0.07167235494880546,False,True,True,retained
TAGGTCGACACTGA-1::pbmc3k,TAGGTCGACACTGA-1,pbmc3k,donor1,healthy,batch1,828,2469.0,54.0,2.1871204,False,False,False,True,0.03355704697986577,False,True,True,retained
TAGGTCGAGGATCT-1::pbmc3k,TAGGTCGAGGATCT-1,pbmc3k,donor1,healthy,batch1,543,1221.0,25.0,2.047502,False,False,False,True,0.01850048685491723,False,True,True,retained
TAGGTGACACACTG-1::pbmc3k,TAGGTGACACACTG-1,pbmc3k,donor1,healthy,batch1,815,1991.0,73.0,3.6664991,False,False,False,True,0.05529522024367387,False,True,True,retained
TAGGTGACACGTTG-1::pbmc3k,TAGGTGACACGTTG-1,pbmc3k,donor1,healthy,batch1,709,1889.0,73.0,3.8644786,False,False,False,True,0.015945330296127564,False,True,True,retained
TAGGTGTGTTCTGT-1::pbmc3k,TAGGTGTGTTCTGT-1,pbmc3k,donor1,healthy,batch1,842,1726.0,52.0,3.012746,False,False,False,True,0.058823529411764705,False,True,True,retained
TAGGTTCTGAAGGC-1::pbmc3k,TAGGTTCTGAAGGC-1,pbmc3k,donor1,healthy,batch1,1200,3539.0,67.0,1.8931901,False,False,False,True,0.05206463195691203,False,True,True,retained
TAGGTTCTTCTTAC-1::pbmc3k,TAGGTTCTTCTTAC-1,pbmc3k,donor1,healthy,batch1,1126,3246.0,80.0,2.4645717,False,False,False,True,0.01850048685491723,False,True,True,retained
TAGGTTCTTGCTGA-1::pbmc3k,TAGGTTCTTGCTGA-1,pbmc3k,donor1,healthy,batch1,1327,3808.0,69.0,1.8119749,False,False,False,True,0.019431988041853514,False,True,True,retained
TAGTAAACCTCGCT-1::pbmc3k,TAGTAAACCTCGCT-1,pbmc3k,donor1,healthy,batch1,849,2781.0,53.0,1.9057893,False,False,False,True,0.03534303534303534,False,True,True,retained
TAGTAAACGTCACA-1::pbmc3k,TAGTAAACGTCACA-1,pbmc3k,donor1,healthy,batch1,1160,4046.0,86.0,2.125556,False,False,False,True,0.10559006211180123,False,True,True,retained
TAGTAATGAGATCC-1::pbmc3k,TAGTAATGAGATCC-1,pbmc3k,donor1,healthy,batch1,707,1814.0,15.0,0.82690185,False,False,False,True,0.06695464362850971,False,True,True,retained
TAGTACCTAAGAAC-1::pbmc3k,TAGTACCTAAGAAC-1,pbmc3k,donor1,healthy,batch1,675,1663.0,31.0,1.8641009,False,False,False,True,0.015165031222123105,False,True,True,retained
TAGTATGATCTTAC-1::pbmc3k,TAGTATGATCTTAC-1,pbmc3k,donor1,healthy,batch1,709,1833.0,56.0,3.055101,False,False,False,True,0.2044198895027624,False,True,True,retained
TAGTATGATTCTCA-1::pbmc3k,TAGTATGATTCTCA-1,pbmc3k,donor1,healthy,batch1,990,3358.0,68.0,2.0250149,False,False,False,True,0.058823529411764705,False,True,True,retained
TAGTCTTGGCTGTA-1::pbmc3k,TAGTCTTGGCTGTA-1,pbmc3k,donor1,healthy,batch1,270,652.0,0.0,0.0,False,False,False,True,0.027413587604290822,False,True,True,retained
TAGTCTTGGGACTT-1::pbmc3k,TAGTCTTGGGACTT-1,pbmc3k,donor1,healthy,batch1,445,945.0,16.0,1.6931217,False,False,False,True,0.05206463195691203,False,True,True,retained
TAGTCTTGTGGAAA-1::pbmc3k,TAGTCTTGTGGAAA-1,pbmc3k,donor1,healthy,batch1,892,2207.0,78.0,3.5342093,False,False,False,True,0.058823529411764705,False,True,True,retained
TAGTGGTGAAGTGA-1::pbmc3k,TAGTGGTGAAGTGA-1,pbmc3k,donor1,healthy,batch1,1040,2006.0,72.0,3.5892322,False,False,False,True,0.016759776536312852,False,True,True,retained
TAGTTAGAACCACA-1::pbmc3k,TAGTTAGAACCACA-1,pbmc3k,donor1,healthy,batch1,832,1737.0,27.0,1.5544041,False,False,False,True,0.015165031222123105,False,True,True,retained
TAGTTAGATGAACC-1::pbmc3k,TAGTTAGATGAACC-1,pbmc3k,donor1,healthy,batch1,815,2217.0,34.0,1.5336039,False,False,False,True,0.041474654377880185,False,True,True,retained
TATAAGACAACAGA-1::pbmc3k,TATAAGACAACAGA-1,pbmc3k,donor1,healthy,batch1,437,982.0,48.0,4.887984,False,False,False,True,0.06695464362850971,False,True,True,retained
TATAAGACAGCTCA-1::pbmc3k,TATAAGACAGCTCA-1,pbmc3k,donor1,healthy,batch1,1401,4150.0,91.0,2.192771,False,False,False,True,0.015945330296127564,False,True,True,retained
TATAAGTGACACCA-1::pbmc3k,TATAAGTGACACCA-1,pbmc3k,donor1,healthy,batch1,1341,3900.0,168.0,4.307692,False,False,False,True,0.05529522024367387,False,True,True,retained
TATAAGTGTATCGG-1::pbmc3k,TATAAGTGTATCGG-1,pbmc3k,donor1,healthy,batch1,480,973.0,16.0,1.6443988,False,False,False,True,0.022508038585209007,False,True,True,retained
TATAAGTGTGGTGT-1::pbmc3k,TATAAGTGTGGTGT-1,pbmc3k,donor1,healthy,batch1,1517,4913.0,120.0,2.4424994,False,False,False,True,0.013698630136986302,False,True,True,retained
TATACAGAACCCTC-1::pbmc3k,TATACAGAACCCTC-1,pbmc3k,donor1,healthy,batch1,704,1976.0,47.0,2.3785424,False,False,False,True,0.03355704697986577,False,True,True,retained
TATACAGAAGAACA-1::pbmc3k,TATACAGAAGAACA-1,pbmc3k,donor1,healthy,batch1,622,1662.0,26.0,1.5643803,False,False,False,True,0.04635761589403972,False,True,True,retained
TATACAGATCCAGA-1::pbmc3k,TATACAGATCCAGA-1,pbmc3k,donor1,healthy,batch1,823,2249.0,41.0,1.8230325,False,False,False,True,0.019431988041853514,False,True,True,retained
TATACCACCTGATG-1::pbmc3k,TATACCACCTGATG-1,pbmc3k,donor1,healthy,batch1,731,1972.0,67.0,3.397566,False,False,False,True,0.02363936228697086,False,True,True,retained
TATACGCTACCAAC-1::pbmc3k,TATACGCTACCAAC-1,pbmc3k,donor1,healthy,batch1,781,2144.0,32.0,1.4925373,False,False,False,True,0.08280254777070062,False,True,True,retained
TATAGATGGACGGA-1::pbmc3k,TATAGATGGACGGA-1,pbmc3k,donor1,healthy,batch1,849,2088.0,30.0,1.4367816,False,False,False,True,0.04635761589403972,False,True,True,retained
TATAGATGTTCCGC-1::pbmc3k,TATAGATGTTCCGC-1,pbmc3k,donor1,healthy,batch1,1209,3650.0,115.0,3.1506848,False,False,False,True,0.027413587604290822,False,True,True,retained
TATCACTGACTGTG-1::pbmc3k,TATCACTGACTGTG-1,pbmc3k,donor1,healthy,batch1,511,1289.0,71.0,5.508146,False,False,True,False,,False,False,False,high_mito
TATCCAACCAGCTA-1::pbmc3k,TATCCAACCAGCTA-1,pbmc3k,donor1,healthy,batch1,472,1074.0,16.0,1.4897579,False,False,False,True,0.007840342124019958,False,True,True,retained
TATCCAACTCTCTA-1::pbmc3k,TATCCAACTCTCTA-1,pbmc3k,donor1,healthy,batch1,838,1973.0,54.0,2.7369487,False,False,False,True,0.05206463195691203,False,True,True,retained
TATCGACTACTAGC-1::pbmc3k,TATCGACTACTAGC-1,pbmc3k,donor1,healthy,batch1,643,1478.0,37.0,2.503383,False,False,False,True,0.03928836174944403,False,True,True,retained
TATCGACTCGATAC-1::pbmc3k,TATCGACTCGATAC-1,pbmc3k,donor1,healthy,batch1,1101,3151.0,82.0,2.6023486,False,False,False,True,0.05529522024367387,False,True,True,retained
TATCGTACAGATGA-1::pbmc3k,TATCGTACAGATGA-1,pbmc3k,donor1,healthy,batch1,879,2185.0,55.0,2.5171626,False,False,False,True,0.08943089430894309,False,True,True,retained
TATCGTACATTCCT-1::pbmc3k,TATCGTACATTCCT-1,pbmc3k,donor1,healthy,batch1,895,2324.0,56.0,2.4096384,False,False,False,True,0.027413587604290822,False,True,True,retained
TATCTCGAGAGATA-1::pbmc3k,TATCTCGAGAGATA-1,pbmc3k,donor1,healthy,batch1,408,1174.0,16.0,1.362862,False,False,False,True,0.030303030303030304,False,True,True,retained
TATCTGACAGGTTC-1::pbmc3k,TATCTGACAGGTTC-1,pbmc3k,donor1,healthy,batch1,832,1888.0,47.0,2.4894068,False,False,False,True,0.027413587604290822,False,True,True,retained
TATCTGACTGTTTC-1::pbmc3k,TATCTGACTGTTTC-1,pbmc3k,donor1,healthy,batch1,845,2662.0,34.0,1.2772352,False,False,False,True,0.09696092619392188,False,True,True,retained
TATCTTCTAAACAG-1::pbmc3k,TATCTTCTAAACAG-1,pbmc3k,donor1,healthy,batch1,928,3051.0,63.0,2.0648968,False,False,False,True,0.041474654377880185,False,True,True,retained
TATGAATGGAGGAC-1::pbmc3k,TATGAATGGAGGAC-1,pbmc3k,donor1,healthy,batch1,920,2033.0,21.0,1.0329562,False,False,False,True,0.020408163265306124,False,True,True,retained
TATGAATGTTTGCT-1::pbmc3k,TATGAATGTTTGCT-1,pbmc3k,donor1,healthy,batch1,1269,3725.0,96.0,2.577181,False,False,False,True,0.015165031222123105,False,True,True,retained
TATGCGGATAACCG-1::pbmc3k,TATGCGGATAACCG-1,pbmc3k,donor1,healthy,batch1,652,1373.0,46.0,3.350328,False,False,False,True,0.03534303534303534,False,True,True,retained
TATGGGTGCATCAG-1::pbmc3k,TATGGGTGCATCAG-1,pbmc3k,donor1,healthy,batch1,1463,3551.0,42.0,1.1827654,False,False,False,True,0.06695464362850971,False,True,True,retained
TATGGGTGCTAGCA-1::pbmc3k,TATGGGTGCTAGCA-1,pbmc3k,donor1,healthy,batch1,840,2023.0,47.0,2.3232822,False,False,False,True,0.037249283667621785,False,True,True,retained
TATGGTCTCTACCC-1::pbmc3k,TATGGTCTCTACCC-1,pbmc3k,donor1,healthy,batch1,706,1898.0,47.0,2.4762907,False,False,False,True,0.04909560723514212,False,True,True,retained
TATGTCACGGAACG-1::pbmc3k,TATGTCACGGAACG-1,pbmc3k,donor1,healthy,batch1,956,3336.0,85.0,2.5479617,False,False,False,True,0.037249283667621785,False,True,True,retained
TATGTCACTAACCG-1::pbmc3k,TATGTCACTAACCG-1,pbmc3k,donor1,healthy,batch1,1219,3467.0,63.0,1.817133,False,False,False,True,0.09696092619392188,False,True,True,retained
TATGTCACTTCTCA-1::pbmc3k,TATGTCACTTCTCA-1,pbmc3k,donor1,healthy,batch1,612,1388.0,41.0,2.9538906,False,False,False,True,0.028816676885346417,False,True,True,retained
TATGTGCTCCGATA-1::pbmc3k,TATGTGCTCCGATA-1,pbmc3k,donor1,healthy,batch1,970,2912.0,48.0,1.6483518,False,False,False,True,0.013698630136986302,False,True,True,retained
TATGTGCTGGATTC-1::pbmc3k,TATGTGCTGGATTC-1,pbmc3k,donor1,healthy,batch1,789,2276.0,19.0,0.83479786,False,False,False,True,0.021432305279665442,False,True,True,retained
TATTGCTGAAGAAC-1::pbmc3k,TATTGCTGAAGAAC-1,pbmc3k,donor1,healthy,batch1,382,805.0,31.0,3.8509316,False,False,False,True,0.019431988041853514,False,True,True,retained
TATTGCTGCCGTTC-1::pbmc3k,TATTGCTGCCGTTC-1,pbmc3k,donor1,healthy,batch1,533,1289.0,63.0,4.88751,False,False,False,True,0.23809523809523814,True,True,False,predicted_doublet
TATTGCTGTCTGGA-1::pbmc3k,TATTGCTGTCTGGA-1,pbmc3k,donor1,healthy,batch1,627,2093.0,44.0,2.1022456,False,False,False,True,0.021432305279665442,False,True,True,retained
TATTGCTGTGCACA-1::pbmc3k,TATTGCTGTGCACA-1,pbmc3k,donor1,healthy,batch1,388,780.0,24.0,3.0769231,False,False,False,True,0.043824701195219126,False,True,True,retained
TATTTCCTATTGGC-1::pbmc3k,TATTTCCTATTGGC-1,pbmc3k,donor1,healthy,batch1,655,1638.0,31.0,1.892552,False,False,False,True,0.04635761589403972,False,True,True,retained
TATTTCCTGGAGGT-1::pbmc3k,TATTTCCTGGAGGT-1,pbmc3k,donor1,healthy,batch1,1103,2265.0,41.0,1.8101546,False,False,False,True,0.028816676885346417,False,True,True,retained
TATTTCCTGGTGTT-1::pbmc3k,TATTTCCTGGTGTT-1,pbmc3k,donor1,healthy,batch1,782,2209.0,20.0,0.905387,False,False,False,True,0.04635761589403972,False,True,True,retained
TCAACACTGTTTGG-1::pbmc3k,TCAACACTGTTTGG-1,pbmc3k,donor1,healthy,batch1,1231,2765.0,67.0,2.4231465,False,False,False,True,0.014416775884665795,False,True,True,retained
TCAAGGACAGCGTT-1::pbmc3k,TCAAGGACAGCGTT-1,pbmc3k,donor1,healthy,batch1,617,1738.0,26.0,1.4959724,False,False,False,True,0.03355704697986577,False,True,True,retained
TCAAGGACATTCTC-1::pbmc3k,TCAAGGACATTCTC-1,pbmc3k,donor1,healthy,batch1,589,1218.0,22.0,1.8062398,False,False,False,True,0.07167235494880546,False,True,True,retained
TCAAGGACGGTGTT-1::pbmc3k,TCAAGGACGGTGTT-1,pbmc3k,donor1,healthy,batch1,758,2074.0,21.0,1.0125362,False,False,False,True,0.031880286271958366,False,True,True,retained
TCAATCACACTCTT-1::pbmc3k,TCAATCACACTCTT-1,pbmc3k,donor1,healthy,batch1,882,2134.0,59.0,2.764761,False,False,False,True,0.027413587604290822,False,True,True,retained
TCAATCACAGTCGT-1::pbmc3k,TCAATCACAGTCGT-1,pbmc3k,donor1,healthy,batch1,909,2583.0,83.0,3.2133176,False,False,False,True,0.016759776536312852,False,True,True,retained
TCACAACTATGTGC-1::pbmc3k,TCACAACTATGTGC-1,pbmc3k,donor1,healthy,batch1,661,1839.0,36.0,1.9575857,False,False,False,True,0.06269270298047275,False,True,True,retained
TCACAACTTTGCTT-1::pbmc3k,TCACAACTTTGCTT-1,pbmc3k,donor1,healthy,batch1,558,1300.0,44.0,3.3846154,False,False,False,True,0.01234567901234568,False,True,True,retained
TCACATACACTTTC-1::pbmc3k,TCACATACACTTTC-1,pbmc3k,donor1,healthy,batch1,947,2580.0,41.0,1.5891473,False,False,False,True,0.14115308151093434,False,True,True,retained
TCACATACAGGGTG-1::pbmc3k,TCACATACAGGGTG-1,pbmc3k,donor1,healthy,batch1,491,1203.0,20.0,1.6625104,False,False,False,True,0.031880286271958366,False,True,True,retained
TCACCCGAGACGGA-1::pbmc3k,TCACCCGAGACGGA-1,pbmc3k,donor1,healthy,batch1,1386,4220.0,91.0,2.156398,False,False,False,True,0.04909560723514212,False,True,True,retained
TCACCGTGCTCGCT-1::pbmc3k,TCACCGTGCTCGCT-1,pbmc3k,donor1,healthy,batch1,1481,4576.0,160.0,3.4965034,False,False,False,True,0.028816676885346417,False,True,True,retained
TCACCTCTACGACT-1::pbmc3k,TCACCTCTACGACT-1,pbmc3k,donor1,healthy,batch1,823,2131.0,77.0,3.613327,False,False,False,True,0.12727272727272732,False,True,True,retained
TCACCTCTTCCAAG-1::pbmc3k,TCACCTCTTCCAAG-1,pbmc3k,donor1,healthy,batch1,1064,2765.0,71.0,2.567812,False,False,False,True,0.015945330296127564,False,True,True,retained
TCACGAGAGGAGGT-1::pbmc3k,TCACGAGAGGAGGT-1,pbmc3k,donor1,healthy,batch1,681,1644.0,32.0,1.946472,False,False,False,True,0.05206463195691203,False,True,True,retained
TCACTATGGGGCAA-1::pbmc3k,TCACTATGGGGCAA-1,pbmc3k,donor1,healthy,batch1,652,1431.0,27.0,1.8867924,False,False,False,True,0.01850048685491723,False,True,True,retained
TCACTATGGTTGTG-1::pbmc3k,TCACTATGGTTGTG-1,pbmc3k,donor1,healthy,batch1,363,808.0,5.0,0.6188119,False,False,False,True,0.28358208955223857,True,True,False,predicted_doublet
TCAGACGACGCTAA-1::pbmc3k,TCAGACGACGCTAA-1,pbmc3k,donor1,healthy,batch1,824,2309.0,29.0,1.255955,False,False,False,True,0.041474654377880185,False,True,True,retained
TCAGACGACGTTAG-1::pbmc3k,TCAGACGACGTTAG-1,pbmc3k,donor1,healthy,batch1,933,2038.0,39.0,1.9136409,False,False,False,True,0.043824701195219126,False,True,True,retained
TCAGAGACTCCAGA-1::pbmc3k,TCAGAGACTCCAGA-1,pbmc3k,donor1,healthy,batch1,611,2093.0,31.0,1.4811275,False,False,False,True,0.02363936228697086,False,True,True,retained
TCAGCAGACTCCAC-1::pbmc3k,TCAGCAGACTCCAC-1,pbmc3k,donor1,healthy,batch1,886,2640.0,29.0,1.0984849,False,False,False,True,0.043824701195219126,False,True,True,retained
TCAGCGCTCTAGTG-1::pbmc3k,TCAGCGCTCTAGTG-1,pbmc3k,donor1,healthy,batch1,806,1781.0,48.0,2.695115,False,False,False,True,0.03928836174944403,False,True,True,retained
TCAGCGCTGGATCT-1::pbmc3k,TCAGCGCTGGATCT-1,pbmc3k,donor1,healthy,batch1,531,1276.0,26.0,2.0376177,False,False,False,True,0.015165031222123105,False,True,True,retained
TCAGCGCTGGTATC-1::pbmc3k,TCAGCGCTGGTATC-1,pbmc3k,donor1,healthy,batch1,864,2363.0,71.0,3.0046551,False,False,False,True,0.03534303534303534,False,True,True,retained
TCAGGATGAAGTAG-1::pbmc3k,TCAGGATGAAGTAG-1,pbmc3k,donor1,healthy,batch1,648,1623.0,20.0,1.2322859,False,False,False,True,0.021432305279665442,False,True,True,retained
TCAGGATGCCTTTA-1::pbmc3k,TCAGGATGCCTTTA-1,pbmc3k,donor1,healthy,batch1,1142,3122.0,81.0,2.5944908,False,False,False,True,0.03534303534303534,False,True,True,retained
TCAGTGGAAGATCC-1::pbmc3k,TCAGTGGAAGATCC-1,pbmc3k,donor1,healthy,batch1,736,1688.0,32.0,1.8957347,False,False,False,True,0.10559006211180123,False,True,True,retained
TCAGTTACCTACGA-1::pbmc3k,TCAGTTACCTACGA-1,pbmc3k,donor1,healthy,batch1,955,2574.0,69.0,2.6806526,False,False,False,True,0.01234567901234568,False,True,True,retained
TCAGTTACTAGAAG-1::pbmc3k,TCAGTTACTAGAAG-1,pbmc3k,donor1,healthy,batch1,826,2239.0,28.0,1.2505583,False,False,False,True,0.037249283667621785,False,True,True,retained
TCATCAACCCGATA-1::pbmc3k,TCATCAACCCGATA-1,pbmc3k,donor1,healthy,batch1,725,2340.0,52.0,2.2222223,False,False,False,True,0.07692307692307694,False,True,True,retained
TCATCAACTGTTCT-1::pbmc3k,TCATCAACTGTTCT-1,pbmc3k,donor1,healthy,batch1,1174,4052.0,111.0,2.739388,False,False,False,True,0.030303030303030304,False,True,True,retained
TCATCATGCAGTTG-1::pbmc3k,TCATCATGCAGTTG-1,pbmc3k,donor1,healthy,batch1,841,2220.0,30.0,1.3513514,False,False,False,True,0.06269270298047275,False,True,True,retained
TCATCCCTTACTGG-1::pbmc3k,TCATCCCTTACTGG-1,pbmc3k,donor1,healthy,batch1,1006,2834.0,39.0,1.3761468,False,False,False,True,0.06695464362850971,False,True,True,retained
TCATTCGATACAGC-1::pbmc3k,TCATTCGATACAGC-1,pbmc3k,donor1,healthy,batch1,1418,4631.0,138.0,2.979918,False,False,False,True,0.01850048685491723,False,True,True,retained
TCCACGTGGAAACA-1::pbmc3k,TCCACGTGGAAACA-1,pbmc3k,donor1,healthy,batch1,955,3201.0,51.0,1.5932521,False,False,False,True,0.019431988041853514,False,True,True,retained
TCCACTCTACACTG-1::pbmc3k,TCCACTCTACACTG-1,pbmc3k,donor1,healthy,batch1,829,2049.0,14.0,0.6832601,False,False,False,True,0.04635761589403972,False,True,True,retained
TCCACTCTGAGCTT-1::pbmc3k,TCCACTCTGAGCTT-1,pbmc3k,donor1,healthy,batch1,1038,3186.0,80.0,2.5109856,False,False,False,True,0.028816676885346417,False,True,True,retained
TCCACTCTTACTTC-1::pbmc3k,TCCACTCTTACTTC-1,pbmc3k,donor1,healthy,batch1,632,1502.0,11.0,0.73235685,False,False,False,True,0.01109350237717908,False,True,True,retained
TCCATAACAAAGTG-1::pbmc3k,TCCATAACAAAGTG-1,pbmc3k,donor1,healthy,batch1,750,2226.0,50.0,2.2461815,False,False,False,True,0.04909560723514212,False,True,True,retained
TCCATAACCGTAGT-1::pbmc3k,TCCATAACCGTAGT-1,pbmc3k,donor1,healthy,batch1,846,2093.0,21.0,1.0033444,False,False,False,True,0.019431988041853514,False,True,True,retained
TCCATAACGATGAA-1::pbmc3k,TCCATAACGATGAA-1,pbmc3k,donor1,healthy,batch1,1033,2555.0,41.0,1.6046968,False,False,False,True,0.07692307692307694,False,True,True,retained
TCCATAACTACGCA-1::pbmc3k,TCCATAACTACGCA-1,pbmc3k,donor1,healthy,batch1,859,2497.0,44.0,1.7621145,False,False,False,True,0.03534303534303534,False,True,True,retained
TCCATCCTCCCTAC-1::pbmc3k,TCCATCCTCCCTAC-1,pbmc3k,donor1,healthy,batch1,890,2010.0,43.0,2.1393034,False,False,False,True,0.03928836174944403,False,True,True,retained
TCCCACGATCATTC-1::pbmc3k,TCCCACGATCATTC-1,pbmc3k,donor1,healthy,batch1,893,2636.0,28.0,1.0622154,False,False,False,True,0.05206463195691203,False,True,True,retained
TCCCATCTCAAAGA-1::pbmc3k,TCCCATCTCAAAGA-1,pbmc3k,donor1,healthy,batch1,1030,3217.0,64.0,1.9894311,False,False,False,True,0.016759776536312852,False,True,True,retained
TCCCGAACACAGTC-1::pbmc3k,TCCCGAACACAGTC-1,pbmc3k,donor1,healthy,batch1,913,1722.0,61.0,3.5423927,False,False,False,True,0.020408163265306124,False,True,True,retained
TCCCGAACTTCGCC-1::pbmc3k,TCCCGAACTTCGCC-1,pbmc3k,donor1,healthy,batch1,1385,4180.0,101.0,2.4162679,False,False,False,True,0.016759776536312852,False,True,True,retained
TCCCGATGAGATCC-1::pbmc3k,TCCCGATGAGATCC-1,pbmc3k,donor1,healthy,batch1,750,1773.0,37.0,2.0868585,False,False,False,True,0.05529522024367387,False,True,True,retained
TCCCGATGCCTGAA-1::pbmc3k,TCCCGATGCCTGAA-1,pbmc3k,donor1,healthy,batch1,416,810.0,17.0,2.0987654,False,False,False,True,0.006447234475738038,False,True,True,retained
TCCCGATGCTGTGA-1::pbmc3k,TCCCGATGCTGTGA-1,pbmc3k,donor1,healthy,batch1,740,1888.0,99.0,5.243644,False,False,True,False,,False,False,False,high_mito
TCCCTACTCAACTG-1::pbmc3k,TCCCTACTCAACTG-1,pbmc3k,donor1,healthy,batch1,703,1717.0,25.0,1.456028,False,False,False,True,0.021432305279665442,False,True,True,retained
TCCGAAGACAATCG-1::pbmc3k,TCCGAAGACAATCG-1,pbmc3k,donor1,healthy,batch1,522,1103.0,18.0,1.631913,False,False,False,True,0.008849557522123895,False,True,True,retained
TCCGAAGACGTTAG-1::pbmc3k,TCCGAAGACGTTAG-1,pbmc3k,donor1,healthy,batch1,856,2866.0,50.0,1.7445918,False,False,False,True,0.04909560723514212,False,True,True,retained
TCCGGACTGAGGTG-1::pbmc3k,TCCGGACTGAGGTG-1,pbmc3k,donor1,healthy,batch1,914,2387.0,21.0,0.8797654,False,False,False,True,0.041474654377880185,False,True,True,retained
TCCGGACTGTACGT-1::pbmc3k,TCCGGACTGTACGT-1,pbmc3k,donor1,healthy,batch1,742,1942.0,51.0,2.6261587,False,False,False,True,0.05529522024367387,False,True,True,retained
TCCTAAACATCGAC-1::pbmc3k,TCCTAAACATCGAC-1,pbmc3k,donor1,healthy,batch1,381,893.0,7.0,0.7838746,False,False,False,True,0.04635761589403972,False,True,True,retained
TCCTAAACCGAGAG-1::pbmc3k,TCCTAAACCGAGAG-1,pbmc3k,donor1,healthy,batch1,1079,3321.0,88.0,2.649804,False,False,False,True,0.06269270298047275,False,True,True,retained
TCCTAAACCGCATA-1::pbmc3k,TCCTAAACCGCATA-1,pbmc3k,donor1,healthy,batch1,671,1386.0,30.0,2.1645021,False,False,False,True,0.019431988041853514,False,True,True,retained
TCCTAATGGTTTGG-1::pbmc3k,TCCTAATGGTTTGG-1,pbmc3k,donor1,healthy,batch1,1101,2660.0,45.0,1.6917294,False,False,False,True,0.02483069977426637,False,True,True,retained
TCCTACCTGTCGTA-1::pbmc3k,TCCTACCTGTCGTA-1,pbmc3k,donor1,healthy,batch1,858,2508.0,26.0,1.0366826,False,False,False,True,0.04635761589403972,False,True,True,retained
TCCTATGAAAAGCA-1::pbmc3k,TCCTATGAAAAGCA-1,pbmc3k,donor1,healthy,batch1,663,1545.0,34.0,2.2006474,False,False,False,True,0.08280254777070062,False,True,True,retained
TCGAATCTCTGGTA-1::pbmc3k,TCGAATCTCTGGTA-1,pbmc3k,donor1,healthy,batch1,581,1305.0,31.0,2.3754787,False,False,False,True,0.04909560723514212,False,True,True,retained
TCGACCTGCCGATA-1::pbmc3k,TCGACCTGCCGATA-1,pbmc3k,donor1,healthy,batch1,845,2173.0,32.0,1.4726186,False,False,False,True,0.02608695652173913,False,True,True,retained
TCGACGCTTCTATC-1::pbmc3k,TCGACGCTTCTATC-1,pbmc3k,donor1,healthy,batch1,881,2541.0,26.0,1.0232192,False,False,False,True,0.020408163265306124,False,True,True,retained
TCGACGCTTTGACG-1::pbmc3k,TCGACGCTTTGACG-1,pbmc3k,donor1,healthy,batch1,823,2196.0,70.0,3.187614,False,False,False,True,0.043824701195219126,False,True,True,retained
TCGAGAACGACAGG-1::pbmc3k,TCGAGAACGACAGG-1,pbmc3k,donor1,healthy,batch1,835,2496.0,108.0,4.3269234,False,False,False,True,0.06695464362850971,False,True,True,retained
TCGAGAACGTTAGC-1::pbmc3k,TCGAGAACGTTAGC-1,pbmc3k,donor1,healthy,batch1,1290,3384.0,54.0,1.5957447,False,False,False,True,0.04635761589403972,False,True,True,retained
TCGAGCCTATCAGC-1::pbmc3k,TCGAGCCTATCAGC-1,pbmc3k,donor1,healthy,batch1,598,1489.0,33.0,2.2162526,False,False,False,True,0.009931245225362874,False,True,True,retained
TCGAGCCTGCGAGA-1::pbmc3k,TCGAGCCTGCGAGA-1,pbmc3k,donor1,healthy,batch1,1130,3237.0,79.0,2.4405313,False,False,False,True,0.09696092619392188,False,True,True,retained
TCGAGCCTTGTGAC-1::pbmc3k,TCGAGCCTTGTGAC-1,pbmc3k,donor1,healthy,batch1,793,2608.0,87.0,3.3358893,False,False,False,True,0.041474654377880185,False,True,True,retained
TCGATACTATTCCT-1::pbmc3k,TCGATACTATTCCT-1,pbmc3k,donor1,healthy,batch1,838,2486.0,34.0,1.367659,False,False,False,True,0.05206463195691203,False,True,True,retained
TCGATACTTGCACA-1::pbmc3k,TCGATACTTGCACA-1,pbmc3k,donor1,healthy,batch1,765,1825.0,39.0,2.1369863,False,False,False,True,0.043824701195219126,False,True,True,retained
TCGATTTGATGCCA-1::pbmc3k,TCGATTTGATGCCA-1,pbmc3k,donor1,healthy,batch1,768,2116.0,25.0,1.1814746,False,False,False,True,0.030303030303030304,False,True,True,retained
TCGATTTGCACTCC-1::pbmc3k,TCGATTTGCACTCC-1,pbmc3k,donor1,healthy,batch1,815,2506.0,27.0,1.0774142,False,False,False,True,0.019431988041853514,False,True,True,retained
TCGATTTGCAGCTA-1::pbmc3k,TCGATTTGCAGCTA-1,pbmc3k,donor1,healthy,batch1,810,1686.0,40.0,2.3724792,False,False,False,True,0.008849557522123895,False,True,True,retained
TCGATTTGCCTACC-1::pbmc3k,TCGATTTGCCTACC-1,pbmc3k,donor1,healthy,batch1,912,2281.0,64.0,2.8057868,False,False,False,True,0.02608695652173913,False,True,True,retained
TCGATTTGTCGTGA-1::pbmc3k,TCGATTTGTCGTGA-1,pbmc3k,donor1,healthy,batch1,818,2737.0,51.0,1.8633541,False,False,False,True,0.028816676885346417,False,True,True,retained
TCGCACACCATCAG-1::pbmc3k,TCGCACACCATCAG-1,pbmc3k,donor1,healthy,batch1,468,891.0,68.0,7.631874,False,False,True,False,,False,False,False,high_mito
TCGCAGCTAGATCC-1::pbmc3k,TCGCAGCTAGATCC-1,pbmc3k,donor1,healthy,batch1,790,2098.0,50.0,2.383222,False,False,False,True,0.09696092619392188,False,True,True,retained
TCGCCATGAGACTC-1::pbmc3k,TCGCCATGAGACTC-1,pbmc3k,donor1,healthy,batch1,665,1864.0,33.0,1.7703863,False,False,False,True,0.01850048685491723,False,True,True,retained
TCGCCATGTGGTCA-1::pbmc3k,TCGCCATGTGGTCA-1,pbmc3k,donor1,healthy,batch1,703,1582.0,28.0,1.7699115,False,False,False,True,0.01234567901234568,False,True,True,retained
TCGGACCTAACAGA-1::pbmc3k,TCGGACCTAACAGA-1,pbmc3k,donor1,healthy,batch1,875,2910.0,33.0,1.1340207,False,False,False,True,0.08943089430894309,False,True,True,retained
TCGGACCTATAAGG-1::pbmc3k,TCGGACCTATAAGG-1,pbmc3k,donor1,healthy,batch1,657,1368.0,16.0,1.1695907,False,False,False,True,0.009931245225362874,False,True,True,retained
TCGGACCTGTACAC-1::pbmc3k,TCGGACCTGTACAC-1,pbmc3k,donor1,healthy,batch1,1567,5600.0,80.0,1.4285715,False,False,False,True,0.10559006211180123,False,True,True,retained
TCGGTAGAGTAGGG-1::pbmc3k,TCGGTAGAGTAGGG-1,pbmc3k,donor1,healthy,batch1,688,2104.0,32.0,1.5209125,False,False,False,True,0.022508038585209007,False,True,True,retained
TCGGTAGATCCCAC-1::pbmc3k,TCGGTAGATCCCAC-1,pbmc3k,donor1,healthy,batch1,749,2177.0,38.0,1.7455213,False,False,False,True,0.04909560723514212,False,True,True,retained
TCGTAGGATCGACA-1::pbmc3k,TCGTAGGATCGACA-1,pbmc3k,donor1,healthy,batch1,1076,2905.0,91.0,3.1325302,False,False,False,True,0.06269270298047275,False,True,True,retained
TCGTGAGAACTGTG-1::pbmc3k,TCGTGAGAACTGTG-1,pbmc3k,donor1,healthy,batch1,326,649.0,47.0,7.241911,False,False,True,False,,False,False,False,high_mito
TCGTTATGGACAAA-1::pbmc3k,TCGTTATGGACAAA-1,pbmc3k,donor1,healthy,batch1,782,2162.0,27.0,1.2488437,False,False,False,True,0.07167235494880546,False,True,True,retained
TCTAACACCAGTTG-1::pbmc3k,TCTAACACCAGTTG-1,pbmc3k,donor1,healthy,batch1,543,1090.0,40.0,3.6697247,False,False,False,True,0.02608695652173913,False,True,True,retained
TCTAACACGAGCAG-1::pbmc3k,TCTAACACGAGCAG-1,pbmc3k,donor1,healthy,batch1,1100,3182.0,51.0,1.6027656,False,False,False,True,0.04909560723514212,False,True,True,retained
TCTAACTGAACCAC-1::pbmc3k,TCTAACTGAACCAC-1,pbmc3k,donor1,healthy,batch1,841,2303.0,61.0,2.648719,False,False,False,True,0.041474654377880185,False,True,True,retained
TCTAAGCTAATGCC-1::pbmc3k,TCTAAGCTAATGCC-1,pbmc3k,donor1,healthy,batch1,809,2515.0,32.0,1.2723658,False,False,False,True,0.02608695652173913,False,True,True,retained
TCTAAGCTTAGTCG-1::pbmc3k,TCTAAGCTTAGTCG-1,pbmc3k,donor1,healthy,batch1,789,1791.0,32.0,1.7867112,False,False,False,True,0.05529522024367387,False,True,True,retained
TCTAAGCTTCTAGG-1::pbmc3k,TCTAAGCTTCTAGG-1,pbmc3k,donor1,healthy,batch1,1263,3782.0,64.0,1.6922263,False,False,False,True,0.017610661589719183,False,True,True,retained
TCTAAGCTTGTTCT-1::pbmc3k,TCTAAGCTTGTTCT-1,pbmc3k,donor1,healthy,batch1,758,2052.0,51.0,2.4853802,False,False,False,True,0.03355704697986577,False,True,True,retained
TCTAAGCTTTCGCC-1::pbmc3k,TCTAAGCTTTCGCC-1,pbmc3k,donor1,healthy,batch1,368,686.0,6.0,0.8746356,False,False,False,True,0.006896551724137932,False,True,True,retained
TCTACAACGACTAC-1::pbmc3k,TCTACAACGACTAC-1,pbmc3k,donor1,healthy,batch1,1022,2564.0,58.0,2.2620904,False,False,False,True,0.017610661589719183,False,True,True,retained
TCTAGACTTAGAAG-1::pbmc3k,TCTAGACTTAGAAG-1,pbmc3k,donor1,healthy,batch1,730,1834.0,68.0,3.7077427,False,False,False,True,0.016759776536312852,False,True,True,retained
TCTAGTTGCACCAA-1::pbmc3k,TCTAGTTGCACCAA-1,pbmc3k,donor1,healthy,batch1,1101,3303.0,44.0,1.3321223,False,False,False,True,0.03534303534303534,False,True,True,retained
TCTATGTGAAGAGT-1::pbmc3k,TCTATGTGAAGAGT-1,pbmc3k,donor1,healthy,batch1,478,1131.0,19.0,1.6799294,False,False,False,True,0.07692307692307694,False,True,True,retained
TCTATGTGAGTCTG-1::pbmc3k,TCTATGTGAGTCTG-1,pbmc3k,donor1,healthy,batch1,488,951.0,28.0,2.9442692,False,False,False,True,0.019431988041853514,False,True,True,retained
TCTCAAACCTAAGC-1::pbmc3k,TCTCAAACCTAAGC-1,pbmc3k,donor1,healthy,batch1,618,1479.0,25.0,1.6903313,False,False,False,True,0.06269270298047275,False,True,True,retained
TCTCTAGAATTTCC-1::pbmc3k,TCTCTAGAATTTCC-1,pbmc3k,donor1,healthy,batch1,940,2723.0,33.0,1.2118987,False,False,False,True,0.06269270298047275,False,True,True,retained
TCTGATACACGTGT-1::pbmc3k,TCTGATACACGTGT-1,pbmc3k,donor1,healthy,batch1,771,2225.0,46.0,2.0674157,False,False,False,True,0.07167235494880546,False,True,True,retained
TCTGATACTCGCCT-1::pbmc3k,TCTGATACTCGCCT-1,pbmc3k,donor1,healthy,batch1,784,2451.0,82.0,3.3455734,False,False,False,True,0.07692307692307694,False,True,True,retained
TCTTACGAACCTGA-1::pbmc3k,TCTTACGAACCTGA-1,pbmc3k,donor1,healthy,batch1,847,2156.0,54.0,2.5046382,False,False,False,True,0.022508038585209007,False,True,True,retained
TCTTCAGAGCTACA-1::pbmc3k,TCTTCAGAGCTACA-1,pbmc3k,donor1,healthy,batch1,1303,3625.0,71.0,1.9586208,False,False,False,True,0.027413587604290822,False,True,True,retained
TCTTGATGCGGAGA-1::pbmc3k,TCTTGATGCGGAGA-1,pbmc3k,donor1,healthy,batch1,821,2273.0,50.0,2.199736,False,False,False,True,0.03928836174944403,False,True,True,retained
TGAAATTGGTGAGG-1::pbmc3k,TGAAATTGGTGAGG-1,pbmc3k,donor1,healthy,batch1,1111,3348.0,83.0,2.4790921,False,False,False,True,0.05529522024367387,False,True,True,retained
TGAACCGAAAACGA-1::pbmc3k,TGAACCGAAAACGA-1,pbmc3k,donor1,healthy,batch1,752,2185.0,57.0,2.6086955,False,False,False,True,0.03534303534303534,False,True,True,retained
TGAACCGACTACTT-1::pbmc3k,TGAACCGACTACTT-1,pbmc3k,donor1,healthy,batch1,1128,2913.0,42.0,1.4418126,False,False,False,True,0.041474654377880185,False,True,True,retained
TGAACCGATTCGGA-1::pbmc3k,TGAACCGATTCGGA-1,pbmc3k,donor1,healthy,batch1,958,2871.0,58.0,2.020202,False,False,False,True,0.015165031222123105,False,True,True,retained
TGAAGCACTCACGA-1::pbmc3k,TGAAGCACTCACGA-1,pbmc3k,donor1,healthy,batch1,742,1917.0,49.0,2.5560772,False,False,False,True,0.08280254777070062,False,True,True,retained
TGAAGCTGAACGAA-1::pbmc3k,TGAAGCTGAACGAA-1,pbmc3k,donor1,healthy,batch1,782,2514.0,53.0,2.108194,False,False,False,True,0.037249283667621785,False,True,True,retained
TGAAGCTGAGACTC-1::pbmc3k,TGAAGCTGAGACTC-1,pbmc3k,donor1,healthy,batch1,279,609.0,37.0,6.0755334,False,False,True,False,,False,False,False,high_mito
TGAAGCTGCATGGT-1::pbmc3k,TGAAGCTGCATGGT-1,pbmc3k,donor1,healthy,batch1,824,2029.0,39.0,1.9221292,False,False,False,True,0.01109350237717908,False,True,True,retained
TGAAGCTGCGTAAC-1::pbmc3k,TGAAGCTGCGTAAC-1,pbmc3k,donor1,healthy,batch1,751,2178.0,52.0,2.3875115,False,False,False,True,0.043824701195219126,False,True,True,retained
TGAATAACCACTTT-1::pbmc3k,TGAATAACCACTTT-1,pbmc3k,donor1,healthy,batch1,872,2591.0,45.0,1.7367812,False,False,False,True,0.041474654377880185,False,True,True,retained
TGAATAACTCCCAC-1::pbmc3k,TGAATAACTCCCAC-1,pbmc3k,donor1,healthy,batch1,939,2142.0,97.0,4.528478,False,False,False,True,0.014416775884665795,False,True,True,retained
TGACACGACCTTAT-1::pbmc3k,TGACACGACCTTAT-1,pbmc3k,donor1,healthy,batch1,606,1510.0,29.0,1.9205298,False,False,False,True,0.017610661589719183,False,True,True,retained
TGACCAGACAACCA-1::pbmc3k,TGACCAGACAACCA-1,pbmc3k,donor1,healthy,batch1,698,1800.0,20.0,1.1111112,False,False,False,True,0.07167235494880546,False,True,True,retained
TGACCAGAGGATTC-1::pbmc3k,TGACCAGAGGATTC-1,pbmc3k,donor1,healthy,batch1,705,1923.0,47.0,2.4440978,False,False,False,True,0.028816676885346417,False,True,True,retained
TGACCGCTAAAAGC-1::pbmc3k,TGACCGCTAAAAGC-1,pbmc3k,donor1,healthy,batch1,963,3021.0,43.0,1.4233698,False,False,False,True,0.04635761589403972,False,True,True,retained
TGACCGCTCTGCAA-1::pbmc3k,TGACCGCTCTGCAA-1,pbmc3k,donor1,healthy,batch1,607,1926.0,31.0,1.6095533,False,False,False,True,0.014416775884665795,False,True,True,retained
TGACGATGCAAAGA-1::pbmc3k,TGACGATGCAAAGA-1,pbmc3k,donor1,healthy,batch1,621,1634.0,28.0,1.7135862,False,False,False,True,0.028816676885346417,False,True,True,retained
TGACGCCTGTACCA-1::pbmc3k,TGACGCCTGTACCA-1,pbmc3k,donor1,healthy,batch1,1650,5159.0,153.0,2.9656909,False,False,False,True,0.037249283667621785,False,True,True,retained
TGACGCCTTTACTC-1::pbmc3k,TGACGCCTTTACTC-1,pbmc3k,donor1,healthy,batch1,1093,2613.0,23.0,0.8802143,False,False,False,True,0.07692307692307694,False,True,True,retained
TGACTGGAAGAGAT-1::pbmc3k,TGACTGGAAGAGAT-1,pbmc3k,donor1,healthy,batch1,545,1442.0,32.0,2.21914,False,False,False,True,0.008336353751359188,False,True,True,retained
TGACTGGACCGTAA-1::pbmc3k,TGACTGGACCGTAA-1,pbmc3k,donor1,healthy,batch1,670,1494.0,7.0,0.46854085,False,False,False,True,0.041474654377880185,False,True,True,retained
TGACTGGACGCAAT-1::pbmc3k,TGACTGGACGCAAT-1,pbmc3k,donor1,healthy,batch1,617,1756.0,29.0,1.6514806,False,False,False,True,0.031880286271958366,False,True,True,retained
TGACTGGAGGACAG-1::pbmc3k,TGACTGGAGGACAG-1,pbmc3k,donor1,healthy,batch1,723,1852.0,40.0,2.1598272,False,False,False,True,0.020408163265306124,False,True,True,retained
TGACTGGATTCTCA-1::pbmc3k,TGACTGGATTCTCA-1,pbmc3k,donor1,healthy,batch1,1194,4076.0,80.0,1.9627085,False,False,False,True,0.02608695652173913,False,True,True,retained
TGACTTACACACCA-1::pbmc3k,TGACTTACACACCA-1,pbmc3k,donor1,healthy,batch1,1019,3324.0,30.0,0.9025271,False,False,False,True,0.037249283667621785,False,True,True,retained
TGACTTACAGTCTG-1::pbmc3k,TGACTTACAGTCTG-1,pbmc3k,donor1,healthy,batch1,1291,4136.0,79.0,1.910058,False,False,False,True,0.017610661589719183,False,True,True,retained
TGACTTTGCGCATA-1::pbmc3k,TGACTTTGCGCATA-1,pbmc3k,donor1,healthy,batch1,758,2348.0,32.0,1.362862,False,False,False,True,0.015165031222123105,False,True,True,retained
TGACTTTGTTTGTC-1::pbmc3k,TGACTTTGTTTGTC-1,pbmc3k,donor1,healthy,batch1,855,2289.0,36.0,1.5727391,False,False,False,True,0.07692307692307694,False,True,True,retained
TGAGACACAAGGTA-1::pbmc3k,TGAGACACAAGGTA-1,pbmc3k,donor1,healthy,batch1,1549,5138.0,68.0,1.3234721,False,False,False,True,0.07167235494880546,False,True,True,retained
TGAGACACTCAAGC-1::pbmc3k,TGAGACACTCAAGC-1,pbmc3k,donor1,healthy,batch1,743,1816.0,72.0,3.9647574,False,False,False,True,0.04909560723514212,False,True,True,retained
TGAGACACTGTGCA-1::pbmc3k,TGAGACACTGTGCA-1,pbmc3k,donor1,healthy,batch1,411,769.0,50.0,6.5019503,False,False,True,False,,False,False,False,high_mito
TGAGCTGAATGCTG-1::pbmc3k,TGAGCTGAATGCTG-1,pbmc3k,donor1,healthy,batch1,1372,4165.0,85.0,2.0408163,False,False,False,True,0.016759776536312852,False,True,True,retained
TGAGCTGACTGGAT-1::pbmc3k,TGAGCTGACTGGAT-1,pbmc3k,donor1,healthy,batch1,802,2132.0,70.0,3.283302,False,False,False,True,0.010501750291715288,False,True,True,retained
TGAGCTGAGCGAGA-1::pbmc3k,TGAGCTGAGCGAGA-1,pbmc3k,donor1,healthy,batch1,280,664.0,36.0,5.421687,False,False,True,False,,False,False,False,high_mito
TGAGCTGATGCTAG-1::pbmc3k,TGAGCTGATGCTAG-1,pbmc3k,donor1,healthy,batch1,337,661.0,22.0,3.3282905,False,False,False,True,0.04909560723514212,False,True,True,retained
TGAGGACTCTCATT-1::pbmc3k,TGAGGACTCTCATT-1,pbmc3k,donor1,healthy,batch1,1121,3669.0,148.0,4.0337963,False,False,False,True,0.019431988041853514,False,True,True,retained
TGAGGACTTCATTC-1::pbmc3k,TGAGGACTTCATTC-1,pbmc3k,donor1,healthy,batch1,1028,3089.0,57.0,1.8452574,False,False,False,True,0.037249283667621785,False,True,True,retained
TGAGGTACGAACCT-1::pbmc3k,TGAGGTACGAACCT-1,pbmc3k,donor1,healthy,batch1,1524,4755.0,136.0,2.8601472,False,False,False,True,0.05206463195691203,False,True,True,retained
TGAGTCGAGTTACG-1::pbmc3k,TGAGTCGAGTTACG-1,pbmc3k,donor1,healthy,batch1,645,1377.0,34.0,2.4691358,False,False,False,True,0.027413587604290822,False,True,True,retained
TGAGTGACTGAGCT-1::pbmc3k,TGAGTGACTGAGCT-1,pbmc3k,donor1,healthy,batch1,847,2457.0,47.0,1.9129019,False,False,False,True,0.02363936228697086,False,True,True,retained
TGATAAACGAATCC-1::pbmc3k,TGATAAACGAATCC-1,pbmc3k,donor1,healthy,batch1,866,2519.0,54.0,2.1437078,False,False,False,True,0.07167235494880546,False,True,True,retained
TGATAAACTCCGTC-1::pbmc3k,TGATAAACTCCGTC-1,pbmc3k,donor1,healthy,batch1,941,2068.0,37.0,1.7891682,False,False,False,True,0.01850048685491723,False,True,True,retained
TGATAAACTTTCAC-1::pbmc3k,TGATAAACTTTCAC-1,pbmc3k,donor1,healthy,batch1,751,1922.0,35.0,1.8210196,False,False,False,True,0.03534303534303534,False,True,True,retained
TGATACCTCACTAG-1::pbmc3k,TGATACCTCACTAG-1,pbmc3k,donor1,healthy,batch1,583,1506.0,20.0,1.3280213,False,False,False,True,0.009380863039399626,False,True,True,retained
TGATACCTGTTGGT-1::pbmc3k,TGATACCTGTTGGT-1,pbmc3k,donor1,healthy,batch1,796,2216.0,34.0,1.534296,False,False,False,True,0.058823529411764705,False,True,True,retained
TGATACCTTATGCG-1::pbmc3k,TGATACCTTATGCG-1,pbmc3k,donor1,healthy,batch1,793,2264.0,53.0,2.3409894,False,False,False,True,0.06695464362850971,False,True,True,retained
TGATACCTTGAAGA-1::pbmc3k,TGATACCTTGAAGA-1,pbmc3k,donor1,healthy,batch1,975,3063.0,39.0,1.2732614,False,False,False,True,0.06695464362850971,False,True,True,retained
TGATATGAACCTTT-1::pbmc3k,TGATATGAACCTTT-1,pbmc3k,donor1,healthy,batch1,936,2958.0,51.0,1.7241379,False,False,False,True,0.04909560723514212,False,True,True,retained
TGATCACTAGCATC-1::pbmc3k,TGATCACTAGCATC-1,pbmc3k,donor1,healthy,batch1,524,1110.0,51.0,4.5945945,False,False,False,True,0.2044198895027624,False,True,True,retained
TGATCACTCTCGCT-1::pbmc3k,TGATCACTCTCGCT-1,pbmc3k,donor1,healthy,batch1,659,1843.0,45.0,2.4416711,False,False,False,True,0.031880286271958366,False,True,True,retained
TGATCACTTCTACT-1::pbmc3k,TGATCACTTCTACT-1,pbmc3k,donor1,healthy,batch1,607,1756.0,47.0,2.6765375,False,False,False,True,0.04909560723514212,False,True,True,retained
TGATCGGACTGACA-1::pbmc3k,TGATCGGACTGACA-1,pbmc3k,donor1,healthy,batch1,1433,4211.0,153.0,3.6333413,False,False,False,True,0.02608695652173913,False,True,True,retained
TGATCGGAGGAGCA-1::pbmc3k,TGATCGGAGGAGCA-1,pbmc3k,donor1,healthy,batch1,562,1352.0,17.0,1.2573965,False,False,False,True,0.01234567901234568,False,True,True,retained
TGATCGGATATGCG-1::pbmc3k,TGATCGGATATGCG-1,pbmc3k,donor1,healthy,batch1,696,1526.0,56.0,3.6697247,False,False,False,True,0.016759776536312852,False,True,True,retained
TGATTAGACATTGG-1::pbmc3k,TGATTAGACATTGG-1,pbmc3k,donor1,healthy,batch1,927,2278.0,30.0,1.3169447,False,False,False,True,0.028816676885346417,False,True,True,retained
TGATTAGATGACTG-1::pbmc3k,TGATTAGATGACTG-1,pbmc3k,donor1,healthy,batch1,517,1175.0,35.0,2.9787235,False,False,False,True,0.022508038585209007,False,True,True,retained
TGATTAGATGCTAG-1::pbmc3k,TGATTAGATGCTAG-1,pbmc3k,donor1,healthy,batch1,719,2242.0,41.0,1.8287244,False,False,False,True,0.041474654377880185,False,True,True,retained
TGATTCACTATGCG-1::pbmc3k,TGATTCACTATGCG-1,pbmc3k,donor1,healthy,batch1,599,1901.0,44.0,2.3145714,False,False,False,True,0.021432305279665442,False,True,True,retained
TGATTCACTGTCAG-1::pbmc3k,TGATTCACTGTCAG-1,pbmc3k,donor1,healthy,batch1,639,1733.0,26.0,1.5002885,False,False,False,True,0.030303030303030304,False,True,True,retained
TGATTCTGCCGAAT-1::pbmc3k,TGATTCTGCCGAAT-1,pbmc3k,donor1,healthy,batch1,977,3102.0,56.0,1.8052869,False,False,False,True,0.043824701195219126,False,True,True,retained
TGATTCTGCTCTTA-1::pbmc3k,TGATTCTGCTCTTA-1,pbmc3k,donor1,healthy,batch1,1019,2820.0,39.0,1.3829787,False,False,False,True,0.058823529411764705,False,True,True,retained
TGCAAGTGAGAACA-1::pbmc3k,TGCAAGTGAGAACA-1,pbmc3k,donor1,healthy,batch1,816,2063.0,60.0,2.908386,False,False,False,True,0.05206463195691203,False,True,True,retained
TGCAAGTGGGTAGG-1::pbmc3k,TGCAAGTGGGTAGG-1,pbmc3k,donor1,healthy,batch1,672,1705.0,31.0,1.8181818,False,False,False,True,0.031880286271958366,False,True,True,retained
TGCAATCTTCAGGT-1::pbmc3k,TGCAATCTTCAGGT-1,pbmc3k,donor1,healthy,batch1,1903,6317.0,107.0,1.693842,False,False,False,True,0.23809523809523814,True,True,False,predicted_doublet
TGCACAGACGACAT-1::pbmc3k,TGCACAGACGACAT-1,pbmc3k,donor1,healthy,batch1,1162,2463.0,69.0,2.8014617,False,False,False,True,0.03355704697986577,False,True,True,retained
TGCCAAGAGCAGTT-1::pbmc3k,TGCCAAGAGCAGTT-1,pbmc3k,donor1,healthy,batch1,964,2914.0,47.0,1.6129031,False,False,False,True,0.07692307692307694,False,True,True,retained
TGCCAAGATCTCTA-1::pbmc3k,TGCCAAGATCTCTA-1,pbmc3k,donor1,healthy,batch1,936,3094.0,54.0,1.7453136,False,False,False,True,0.07167235494880546,False,True,True,retained
TGCCACTGAACGTC-1::pbmc3k,TGCCACTGAACGTC-1,pbmc3k,donor1,healthy,batch1,947,2656.0,20.0,0.75301206,False,False,False,True,0.05206463195691203,False,True,True,retained
TGCCACTGCGATAC-1::pbmc3k,TGCCACTGCGATAC-1,pbmc3k,donor1,healthy,batch1,989,1949.0,25.0,1.2827091,False,False,False,True,0.037249283667621785,False,True,True,retained
TGCCAGCTTGGCAT-1::pbmc3k,TGCCAGCTTGGCAT-1,pbmc3k,donor1,healthy,batch1,790,2184.0,30.0,1.3736264,False,False,False,True,0.05206463195691203,False,True,True,retained
TGCCCAACAGCAAA-1::pbmc3k,TGCCCAACAGCAAA-1,pbmc3k,donor1,healthy,batch1,902,2794.0,34.0,1.2168933,False,False,False,True,0.04909560723514212,False,True,True,retained
TGCCCAACCGCATA-1::pbmc3k,TGCCCAACCGCATA-1,pbmc3k,donor1,healthy,batch1,982,2799.0,91.0,3.251161,False,False,False,True,0.05206463195691203,False,True,True,retained
TGCCGACTCTCCCA-1::pbmc3k,TGCCGACTCTCCCA-1,pbmc3k,donor1,healthy,batch1,673,1904.0,42.0,2.2058823,False,False,False,True,0.01109350237717908,False,True,True,retained
TGCGAAACAGTCAC-1::pbmc3k,TGCGAAACAGTCAC-1,pbmc3k,donor1,healthy,batch1,856,2339.0,58.0,2.4796922,False,False,False,True,0.015945330296127564,False,True,True,retained
TGCGAAACGTTGCA-1::pbmc3k,TGCGAAACGTTGCA-1,pbmc3k,donor1,healthy,batch1,629,1420.0,46.0,3.2394364,False,False,False,True,0.017610661589719183,False,True,True,retained
TGCGATGAACGGTT-1::pbmc3k,TGCGATGAACGGTT-1,pbmc3k,donor1,healthy,batch1,692,1829.0,42.0,2.2963367,False,False,False,True,0.06695464362850971,False,True,True,retained
TGCGATGACCTCGT-1::pbmc3k,TGCGATGACCTCGT-1,pbmc3k,donor1,healthy,batch1,843,2220.0,45.0,2.027027,False,False,False,True,0.03928836174944403,False,True,True,retained
TGCGATGACTAGTG-1::pbmc3k,TGCGATGACTAGTG-1,pbmc3k,donor1,healthy,batch1,940,2846.0,54.0,1.8973999,False,False,False,True,0.14115308151093434,False,True,True,retained
TGCGATGACTGCTC-1::pbmc3k,TGCGATGACTGCTC-1,pbmc3k,donor1,healthy,batch1,795,2314.0,45.0,1.9446846,False,False,False,True,0.016759776536312852,False,True,True,retained
TGCGATGACTTGCC-1::pbmc3k,TGCGATGACTTGCC-1,pbmc3k,donor1,healthy,batch1,780,1951.0,25.0,1.2813941,False,False,False,True,0.04909560723514212,False,True,True,retained
TGCGATGAGTGCTA-1::pbmc3k,TGCGATGAGTGCTA-1,pbmc3k,donor1,healthy,batch1,821,1915.0,45.0,2.3498695,False,False,False,True,0.04635761589403972,False,True,True,retained
TGCGCACTCTTGAG-1::pbmc3k,TGCGCACTCTTGAG-1,pbmc3k,donor1,healthy,batch1,471,1059.0,19.0,1.7941455,False,False,False,True,0.022508038585209007,False,True,True,retained
TGCGTAGAATAAGG-1::pbmc3k,TGCGTAGAATAAGG-1,pbmc3k,donor1,healthy,batch1,702,1588.0,45.0,2.833753,False,False,False,True,0.008336353751359188,False,True,True,retained
TGCGTAGACGGGAA-1::pbmc3k,TGCGTAGACGGGAA-1,pbmc3k,donor1,healthy,batch1,631,1553.0,34.0,2.189311,False,False,False,True,0.04909560723514212,False,True,True,retained
TGCGTAGATGGTCA-1::pbmc3k,TGCGTAGATGGTCA-1,pbmc3k,donor1,healthy,batch1,1557,5486.0,152.0,2.770689,False,False,False,True,0.02483069977426637,False,True,True,retained
TGCTAGGAAACCGT-1::pbmc3k,TGCTAGGAAACCGT-1,pbmc3k,donor1,healthy,batch1,868,2223.0,54.0,2.4291499,False,False,False,True,0.08280254777070062,False,True,True,retained
TGCTAGGATAGTCG-1::pbmc3k,TGCTAGGATAGTCG-1,pbmc3k,donor1,healthy,batch1,901,3056.0,53.0,1.7342932,False,False,False,True,0.037249283667621785,False,True,True,retained
TGCTATACGGTTCA-1::pbmc3k,TGCTATACGGTTCA-1,pbmc3k,donor1,healthy,batch1,798,2123.0,54.0,2.5435705,False,False,False,True,0.28358208955223857,True,True,False,predicted_doublet
TGCTATACTGCTGA-1::pbmc3k,TGCTATACTGCTGA-1,pbmc3k,donor1,healthy,batch1,1020,2583.0,76.0,2.942315,False,False,False,True,0.02608695652173913,False,True,True,retained
TGCTGAGAGAGCAG-1::pbmc3k,TGCTGAGAGAGCAG-1,pbmc3k,donor1,healthy,batch1,885,1992.0,68.0,3.4136546,False,False,False,True,0.01850048685491723,False,True,True,retained
TGCTGAGATTATCC-1::pbmc3k,TGCTGAGATTATCC-1,pbmc3k,donor1,healthy,batch1,881,2754.0,39.0,1.416122,False,False,False,True,0.07692307692307694,False,True,True,retained
TGGAAAGACTCTCG-1::pbmc3k,TGGAAAGACTCTCG-1,pbmc3k,donor1,healthy,batch1,719,1918.0,47.0,2.4504693,False,False,False,True,0.08280254777070062,False,True,True,retained
TGGAAAGAGCGATT-1::pbmc3k,TGGAAAGAGCGATT-1,pbmc3k,donor1,healthy,batch1,1043,2879.0,33.0,1.1462313,False,False,False,True,0.019431988041853514,False,True,True,retained
TGGAAAGAGGTCAT-1::pbmc3k,TGGAAAGAGGTCAT-1,pbmc3k,donor1,healthy,batch1,1238,3494.0,124.0,3.5489411,False,False,False,True,0.01850048685491723,False,True,True,retained
TGGAAAGATATGGC-1::pbmc3k,TGGAAAGATATGGC-1,pbmc3k,donor1,healthy,batch1,565,1647.0,40.0,2.428658,False,False,False,True,0.06269270298047275,False,True,True,retained
TGGAACACAAACAG-1::pbmc3k,TGGAACACAAACAG-1,pbmc3k,donor1,healthy,batch1,776,1467.0,44.0,2.9993184,False,False,False,True,0.02608695652173913,False,True,True,retained
TGGAACACGCTAAC-1::pbmc3k,TGGAACACGCTAAC-1,pbmc3k,donor1,healthy,batch1,696,1655.0,41.0,2.4773414,False,False,False,True,0.02363936228697086,False,True,True,retained
TGGAAGCTCAGATC-1::pbmc3k,TGGAAGCTCAGATC-1,pbmc3k,donor1,healthy,batch1,725,1931.0,26.0,1.3464526,False,False,False,True,0.05206463195691203,False,True,True,retained
TGGACCCTACACTG-1::pbmc3k,TGGACCCTACACTG-1,pbmc3k,donor1,healthy,batch1,365,696.0,13.0,1.8678161,False,False,False,True,0.017610661589719183,False,True,True,retained
TGGACCCTCATGGT-1::pbmc3k,TGGACCCTCATGGT-1,pbmc3k,donor1,healthy,batch1,811,1912.0,45.0,2.3535564,False,False,False,True,0.08943089430894309,False,True,True,retained
TGGACCCTGGTACT-1::pbmc3k,TGGACCCTGGTACT-1,pbmc3k,donor1,healthy,batch1,1212,3734.0,117.0,3.133369,False,False,False,True,0.037249283667621785,False,True,True,retained
TGGACTGAGTATGC-1::pbmc3k,TGGACTGAGTATGC-1,pbmc3k,donor1,healthy,batch1,1178,3267.0,56.0,1.7141107,False,False,False,True,0.058823529411764705,False,True,True,retained
TGGAGACTATCAGC-1::pbmc3k,TGGAGACTATCAGC-1,pbmc3k,donor1,healthy,batch1,1132,3293.0,49.0,1.4880049,False,False,False,True,0.019431988041853514,False,True,True,retained
TGGAGACTGAAACA-1::pbmc3k,TGGAGACTGAAACA-1,pbmc3k,donor1,healthy,batch1,273,625.0,55.0,8.8,False,False,True,False,,False,False,False,high_mito
TGGAGACTTCAAGC-1::pbmc3k,TGGAGACTTCAAGC-1,pbmc3k,donor1,healthy,batch1,661,2015.0,20.0,0.9925558,False,False,False,True,0.028816676885346417,False,True,True,retained
TGGAGACTTGACCA-1::pbmc3k,TGGAGACTTGACCA-1,pbmc3k,donor1,healthy,batch1,831,2131.0,27.0,1.2670108,False,False,False,True,0.05529522024367387,False,True,True,retained
TGGAGGGACGGAGA-1::pbmc3k,TGGAGGGACGGAGA-1,pbmc3k,donor1,healthy,batch1,786,2106.0,50.0,2.374169,False,False,False,True,0.02608695652173913,False,True,True,retained
TGGAGGGAGCTATG-1::pbmc3k,TGGAGGGAGCTATG-1,pbmc3k,donor1,healthy,batch1,471,1147.0,16.0,1.3949434,False,False,False,True,0.028816676885346417,False,True,True,retained
TGGATCGATAAAGG-1::pbmc3k,TGGATCGATAAAGG-1,pbmc3k,donor1,healthy,batch1,835,2568.0,25.0,0.9735202,False,False,False,True,0.058823529411764705,False,True,True,retained
TGGATGTGACCTAG-1::pbmc3k,TGGATGTGACCTAG-1,pbmc3k,donor1,healthy,batch1,564,1634.0,36.0,2.2031822,False,False,False,True,0.020408163265306124,False,True,True,retained
TGGATGTGATGTCG-1::pbmc3k,TGGATGTGATGTCG-1,pbmc3k,donor1,healthy,batch1,913,2588.0,167.0,6.4528594,False,False,True,False,,False,False,False,high_mito
TGGATGTGTGAAGA-1::pbmc3k,TGGATGTGTGAAGA-1,pbmc3k,donor1,healthy,batch1,929,2635.0,50.0,1.8975332,False,False,False,True,0.04909560723514212,False,True,True,retained
TGGATTCTCATACG-1::pbmc3k,TGGATTCTCATACG-1,pbmc3k,donor1,healthy,batch1,958,2451.0,63.0,2.5703795,False,False,False,True,0.06695464362850971,False,True,True,retained
TGGCAATGCTTGTT-1::pbmc3k,TGGCAATGCTTGTT-1,pbmc3k,donor1,healthy,batch1,706,1726.0,44.0,2.5492468,False,False,False,True,0.019431988041853514,False,True,True,retained
TGGCAATGGAGGGT-1::pbmc3k,TGGCAATGGAGGGT-1,pbmc3k,donor1,healthy,batch1,737,2063.0,123.0,5.962191,False,False,True,False,,False,False,False,high_mito
TGGCACCTTCACGA-1::pbmc3k,TGGCACCTTCACGA-1,pbmc3k,donor1,healthy,batch1,388,768.0,20.0,2.6041665,False,False,False,True,0.022508038585209007,False,True,True,retained
TGGCACCTTCAGTG-1::pbmc3k,TGGCACCTTCAGTG-1,pbmc3k,donor1,healthy,batch1,842,1808.0,35.0,1.9358407,False,False,False,True,0.015165031222123105,False,True,True,retained
TGGGTATGAAGAGT-1::pbmc3k,TGGGTATGAAGAGT-1,pbmc3k,donor1,healthy,batch1,965,3115.0,44.0,1.41252,False,False,False,True,0.1155778894472362,False,True,True,retained
TGGGTATGCACAAC-1::pbmc3k,TGGGTATGCACAAC-1,pbmc3k,donor1,healthy,batch1,1088,3100.0,44.0,1.4193549,False,False,False,True,0.05206463195691203,False,True,True,retained
TGGGTATGGTACGT-1::pbmc3k,TGGGTATGGTACGT-1,pbmc3k,donor1,healthy,batch1,511,1137.0,21.0,1.8469658,False,False,False,True,0.28358208955223857,True,True,False,predicted_doublet
TGGGTATGTTTGGG-1::pbmc3k,TGGGTATGTTTGGG-1,pbmc3k,donor1,healthy,batch1,794,2341.0,46.0,1.9649721,False,False,False,True,0.027413587604290822,False,True,True,retained
TGGTAGACATGCCA-1::pbmc3k,TGGTAGACATGCCA-1,pbmc3k,donor1,healthy,batch1,900,2963.0,46.0,1.5524806,False,False,False,True,0.04635761589403972,False,True,True,retained
TGGTAGACCCTCAC-1::pbmc3k,TGGTAGACCCTCAC-1,pbmc3k,donor1,healthy,batch1,865,1802.0,51.0,2.8301888,False,False,False,True,0.041474654377880185,False,True,True,retained
TGGTAGACCTGATG-1::pbmc3k,TGGTAGACCTGATG-1,pbmc3k,donor1,healthy,batch1,789,1696.0,19.0,1.120283,False,False,False,True,0.05206463195691203,False,True,True,retained
TGGTAGTGCACTGA-1::pbmc3k,TGGTAGTGCACTGA-1,pbmc3k,donor1,healthy,batch1,504,1111.0,13.0,1.170117,False,False,False,True,0.020408163265306124,False,True,True,retained
TGGTATCTAAACAG-1::pbmc3k,TGGTATCTAAACAG-1,pbmc3k,donor1,healthy,batch1,701,2095.0,38.0,1.8138425,False,False,False,True,0.03355704697986577,False,True,True,retained
TGGTATCTCTTCCG-1::pbmc3k,TGGTATCTCTTCCG-1,pbmc3k,donor1,healthy,batch1,817,2483.0,51.0,2.053967,False,False,False,True,0.021432305279665442,False,True,True,retained
TGGTCAGACCCAAA-1::pbmc3k,TGGTCAGACCCAAA-1,pbmc3k,donor1,healthy,batch1,796,1948.0,38.0,1.9507186,False,False,False,True,0.016759776536312852,False,True,True,retained
TGGTCAGACCGTTC-1::pbmc3k,TGGTCAGACCGTTC-1,pbmc3k,donor1,healthy,batch1,542,996.0,101.0,10.140562,False,False,True,False,,False,False,False,high_mito
TGGTTACTGACGTT-1::pbmc3k,TGGTTACTGACGTT-1,pbmc3k,donor1,healthy,batch1,972,2738.0,16.0,0.58436817,False,False,False,True,0.019431988041853514,False,True,True,retained
TGGTTACTGTTCTT-1::pbmc3k,TGGTTACTGTTCTT-1,pbmc3k,donor1,healthy,batch1,906,2611.0,56.0,2.1447723,False,False,False,True,0.05206463195691203,False,True,True,retained
TGTAACCTAGAGGC-1::pbmc3k,TGTAACCTAGAGGC-1,pbmc3k,donor1,healthy,batch1,871,2765.0,46.0,1.6636528,False,False,False,True,0.04909560723514212,False,True,True,retained
TGTAACCTTGCCTC-1::pbmc3k,TGTAACCTTGCCTC-1,pbmc3k,donor1,healthy,batch1,922,2337.0,70.0,2.9952931,False,False,False,True,0.03534303534303534,False,True,True,retained
TGTAATGACACAAC-1::pbmc3k,TGTAATGACACAAC-1,pbmc3k,donor1,healthy,batch1,724,1462.0,21.0,1.4363885,False,False,False,True,0.02483069977426637,False,True,True,retained
TGTAATGAGGTAAA-1::pbmc3k,TGTAATGAGGTAAA-1,pbmc3k,donor1,healthy,batch1,628,1205.0,17.0,1.4107884,False,False,False,True,0.1155778894472362,False,True,True,retained
TGTACTTGCTCTAT-1::pbmc3k,TGTACTTGCTCTAT-1,pbmc3k,donor1,healthy,batch1,1479,4907.0,82.0,1.6710821,False,False,False,True,0.013008812421317668,False,True,True,retained
TGTAGGTGCGAGAG-1::pbmc3k,TGTAGGTGCGAGAG-1,pbmc3k,donor1,healthy,batch1,533,1144.0,36.0,3.1468532,False,False,False,True,0.017610661589719183,False,True,True,retained
TGTAGGTGCTATGG-1::pbmc3k,TGTAGGTGCTATGG-1,pbmc3k,donor1,healthy,batch1,1101,4234.0,105.0,2.4799244,False,False,False,True,0.06269270298047275,False,True,True,retained
TGTAGGTGCTCTAT-1::pbmc3k,TGTAGGTGCTCTAT-1,pbmc3k,donor1,healthy,batch1,1913,6287.0,171.0,2.7198982,False,False,False,True,0.08280254777070062,False,True,True,retained
TGTAGGTGTGCTGA-1::pbmc3k,TGTAGGTGTGCTGA-1,pbmc3k,donor1,healthy,batch1,855,2544.0,53.0,2.0833335,False,False,False,True,0.037249283667621785,False,True,True,retained
TGTAGTCTTCCAGA-1::pbmc3k,TGTAGTCTTCCAGA-1,pbmc3k,donor1,healthy,batch1,1266,4154.0,58.0,1.3962445,False,False,False,True,0.03534303534303534,False,True,True,retained
TGTAGTCTTGCACA-1::pbmc3k,TGTAGTCTTGCACA-1,pbmc3k,donor1,healthy,batch1,884,2177.0,76.0,3.4910426,False,False,False,True,0.037249283667621785,False,True,True,retained
TGTATCTGTTAGGC-1::pbmc3k,TGTATCTGTTAGGC-1,pbmc3k,donor1,healthy,batch1,817,1996.0,27.0,1.3527055,False,False,False,True,0.04635761589403972,False,True,True,retained
TGTATGCTCATGGT-1::pbmc3k,TGTATGCTCATGGT-1,pbmc3k,donor1,healthy,batch1,619,1479.0,48.0,3.245436,False,False,False,True,0.014416775884665795,False,True,True,retained
TGTATGCTGTAGGG-1::pbmc3k,TGTATGCTGTAGGG-1,pbmc3k,donor1,healthy,batch1,591,1455.0,31.0,2.1305842,False,False,False,True,0.1155778894472362,False,True,True,retained
TGTATGCTTTCATC-1::pbmc3k,TGTATGCTTTCATC-1,pbmc3k,donor1,healthy,batch1,685,1968.0,43.0,2.1849594,False,False,False,True,0.06695464362850971,False,True,True,retained
TGTCAGGAATACCG-1::pbmc3k,TGTCAGGAATACCG-1,pbmc3k,donor1,healthy,batch1,887,2767.0,88.0,3.1803396,False,False,False,True,0.02363936228697086,False,True,True,retained
TGTCAGGAGATGAA-1::pbmc3k,TGTCAGGAGATGAA-1,pbmc3k,donor1,healthy,batch1,1336,4083.0,81.0,1.9838353,False,False,False,True,0.02608695652173913,False,True,True,retained
TGTCTAACCCCTTG-1::pbmc3k,TGTCTAACCCCTTG-1,pbmc3k,donor1,healthy,batch1,656,1978.0,55.0,2.7805865,False,False,False,True,0.03534303534303534,False,True,True,retained
TGTGACGATTCTCA-1::pbmc3k,TGTGACGATTCTCA-1,pbmc3k,donor1,healthy,batch1,1227,3098.0,48.0,1.5493867,False,False,False,True,0.10559006211180123,False,True,True,retained
TGTGAGACTGTCAG-1::pbmc3k,TGTGAGACTGTCAG-1,pbmc3k,donor1,healthy,batch1,980,2666.0,42.0,1.5753938,False,False,False,True,0.017610661589719183,False,True,True,retained
TGTGAGACTTGAGC-1::pbmc3k,TGTGAGACTTGAGC-1,pbmc3k,donor1,healthy,batch1,817,2447.0,58.0,2.3702493,False,False,False,True,0.07167235494880546,False,True,True,retained
TGTGAGTGACCACA-1::pbmc3k,TGTGAGTGACCACA-1,pbmc3k,donor1,healthy,batch1,582,1583.0,50.0,3.1585596,False,False,False,True,0.05529522024367387,False,True,True,retained
TGTGAGTGAGTGCT-1::pbmc3k,TGTGAGTGAGTGCT-1,pbmc3k,donor1,healthy,batch1,1370,4110.0,84.0,2.0437956,False,False,False,True,0.02608695652173913,False,True,True,retained
TGTGAGTGGAGATA-1::pbmc3k,TGTGAGTGGAGATA-1,pbmc3k,donor1,healthy,batch1,460,969.0,7.0,0.7223942,False,False,False,True,0.021432305279665442,False,True,True,retained
TGTGATCTCTCTAT-1::pbmc3k,TGTGATCTCTCTAT-1,pbmc3k,donor1,healthy,batch1,638,1690.0,50.0,2.95858,False,False,False,True,0.05529522024367387,False,True,True,retained
TGTGATCTGACACT-1::pbmc3k,TGTGATCTGACACT-1,pbmc3k,donor1,healthy,batch1,471,1108.0,43.0,3.8808663,False,False,False,True,0.08280254777070062,False,True,True,retained
TGTGGATGGCCAAT-1::pbmc3k,TGTGGATGGCCAAT-1,pbmc3k,donor1,healthy,batch1,650,1945.0,52.0,2.6735218,False,False,False,True,0.022508038585209007,False,True,True,retained
TGTTAAGACAAAGA-1::pbmc3k,TGTTAAGACAAAGA-1,pbmc3k,donor1,healthy,batch1,414,848.0,15.0,1.7688679,False,False,False,True,0.015165031222123105,False,True,True,retained
TGTTAAGATAAGGA-1::pbmc3k,TGTTAAGATAAGGA-1,pbmc3k,donor1,healthy,batch1,907,2173.0,72.0,3.3133917,False,False,False,True,0.05529522024367387,False,True,True,retained
TGTTAAGATTGGCA-1::pbmc3k,TGTTAAGATTGGCA-1,pbmc3k,donor1,healthy,batch1,308,598.0,40.0,6.688963,False,False,True,False,,False,False,False,high_mito
TGTTACACCGCATA-1::pbmc3k,TGTTACACCGCATA-1,pbmc3k,donor1,healthy,batch1,1147,3410.0,63.0,1.8475072,False,False,False,True,0.027413587604290822,False,True,True,retained
TGTTACACGACTAC-1::pbmc3k,TGTTACACGACTAC-1,pbmc3k,donor1,healthy,batch1,732,1953.0,60.0,3.0721967,False,False,False,True,0.03534303534303534,False,True,True,retained
TGTTACTGGCTACA-1::pbmc3k,TGTTACTGGCTACA-1,pbmc3k,donor1,healthy,batch1,992,2483.0,75.0,3.0205398,False,False,False,True,0.08280254777070062,False,True,True,retained
TGTTACTGTAGTCG-1::pbmc3k,TGTTACTGTAGTCG-1,pbmc3k,donor1,healthy,batch1,801,1772.0,61.0,3.442438,False,False,False,True,0.030303030303030304,False,True,True,retained
TTAACCACCGTAAC-1::pbmc3k,TTAACCACCGTAAC-1,pbmc3k,donor1,healthy,batch1,822,2192.0,60.0,2.7372262,False,False,False,True,0.07692307692307694,False,True,True,retained
TTAACCACTAAGGA-1::pbmc3k,TTAACCACTAAGGA-1,pbmc3k,donor1,healthy,batch1,529,1198.0,23.0,1.9198663,False,False,False,True,0.07167235494880546,False,True,True,retained
TTAACCACTCAGAC-1::pbmc3k,TTAACCACTCAGAC-1,pbmc3k,donor1,healthy,batch1,737,1828.0,54.0,2.9540482,False,False,False,True,0.017610661589719183,False,True,True,retained
TTACACACGTGTTG-1::pbmc3k,TTACACACGTGTTG-1,pbmc3k,donor1,healthy,batch1,806,2613.0,41.0,1.5690777,False,False,False,True,0.10559006211180123,False,True,True,retained
TTACACACTCCTAT-1::pbmc3k,TTACACACTCCTAT-1,pbmc3k,donor1,healthy,batch1,816,2508.0,55.0,2.1929824,False,False,False,True,0.02363936228697086,False,True,True,retained
TTACCATGAATCGC-1::pbmc3k,TTACCATGAATCGC-1,pbmc3k,donor1,healthy,batch1,889,2421.0,80.0,3.3044198,False,False,False,True,0.015165031222123105,False,True,True,retained
TTACCATGGTTGAC-1::pbmc3k,TTACCATGGTTGAC-1,pbmc3k,donor1,healthy,batch1,1305,4142.0,42.0,1.0140029,False,False,False,True,0.06695464362850971,False,True,True,retained
TTACCATGTGTCTT-1::pbmc3k,TTACCATGTGTCTT-1,pbmc3k,donor1,healthy,batch1,588,1123.0,37.0,3.2947462,False,False,False,True,0.08943089430894309,False,True,True,retained
TTACCATGTTGTGG-1::pbmc3k,TTACCATGTTGTGG-1,pbmc3k,donor1,healthy,batch1,657,1548.0,22.0,1.4211887,False,False,False,True,0.01234567901234568,False,True,True,retained
TTACGACTGAGAGC-1::pbmc3k,TTACGACTGAGAGC-1,pbmc3k,donor1,healthy,batch1,1154,3288.0,57.0,1.7335767,False,False,False,True,0.07692307692307694,False,True,True,retained
TTACGACTTGACAC-1::pbmc3k,TTACGACTTGACAC-1,pbmc3k,donor1,healthy,batch1,713,1902.0,42.0,2.208202,False,False,False,True,0.006896551724137932,False,True,True,retained
TTACGTACGTTCAG-1::pbmc3k,TTACGTACGTTCAG-1,pbmc3k,donor1,healthy,batch1,326,947.0,26.0,2.745512,False,False,False,True,0.08280254777070062,False,True,True,retained
TTACTCGAACGTTG-1::pbmc3k,TTACTCGAACGTTG-1,pbmc3k,donor1,healthy,batch1,3315,15301.0,270.0,1.7645905,False,True,False,False,,False,False,False,high_genes
TTACTCGAAGAATG-1::pbmc3k,TTACTCGAAGAATG-1,pbmc3k,donor1,healthy,batch1,1129,3863.0,100.0,2.5886617,False,False,False,True,0.03928836174944403,False,True,True,retained
TTACTCGACGCAAT-1::pbmc3k,TTACTCGACGCAAT-1,pbmc3k,donor1,healthy,batch1,1603,5031.0,125.0,2.4845955,False,False,False,True,0.06269270298047275,False,True,True,retained
TTACTCGAGGGTGA-1::pbmc3k,TTACTCGAGGGTGA-1,pbmc3k,donor1,healthy,batch1,879,2549.0,54.0,2.1184778,False,False,False,True,0.04909560723514212,False,True,True,retained
TTACTCGATCTACT-1::pbmc3k,TTACTCGATCTACT-1,pbmc3k,donor1,healthy,batch1,1156,2551.0,44.0,1.7248139,False,False,False,True,0.013698630136986302,False,True,True,retained
TTAGAATGTGGTGT-1::pbmc3k,TTAGAATGTGGTGT-1,pbmc3k,donor1,healthy,batch1,642,1740.0,30.0,1.7241379,False,False,False,True,0.041474654377880185,False,True,True,retained
TTAGAATGTGTAGC-1::pbmc3k,TTAGAATGTGTAGC-1,pbmc3k,donor1,healthy,batch1,285,627.0,21.0,3.3492823,False,False,False,True,0.02483069977426637,False,True,True,retained
TTAGACCTCCTACC-1::pbmc3k,TTAGACCTCCTACC-1,pbmc3k,donor1,healthy,batch1,825,2485.0,108.0,4.3460765,False,False,False,True,0.030303030303030304,False,True,True,retained
TTAGACCTCCTTTA-1::pbmc3k,TTAGACCTCCTTTA-1,pbmc3k,donor1,healthy,batch1,823,2311.0,35.0,1.5144958,False,False,False,True,0.03928836174944403,False,True,True,retained
TTAGCTACAACCGT-1::pbmc3k,TTAGCTACAACCGT-1,pbmc3k,donor1,healthy,batch1,719,2101.0,44.0,2.094241,False,False,False,True,0.05206463195691203,False,True,True,retained
TTAGCTACTGTCCC-1::pbmc3k,TTAGCTACTGTCCC-1,pbmc3k,donor1,healthy,batch1,1253,3703.0,69.0,1.8633541,False,False,False,True,0.01850048685491723,False,True,True,retained
TTAGCTACTTTCGT-1::pbmc3k,TTAGCTACTTTCGT-1,pbmc3k,donor1,healthy,batch1,971,2921.0,126.0,4.313591,False,False,False,True,0.06269270298047275,False,True,True,retained
TTAGGGACGCGAAG-1::pbmc3k,TTAGGGACGCGAAG-1,pbmc3k,donor1,healthy,batch1,853,2200.0,52.0,2.3636363,False,False,False,True,0.037249283667621785,False,True,True,retained
TTAGGGTGCTGGAT-1::pbmc3k,TTAGGGTGCTGGAT-1,pbmc3k,donor1,healthy,batch1,916,2846.0,48.0,1.6865777,False,False,False,True,0.021432305279665442,False,True,True,retained
TTAGGGTGTCCTGC-1::pbmc3k,TTAGGGTGTCCTGC-1,pbmc3k,donor1,healthy,batch1,1053,2734.0,85.0,3.1089978,False,False,False,True,0.04635761589403972,False,True,True,retained
TTAGGTCTACTTTC-1::pbmc3k,TTAGGTCTACTTTC-1,pbmc3k,donor1,healthy,batch1,515,1106.0,38.0,3.4358046,False,False,False,True,0.019431988041853514,False,True,True,retained
TTAGTCACCAGTTG-1::pbmc3k,TTAGTCACCAGTTG-1,pbmc3k,donor1,healthy,batch1,1017,2674.0,42.0,1.5706805,False,False,False,True,0.05206463195691203,False,True,True,retained
TTAGTCTGAAAGCA-1::pbmc3k,TTAGTCTGAAAGCA-1,pbmc3k,donor1,healthy,batch1,953,2747.0,83.0,3.021478,False,False,False,True,0.04909560723514212,False,True,True,retained
TTAGTCTGCCAACA-1::pbmc3k,TTAGTCTGCCAACA-1,pbmc3k,donor1,healthy,batch1,832,1735.0,42.0,2.4207494,False,False,False,True,0.013008812421317668,False,True,True,retained
TTAGTCTGTGCACA-1::pbmc3k,TTAGTCTGTGCACA-1,pbmc3k,donor1,healthy,batch1,645,1692.0,68.0,4.0189123,False,False,False,True,0.05206463195691203,False,True,True,retained
TTATCCGACTAGTG-1::pbmc3k,TTATCCGACTAGTG-1,pbmc3k,donor1,healthy,batch1,667,1903.0,47.0,2.4697845,False,False,False,True,0.02608695652173913,False,True,True,retained
TTATCCGAGAAAGT-1::pbmc3k,TTATCCGAGAAAGT-1,pbmc3k,donor1,healthy,batch1,1326,4231.0,135.0,3.1907349,False,False,False,True,0.058823529411764705,False,True,True,retained
TTATGAGAGATAAG-1::pbmc3k,TTATGAGAGATAAG-1,pbmc3k,donor1,healthy,batch1,547,1293.0,36.0,2.7842228,False,False,False,True,0.03928836174944403,False,True,True,retained
TTATGCACGTCACA-1::pbmc3k,TTATGCACGTCACA-1,pbmc3k,donor1,healthy,batch1,636,1590.0,29.0,1.8238994,False,False,False,True,0.01234567901234568,False,True,True,retained
TTATGGCTTATGGC-1::pbmc3k,TTATGGCTTATGGC-1,pbmc3k,donor1,healthy,batch1,1783,6165.0,136.0,2.2060015,False,False,False,True,0.08280254777070062,False,True,True,retained
TTATTCCTATGCTG-1::pbmc3k,TTATTCCTATGCTG-1,pbmc3k,donor1,healthy,batch1,1211,3963.0,87.0,2.1953065,False,False,False,True,0.05529522024367387,False,True,True,retained
TTATTCCTGGACAG-1::pbmc3k,TTATTCCTGGACAG-1,pbmc3k,donor1,healthy,batch1,788,2514.0,33.0,1.3126491,False,False,False,True,0.2044198895027624,False,True,True,retained
TTATTCCTGGTACT-1::pbmc3k,TTATTCCTGGTACT-1,pbmc3k,donor1,healthy,batch1,807,2496.0,61.0,2.4439101,False,False,False,True,0.022508038585209007,False,True,True,retained
TTATTCCTTCGTGA-1::pbmc3k,TTATTCCTTCGTGA-1,pbmc3k,donor1,healthy,batch1,1104,3207.0,79.0,2.4633615,False,False,False,True,0.04909560723514212,False,True,True,retained
TTCAAAGATAAAGG-1::pbmc3k,TTCAAAGATAAAGG-1,pbmc3k,donor1,healthy,batch1,884,2385.0,57.0,2.3899372,False,False,False,True,0.07167235494880546,False,True,True,retained
TTCAACACAACAGA-1::pbmc3k,TTCAACACAACAGA-1,pbmc3k,donor1,healthy,batch1,848,2430.0,29.0,1.1934156,False,False,False,True,0.037249283667621785,False,True,True,retained
TTCAACACCCCAAA-1::pbmc3k,TTCAACACCCCAAA-1,pbmc3k,donor1,healthy,batch1,788,2094.0,50.0,2.3877745,False,False,False,True,0.037249283667621785,False,True,True,retained
TTCAACACGGACGA-1::pbmc3k,TTCAACACGGACGA-1,pbmc3k,donor1,healthy,batch1,1013,2584.0,52.0,2.012384,False,False,False,True,0.02363936228697086,False,True,True,retained
TTCAAGCTAAGAAC-1::pbmc3k,TTCAAGCTAAGAAC-1,pbmc3k,donor1,healthy,batch1,1003,2641.0,69.0,2.6126466,False,False,False,True,0.03534303534303534,False,True,True,retained
TTCAAGCTAGATGA-1::pbmc3k,TTCAAGCTAGATGA-1,pbmc3k,donor1,healthy,batch1,916,2974.0,70.0,2.3537323,False,False,False,True,0.04909560723514212,False,True,True,retained
TTCAAGCTGTTGAC-1::pbmc3k,TTCAAGCTGTTGAC-1,pbmc3k,donor1,healthy,batch1,818,2375.0,47.0,1.9789474,False,False,False,True,0.06269270298047275,False,True,True,retained
TTCAAGCTTCCAAG-1::pbmc3k,TTCAAGCTTCCAAG-1,pbmc3k,donor1,healthy,batch1,406,740.0,41.0,5.54054,False,False,True,False,,False,False,False,high_mito
TTCAAGCTTGATGC-1::pbmc3k,TTCAAGCTTGATGC-1,pbmc3k,donor1,healthy,batch1,828,2404.0,39.0,1.6222961,False,False,False,True,0.028816676885346417,False,True,True,retained
TTCAAGCTTTCGCC-1::pbmc3k,TTCAAGCTTTCGCC-1,pbmc3k,donor1,healthy,batch1,882,2878.0,81.0,2.8144543,False,False,False,True,0.03928836174944403,False,True,True,retained
TTCACAACCCGTTC-1::pbmc3k,TTCACAACCCGTTC-1,pbmc3k,donor1,healthy,batch1,959,2526.0,24.0,0.9501188,False,False,False,True,0.043824701195219126,False,True,True,retained
TTCACAACGTCTGA-1::pbmc3k,TTCACAACGTCTGA-1,pbmc3k,donor1,healthy,batch1,395,678.0,4.0,0.58997047,False,False,False,True,0.015945330296127564,False,True,True,retained
TTCAGACTACCCAA-1::pbmc3k,TTCAGACTACCCAA-1,pbmc3k,donor1,healthy,batch1,368,789.0,29.0,3.6755388,False,False,False,True,0.020408163265306124,False,True,True,retained
TTCAGACTCTCGAA-1::pbmc3k,TTCAGACTCTCGAA-1,pbmc3k,donor1,healthy,batch1,787,2264.0,22.0,0.9717314,False,False,False,True,0.043824701195219126,False,True,True,retained
TTCAGTACCGACTA-1::pbmc3k,TTCAGTACCGACTA-1,pbmc3k,donor1,healthy,batch1,929,2769.0,48.0,1.7334778,False,False,False,True,0.03928836174944403,False,True,True,retained
TTCAGTACTCAAGC-1::pbmc3k,TTCAGTACTCAAGC-1,pbmc3k,donor1,healthy,batch1,1379,5220.0,118.0,2.2605364,False,False,False,True,0.058823529411764705,False,True,True,retained
TTCAGTACTCCTAT-1::pbmc3k,TTCAGTACTCCTAT-1,pbmc3k,donor1,healthy,batch1,711,1850.0,53.0,2.8648648,False,False,False,True,0.006896551724137932,False,True,True,retained
TTCAGTTGCCAAGT-1::pbmc3k,TTCAGTTGCCAAGT-1,pbmc3k,donor1,healthy,batch1,733,2003.0,48.0,2.3964052,False,False,False,True,0.02363936228697086,False,True,True,retained
TTCAGTTGTCCTTA-1::pbmc3k,TTCAGTTGTCCTTA-1,pbmc3k,donor1,healthy,batch1,752,1975.0,17.0,0.8607595,False,False,False,True,0.07692307692307694,False,True,True,retained
TTCAGTTGTCTAGG-1::pbmc3k,TTCAGTTGTCTAGG-1,pbmc3k,donor1,healthy,batch1,464,1031.0,12.0,1.1639185,False,False,False,True,0.08280254777070062,False,True,True,retained
TTCAGTTGTCTCGC-1::pbmc3k,TTCAGTTGTCTCGC-1,pbmc3k,donor1,healthy,batch1,626,1865.0,33.0,1.7694371,False,False,False,True,0.34841628959276005,True,True,False,predicted_doublet
TTCATCGAGGTGGA-1::pbmc3k,TTCATCGAGGTGGA-1,pbmc3k,donor1,healthy,batch1,735,1914.0,28.0,1.4629049,False,False,False,True,0.019431988041853514,False,True,True,retained
TTCATGTGTGGTGT-1::pbmc3k,TTCATGTGTGGTGT-1,pbmc3k,donor1,healthy,batch1,946,3025.0,56.0,1.8512396,False,False,False,True,0.028816676885346417,False,True,True,retained
TTCATTCTATGTCG-1::pbmc3k,TTCATTCTATGTCG-1,pbmc3k,donor1,healthy,batch1,876,2625.0,38.0,1.4476191,False,False,False,True,0.043824701195219126,False,True,True,retained
TTCATTCTTCTCTA-1::pbmc3k,TTCATTCTTCTCTA-1,pbmc3k,donor1,healthy,batch1,647,1986.0,76.0,3.8267877,False,False,False,True,0.043824701195219126,False,True,True,retained
TTCCAAACCTATGG-1::pbmc3k,TTCCAAACCTATGG-1,pbmc3k,donor1,healthy,batch1,536,1057.0,13.0,1.229896,False,False,False,True,0.030303030303030304,False,True,True,retained
TTCCAAACCTCCCA-1::pbmc3k,TTCCAAACCTCCCA-1,pbmc3k,donor1,healthy,batch1,954,2726.0,36.0,1.3206162,False,False,False,True,0.06695464362850971,False,True,True,retained
TTCCAAACTCCCAC-1::pbmc3k,TTCCAAACTCCCAC-1,pbmc3k,donor1,healthy,batch1,486,793.0,13.0,1.6393442,False,False,False,True,0.016759776536312852,False,True,True,retained
TTCCAAACTTGACG-1::pbmc3k,TTCCAAACTTGACG-1,pbmc3k,donor1,healthy,batch1,712,1647.0,49.0,2.9751062,False,False,False,True,0.027413587604290822,False,True,True,retained
TTCCATGACGAGAG-1::pbmc3k,TTCCATGACGAGAG-1,pbmc3k,donor1,healthy,batch1,786,1840.0,60.0,3.2608695,False,False,False,True,0.01850048685491723,False,True,True,retained
TTCCATGACTGTCC-1::pbmc3k,TTCCATGACTGTCC-1,pbmc3k,donor1,healthy,batch1,438,1050.0,31.0,2.9523811,False,False,False,True,0.05206463195691203,False,True,True,retained
TTCCCACTTGAGGG-1::pbmc3k,TTCCCACTTGAGGG-1,pbmc3k,donor1,healthy,batch1,807,1520.0,35.0,2.3026316,False,False,False,True,0.022508038585209007,False,True,True,retained
TTCCCACTTGTCTT-1::pbmc3k,TTCCCACTTGTCTT-1,pbmc3k,donor1,healthy,batch1,1016,3163.0,57.0,1.8020866,False,False,False,True,0.04909560723514212,False,True,True,retained
TTCCTAGAAAGTGA-1::pbmc3k,TTCCTAGAAAGTGA-1,pbmc3k,donor1,healthy,batch1,551,1552.0,6.0,0.38659793,False,False,False,True,0.02483069977426637,False,True,True,retained
TTCCTAGACTAGTG-1::pbmc3k,TTCCTAGACTAGTG-1,pbmc3k,donor1,healthy,batch1,841,1943.0,24.0,1.2352033,False,False,False,True,0.020408163265306124,False,True,True,retained
TTCGAGGACTCTAT-1::pbmc3k,TTCGAGGACTCTAT-1,pbmc3k,donor1,healthy,batch1,929,2746.0,63.0,2.2942462,False,False,False,True,0.04909560723514212,False,True,True,retained
TTCGAGGAGGGCAA-1::pbmc3k,TTCGAGGAGGGCAA-1,pbmc3k,donor1,healthy,batch1,757,1816.0,30.0,1.6519824,False,False,False,True,0.037249283667621785,False,True,True,retained
TTCGAGGATAGAAG-1::pbmc3k,TTCGAGGATAGAAG-1,pbmc3k,donor1,healthy,batch1,971,2749.0,74.0,2.6918879,False,False,False,True,0.17848410757946198,False,True,True,retained
TTCGATTGAGCATC-1::pbmc3k,TTCGATTGAGCATC-1,pbmc3k,donor1,healthy,batch1,708,1910.0,29.0,1.5183246,False,False,False,True,0.04635761589403972,False,True,True,retained
TTCGGAGAATGCCA-1::pbmc3k,TTCGGAGAATGCCA-1,pbmc3k,donor1,healthy,batch1,567,1191.0,34.0,2.854744,False,False,False,True,0.007840342124019958,False,True,True,retained
TTCGGAGATGTGCA-1::pbmc3k,TTCGGAGATGTGCA-1,pbmc3k,donor1,healthy,batch1,881,2412.0,28.0,1.1608624,False,False,False,True,0.08280254777070062,False,True,True,retained
TTCGTATGAAAAGC-1::pbmc3k,TTCGTATGAAAAGC-1,pbmc3k,donor1,healthy,batch1,801,1991.0,32.0,1.6072326,False,False,False,True,0.02363936228697086,False,True,True,retained
TTCGTATGGATAGA-1::pbmc3k,TTCGTATGGATAGA-1,pbmc3k,donor1,healthy,batch1,873,1983.0,26.0,1.3111447,False,False,False,True,0.02608695652173913,False,True,True,retained
TTCGTATGGTCTGA-1::pbmc3k,TTCGTATGGTCTGA-1,pbmc3k,donor1,healthy,batch1,805,2258.0,65.0,2.8786535,False,False,False,True,0.043824701195219126,False,True,True,retained
TTCGTATGTCCTTA-1::pbmc3k,TTCGTATGTCCTTA-1,pbmc3k,donor1,healthy,batch1,1359,4348.0,87.0,2.0009198,False,False,False,True,0.037249283667621785,False,True,True,retained
TTCTACGAACGTAC-1::pbmc3k,TTCTACGAACGTAC-1,pbmc3k,donor1,healthy,batch1,866,2494.0,33.0,1.3231757,False,False,False,True,0.04909560723514212,False,True,True,retained
TTCTACGAGTTGGT-1::pbmc3k,TTCTACGAGTTGGT-1,pbmc3k,donor1,healthy,batch1,945,2589.0,32.0,1.2359984,False,False,False,True,0.031880286271958366,False,True,True,retained
TTCTAGTGACACGT-1::pbmc3k,TTCTAGTGACACGT-1,pbmc3k,donor1,healthy,batch1,1068,3018.0,31.0,1.0271703,False,False,False,True,0.05206463195691203,False,True,True,retained
TTCTAGTGCATGAC-1::pbmc3k,TTCTAGTGCATGAC-1,pbmc3k,donor1,healthy,batch1,819,2073.0,74.0,3.5697057,False,False,False,True,0.02608695652173913,False,True,True,retained
TTCTAGTGGAGAGC-1::pbmc3k,TTCTAGTGGAGAGC-1,pbmc3k,donor1,healthy,batch1,815,1586.0,45.0,2.8373265,False,False,False,True,0.058823529411764705,False,True,True,retained
TTCTAGTGGTCACA-1::pbmc3k,TTCTAGTGGTCACA-1,pbmc3k,donor1,healthy,batch1,1058,2832.0,42.0,1.4830508,False,False,False,True,0.03928836174944403,False,True,True,retained
TTCTCAGAAGAGAT-1::pbmc3k,TTCTCAGAAGAGAT-1,pbmc3k,donor1,healthy,batch1,845,2189.0,37.0,1.6902695,False,False,False,True,0.04635761589403972,False,True,True,retained
TTCTCAGAAGCATC-1::pbmc3k,TTCTCAGAAGCATC-1,pbmc3k,donor1,healthy,batch1,881,2497.0,53.0,2.1225471,False,False,False,True,0.015165031222123105,False,True,True,retained
TTCTCAGATGGAGG-1::pbmc3k,TTCTCAGATGGAGG-1,pbmc3k,donor1,healthy,batch1,1051,2643.0,19.0,0.71888006,False,False,False,True,0.021432305279665442,False,True,True,retained
TTCTGATGGAGACG-1::pbmc3k,TTCTGATGGAGACG-1,pbmc3k,donor1,healthy,batch1,1179,2434.0,46.0,1.8898932,False,False,False,True,0.013008812421317668,False,True,True,retained
TTCTTACTCTGGAT-1::pbmc3k,TTCTTACTCTGGAT-1,pbmc3k,donor1,healthy,batch1,718,1741.0,39.0,2.240092,False,False,False,True,0.01234567901234568,False,True,True,retained
TTGAACCTCCTTGC-1::pbmc3k,TTGAACCTCCTTGC-1,pbmc3k,donor1,healthy,batch1,657,1746.0,26.0,1.489118,False,False,False,True,0.01234567901234568,False,True,True,retained
TTGAATGAACTACG-1::pbmc3k,TTGAATGAACTACG-1,pbmc3k,donor1,healthy,batch1,882,2289.0,55.0,2.402796,False,False,False,True,0.07167235494880546,False,True,True,retained
TTGAATGACTTACT-1::pbmc3k,TTGAATGACTTACT-1,pbmc3k,donor1,healthy,batch1,709,2102.0,35.0,1.6650809,False,False,False,True,0.02608695652173913,False,True,True,retained
TTGAATGATCTCAT-1::pbmc3k,TTGAATGATCTCAT-1,pbmc3k,donor1,healthy,batch1,754,2015.0,35.0,1.7369727,False,False,False,True,0.019431988041853514,False,True,True,retained
TTGACACTCTGTAG-1::pbmc3k,TTGACACTCTGTAG-1,pbmc3k,donor1,healthy,batch1,735,1943.0,26.0,1.3381369,False,False,False,True,0.030303030303030304,False,True,True,retained
TTGACACTGATAAG-1::pbmc3k,TTGACACTGATAAG-1,pbmc3k,donor1,healthy,batch1,603,1315.0,35.0,2.661597,False,False,False,True,0.016759776536312852,False,True,True,retained
TTGAGGACAGAACA-1::pbmc3k,TTGAGGACAGAACA-1,pbmc3k,donor1,healthy,batch1,944,2956.0,86.0,2.909337,False,False,False,True,0.037249283667621785,False,True,True,retained
TTGAGGACTACGCA-1::pbmc3k,TTGAGGACTACGCA-1,pbmc3k,donor1,healthy,batch1,1794,6344.0,155.0,2.4432535,False,False,False,True,0.058823529411764705,False,True,True,retained
TTGAGGTGGACGGA-1::pbmc3k,TTGAGGTGGACGGA-1,pbmc3k,donor1,healthy,batch1,712,2011.0,21.0,1.0442566,False,False,False,True,0.04635761589403972,False,True,True,retained
TTGCATTGAGCTAC-1::pbmc3k,TTGCATTGAGCTAC-1,pbmc3k,donor1,healthy,batch1,721,1991.0,35.0,1.7579106,False,False,False,True,0.022508038585209007,False,True,True,retained
TTGCATTGCTAAGC-1::pbmc3k,TTGCATTGCTAAGC-1,pbmc3k,donor1,healthy,batch1,1097,3248.0,162.0,4.9876847,False,False,False,True,0.021432305279665442,False,True,True,retained
TTGCATTGTGACTG-1::pbmc3k,TTGCATTGTGACTG-1,pbmc3k,donor1,healthy,batch1,813,2441.0,42.0,1.7206063,False,False,False,True,0.03928836174944403,False,True,True,retained
TTGCTAACACCAAC-1::pbmc3k,TTGCTAACACCAAC-1,pbmc3k,donor1,healthy,batch1,788,1921.0,41.0,2.134305,False,False,False,True,0.07692307692307694,False,True,True,retained
TTGCTAACACGCTA-1::pbmc3k,TTGCTAACACGCTA-1,pbmc3k,donor1,healthy,batch1,917,2576.0,51.0,1.9798137,False,False,False,True,0.02608695652173913,False,True,True,retained
TTGCTAACCACTCC-1::pbmc3k,TTGCTAACCACTCC-1,pbmc3k,donor1,healthy,batch1,656,1943.0,44.0,2.2645392,False,False,False,True,0.03534303534303534,False,True,True,retained
TTGCTATGGTACGT-1::pbmc3k,TTGCTATGGTACGT-1,pbmc3k,donor1,healthy,batch1,1104,3109.0,64.0,2.0585396,False,False,False,True,0.030303030303030304,False,True,True,retained
TTGCTATGGTAGGG-1::pbmc3k,TTGCTATGGTAGGG-1,pbmc3k,donor1,healthy,batch1,1268,3406.0,82.0,2.4075162,False,False,False,True,0.04635761589403972,False,True,True,retained
TTGGAGACCAATCG-1::pbmc3k,TTGGAGACCAATCG-1,pbmc3k,donor1,healthy,batch1,1239,4166.0,49.0,1.1761882,False,False,False,True,0.1155778894472362,False,True,True,retained
TTGGAGACGCTATG-1::pbmc3k,TTGGAGACGCTATG-1,pbmc3k,donor1,healthy,batch1,862,2662.0,64.0,2.4042075,False,False,False,True,0.009380863039399626,False,True,True,retained
TTGGAGACTATGGC-1::pbmc3k,TTGGAGACTATGGC-1,pbmc3k,donor1,healthy,batch1,739,1779.0,51.0,2.866779,False,False,False,True,0.043824701195219126,False,True,True,retained
TTGGGAACTGAACC-1::pbmc3k,TTGGGAACTGAACC-1,pbmc3k,donor1,healthy,batch1,858,2652.0,56.0,2.111614,False,False,False,True,0.03534303534303534,False,True,True,retained
TTGGTACTACTGGT-1::pbmc3k,TTGGTACTACTGGT-1,pbmc3k,donor1,healthy,batch1,1066,3268.0,93.0,2.8457773,False,False,False,True,0.08943089430894309,False,True,True,retained
TTGGTACTCTTAGG-1::pbmc3k,TTGGTACTCTTAGG-1,pbmc3k,donor1,healthy,batch1,752,2928.0,51.0,1.7418033,False,False,False,True,0.016759776536312852,False,True,True,retained
TTGGTACTGAATCC-1::pbmc3k,TTGGTACTGAATCC-1,pbmc3k,donor1,healthy,batch1,615,1855.0,47.0,2.5336926,False,False,False,True,0.010501750291715288,False,True,True,retained
TTGGTACTGGATTC-1::pbmc3k,TTGGTACTGGATTC-1,pbmc3k,donor1,healthy,batch1,721,1883.0,36.0,1.9118428,False,False,False,True,0.014416775884665795,False,True,True,retained
TTGTACACGTTGTG-1::pbmc3k,TTGTACACGTTGTG-1,pbmc3k,donor1,healthy,batch1,571,1537.0,58.0,3.7735848,False,False,False,True,0.016759776536312852,False,True,True,retained
TTGTACACTTGCAG-1::pbmc3k,TTGTACACTTGCAG-1,pbmc3k,donor1,healthy,batch1,861,2260.0,31.0,1.3716815,False,False,False,True,0.06695464362850971,False,True,True,retained
TTGTAGCTAGCTCA-1::pbmc3k,TTGTAGCTAGCTCA-1,pbmc3k,donor1,healthy,batch1,933,2519.0,56.0,2.2231045,False,False,False,True,0.058823529411764705,False,True,True,retained
TTGTAGCTCTCTTA-1::pbmc3k,TTGTAGCTCTCTTA-1,pbmc3k,donor1,healthy,batch1,807,2136.0,56.0,2.6217227,False,False,False,True,0.10559006211180123,False,True,True,retained
TTGTCATGGACGGA-1::pbmc3k,TTGTCATGGACGGA-1,pbmc3k,donor1,healthy,batch1,1082,2178.0,40.0,1.8365473,False,False,False,True,0.011707710940654016,False,True,True,retained
TTTAGAGATCCTCG-1::pbmc3k,TTTAGAGATCCTCG-1,pbmc3k,donor1,healthy,batch1,820,2362.0,32.0,1.354784,False,False,False,True,0.030303030303030304,False,True,True,retained
TTTAGCTGATACCG-1::pbmc3k,TTTAGCTGATACCG-1,pbmc3k,donor1,healthy,batch1,887,2756.0,63.0,2.2859216,False,False,False,True,0.041474654377880185,False,True,True,retained
TTTAGCTGGATACC-1::pbmc3k,TTTAGCTGGATACC-1,pbmc3k,donor1,healthy,batch1,850,2454.0,27.0,1.1002445,False,False,False,True,0.02483069977426637,False,True,True,retained
TTTAGCTGTACTCT-1::pbmc3k,TTTAGCTGTACTCT-1,pbmc3k,donor1,healthy,batch1,1567,5678.0,120.0,2.1134202,False,False,False,True,0.17848410757946198,False,True,True,retained
TTTAGGCTCCTTTA-1::pbmc3k,TTTAGGCTCCTTTA-1,pbmc3k,donor1,healthy,batch1,803,1984.0,46.0,2.3185484,False,False,False,True,0.01109350237717908,False,True,True,retained
TTTATCCTGTTGTG-1::pbmc3k,TTTATCCTGTTGTG-1,pbmc3k,donor1,healthy,batch1,1156,3680.0,48.0,1.3043478,False,False,False,True,0.028816676885346417,False,True,True,retained
TTTCACGAGGTTCA-1::pbmc3k,TTTCACGAGGTTCA-1,pbmc3k,donor1,healthy,batch1,721,2037.0,27.0,1.3254787,False,False,False,True,0.04909560723514212,False,True,True,retained
TTTCAGTGGAAGGC-1::pbmc3k,TTTCAGTGGAAGGC-1,pbmc3k,donor1,healthy,batch1,692,1781.0,27.0,1.5160022,False,False,False,True,0.028816676885346417,False,True,True,retained
TTTCAGTGTCACGA-1::pbmc3k,TTTCAGTGTCACGA-1,pbmc3k,donor1,healthy,batch1,700,1634.0,56.0,3.4271724,False,False,False,True,0.014416775884665795,False,True,True,retained
TTTCAGTGTCTATC-1::pbmc3k,TTTCAGTGTCTATC-1,pbmc3k,donor1,healthy,batch1,458,937.0,23.0,2.4546423,False,False,False,True,0.02483069977426637,False,True,True,retained
TTTCAGTGTGCAGT-1::pbmc3k,TTTCAGTGTGCAGT-1,pbmc3k,donor1,healthy,batch1,637,1322.0,25.0,1.8910742,False,False,False,True,0.015945330296127564,False,True,True,retained
TTTCCAGAGGTGAG-1::pbmc3k,TTTCCAGAGGTGAG-1,pbmc3k,donor1,healthy,batch1,873,2187.0,15.0,0.68587106,False,False,False,True,0.028816676885346417,False,True,True,retained
TTTCGAACACCTGA-1::pbmc3k,TTTCGAACACCTGA-1,pbmc3k,donor1,healthy,batch1,1544,4460.0,58.0,1.3004484,False,False,False,True,0.17848410757946198,False,True,True,retained
TTTCGAACTCTCAT-1::pbmc3k,TTTCGAACTCTCAT-1,pbmc3k,donor1,healthy,batch1,1155,3461.0,73.0,2.109217,False,False,False,True,0.027413587604290822,False,True,True,retained
TTTCTACTGAGGCA-1::pbmc3k,TTTCTACTGAGGCA-1,pbmc3k,donor1,healthy,batch1,1227,3447.0,32.0,0.9283435,False,False,False,True,0.05206463195691203,False,True,True,retained
TTTCTACTTCCTCG-1::pbmc3k,TTTCTACTTCCTCG-1,pbmc3k,donor1,healthy,batch1,622,1684.0,37.0,2.1971495,False,False,False,True,0.014416775884665795,False,True,True,retained
TTTGCATGAGAGGC-1::pbmc3k,TTTGCATGAGAGGC-1,pbmc3k,donor1,healthy,batch1,454,1024.0,21.0,2.0507812,False,False,False,True,0.009931245225362874,False,True,True,retained
TTTGCATGCCTCAC-1::pbmc3k,TTTGCATGCCTCAC-1,pbmc3k,donor1,healthy,batch1,724,1985.0,16.0,0.80604535,False,False,False,True,0.058823529411764705,False,True,True,retained
